customer_id,customer_name,email,phone,city,area,registration_date,age,gender
1,Nikhil Verma,nikhil.verma143@gmail.com,9890779946,Jaipur,Vaishali Nagar,2022-04-03,24,Male
2,Krishna Shetty,krishna.shetty96@gmail.com,9334760738,Kochi,MG Road,2021-03-03,32,Male
3,Vihaan Hegde,vihaan.hegde226@gmail.com,9582334538,Kolkata,Howrah,2023-05-10,55,Male
4,Aarav Arora,aarav.arora349@gmail.com,9398362082,Pune,Hadapsar,2023-05-16,27,Female
5,Bhavna Mehta,bhavna.mehta368@gmail.com,9469319644,Bengaluru,HSR Layout,2021-07-18,34,Male
6,Naveen Naidu,naveen.naidu566@gmail.com,9414797776,Hyderabad,Secunderabad,2021-06-11,41,Male
7,Sneha Sethi,sneha.sethi792@gmail.com,9410727955,Bengaluru,Koramangala,2022-04-12,23,Female
8,Pranav Kapoor,pranav.kapoor167@gmail.com,9497478786,Jaipur,Raja Park,2023-01-18,40,Female
9,Lavanya Mehra,lavanya.mehra547@gmail.com,9882893941,Bengaluru,Jayanagar,2021-12-17,33,Female
10,Praveen Kapoor,praveen.kapoor702@gmail.com,9448195935,Jaipur,Mansarovar,2022-03-26,21,Female
11,Arjun Srivastava,arjun.srivastava217@gmail.com,9709004943,Surat,Pal,2021-05-16,38,Female
12,Vijay Malhotra,vijay.malhotra143@gmail.com,9364814270,Mysuru,Jayalakshmipuram,2022-06-27,53,Male
13,Shruti Bhatia,shruti.bhatia371@gmail.com,9335493870,Coimbatore,Saibaba Colony,2023-03-29,26,Male
14,Vijay Patel,vijay.patel643@gmail.com,9271779360,Delhi,Connaught Place,2021-11-10,45,Male
15,Kabir Kapoor,kabir.kapoor542@gmail.com,9369953851,Surat,Ring Road,2023-08-17,53,Male
16,Nikhil Khanna,nikhil.khanna115@gmail.com,9415143362,Vadodara,Sama,2022-11-28,45,Female
17,Naveen Sharma,naveen.sharma520@gmail.com,9214257751,Jaipur,Mansarovar,2022-01-01,37,Male
18,Pooja Reddy,pooja.reddy941@gmail.com,9100614068,Indore,AB Road,2023-12-23,38,Female
19,Aditya Joshi,aditya.joshi60@gmail.com,9358633898,Indore,Palasia,2022-05-06,54,Male
20,Atharv Ahuja,atharv.ahuja785@gmail.com,9235034324,Nagpur,Dharampeth,2023-12-27,26,Female
21,Hemant Iyer,hemant.iyer988@gmail.com,9327416584,Jaipur,Mansarovar,2023-05-17,52,Female
22,Komal Malhotra,komal.malhotra463@gmail.com,9229927269,Indore,Bhawarkuan,2023-11-26,33,Female
23,Kabir Agarwal,kabir.agarwal603@gmail.com,9336456621,Mumbai,Dadar,2022-04-17,18,Male
24,Ishaan Das,ishaan.das73@gmail.com,9652070932,Bengaluru,Koramangala,2022-11-08,33,Male
25,Ajay Banerjee,ajay.banerjee249@gmail.com,9942478695,Vadodara,Fatehgunj,2023-08-27,48,Female
26,Sneha Mehta,sneha.mehta434@gmail.com,9541417711,Hyderabad,Secunderabad,2022-12-27,47,Male
27,Pranav Singh,pranav.singh255@gmail.com,9305718272,Surat,Pal,2021-08-12,30,Male
28,Rajesh Nair,rajesh.nair474@gmail.com,9368227631,Kochi,Edapally,2022-07-25,22,Female
29,Hemant Mehta,hemant.mehta993@gmail.com,9200140141,Delhi,Vasant Kunj,2021-01-31,33,Female
30,Akash Menon,akash.menon925@gmail.com,9162959284,Nagpur,Sitabuldi,2023-04-02,28,Female
31,Aarav Kapoor,aarav.kapoor434@gmail.com,9847959430,Jaipur,Raja Park,2022-08-08,53,Female
32,Rahul Chatterjee,rahul.chatterjee594@gmail.com,9889991777,Lucknow,Gomti Nagar,2021-04-30,52,Male
33,Preeti Singh,preeti.singh515@gmail.com,9670292350,Delhi,Rohini,2023-09-04,28,Male
34,Manoj Patel,manoj.patel692@gmail.com,9352548261,Pune,Kothrud,2021-05-20,43,Male
35,Deepa Shetty,deepa.shetty430@gmail.com,9805849060,Visakhapatnam,Dwaraka Nagar,2021-06-17,55,Male
36,Deepak Srivastava,deepak.srivastava245@gmail.com,9385201412,Jaipur,Vaishali Nagar,2022-10-06,43,Female
37,Megha Mukherjee,megha.mukherjee470@gmail.com,9766964667,Chandigarh,Sector 17,2021-01-20,54,Male
38,Dhruv Naidu,dhruv.naidu136@gmail.com,9474745382,Kolkata,Howrah,2022-06-28,22,Female
39,Puja Shukla,puja.shukla627@gmail.com,9966616964,Pune,Aundh,2022-09-12,51,Male
40,Hemant Dubey,hemant.dubey119@gmail.com,9214929002,Hyderabad,Jubilee Hills,2022-06-26,53,Female
41,Lavanya Shukla,lavanya.shukla209@gmail.com,9838194420,Visakhapatnam,MVP Colony,2022-12-04,34,Male
42,Ajay Tiwari,ajay.tiwari850@gmail.com,9397083132,Delhi,Connaught Place,2023-05-18,20,Male
43,Aishwarya Anand,aishwarya.anand760@gmail.com,9574417266,Chennai,Adyar,2021-11-27,53,Female
44,Vivaan Joshi,vivaan.joshi559@gmail.com,9138684919,Bengaluru,Malleshwaram,2021-11-02,41,Male
45,Hemant Reddy,hemant.reddy316@gmail.com,9491541578,Kochi,Edapally,2021-03-27,20,Male
46,Kavya Khanna,kavya.khanna799@gmail.com,9701170349,Ahmedabad,Navrangpura,2022-12-26,44,Male
47,Rahul Mishra,rahul.mishra26@gmail.com,9292587044,Pune,Viman Nagar,2023-04-25,39,Female
48,Deepa Pandey,deepa.pandey392@gmail.com,9141580226,Pune,Hadapsar,2021-08-10,48,Female
49,Pooja Mukherjee,pooja.mukherjee229@gmail.com,9125409494,Indore,Palasia,2022-04-12,30,Female
50,Aishwarya Pandey,aishwarya.pandey657@gmail.com,9646970178,Bengaluru,Whitefield,2022-12-21,43,Male
51,Aishwarya Verma,aishwarya.verma595@gmail.com,9385042337,Hyderabad,Hitech City,2022-01-01,20,Male
52,Vishal Garg,vishal.garg119@gmail.com,9513600440,Chandigarh,Sector 43,2023-11-14,54,Female
53,Anjali Gupta,anjali.gupta948@gmail.com,9965984448,Kochi,MG Road,2023-12-01,52,Female
54,Geeta Sen,geeta.sen639@gmail.com,9437064353,Bengaluru,Malleshwaram,2022-11-08,25,Male
55,Sanjay Dubey,sanjay.dubey714@gmail.com,9417457352,Kochi,Kakkanad,2023-04-05,53,Female
56,Sneha Bose,sneha.bose416@gmail.com,9688343096,Surat,Vesu,2022-09-09,18,Male
57,Tanvi Banerjee,tanvi.banerjee477@gmail.com,9574364121,Kochi,Tripunithura,2022-10-22,46,Female
58,Manoj Pillai,manoj.pillai291@gmail.com,9653462378,Pune,Hadapsar,2021-06-23,39,Male
59,Swati Khanna,swati.khanna151@gmail.com,9126226563,Lucknow,Gomti Nagar,2022-02-12,20,Female
60,Harish Rajan,harish.rajan908@gmail.com,9776205431,Bengaluru,HSR Layout,2023-04-29,54,Female
61,Neha Menon,neha.menon672@gmail.com,9838328947,Surat,Vesu,2021-10-30,18,Male
62,Ritesh Das,ritesh.das476@gmail.com,9153921577,Pune,Hadapsar,2023-11-27,53,Female
63,Raj Mukherjee,raj.mukherjee573@gmail.com,9739362057,Chennai,Velachery,2023-12-24,38,Female
64,Sanjay Sen,sanjay.sen762@gmail.com,9609677794,Vadodara,Akota,2021-11-22,46,Male
65,Deepa Chandra,deepa.chandra642@gmail.com,9356888294,Jaipur,Mansarovar,2023-09-20,35,Female
66,Dhruv Sethi,dhruv.sethi344@gmail.com,9443285529,Lucknow,Gomti Nagar,2022-07-11,52,Male
67,Vikram Reddy,vikram.reddy724@gmail.com,9329730155,Ahmedabad,CG Road,2021-11-09,22,Female
68,Akash Agarwal,akash.agarwal64@gmail.com,9322086735,Vadodara,Akota,2023-05-02,44,Female
69,Aditya Arora,aditya.arora7@gmail.com,9477698143,Coimbatore,Saibaba Colony,2023-09-04,37,Female
70,Shivam Naidu,shivam.naidu500@gmail.com,9335602191,Vadodara,Manjalpur,2022-03-28,35,Female
71,Ajay Verma,ajay.verma742@gmail.com,9277215428,Surat,Pal,2023-04-09,47,Female
72,Rajan Verma,rajan.verma86@gmail.com,9790147183,Surat,Ring Road,2021-02-25,45,Female
73,Praveen Rao,praveen.rao336@gmail.com,9327268503,Delhi,Karol Bagh,2023-02-16,47,Male
74,Bhavna Arora,bhavna.arora259@gmail.com,9996478772,Surat,Pal,2023-05-14,23,Female
75,Aditya Bhatia,aditya.bhatia230@gmail.com,9798086909,Vadodara,Alkapuri,2022-12-18,22,Male
76,Vihaan Mishra,vihaan.mishra245@gmail.com,9235528741,Kolkata,Park Street,2021-11-09,48,Male
77,Riya Mukherjee,riya.mukherjee621@gmail.com,9752027025,Jaipur,C-Scheme,2021-12-10,25,Female
78,Komal Mehta,komal.mehta590@gmail.com,9827296111,Coimbatore,RS Puram,2022-10-01,42,Female
79,Pooja Kumar,pooja.kumar714@gmail.com,9929445037,Coimbatore,Gandhipuram,2021-07-28,37,Male
80,Raj Kamath,raj.kamath439@gmail.com,9810303128,Delhi,Karol Bagh,2023-12-28,41,Male
81,Sanjay Bajaj,sanjay.bajaj843@gmail.com,9626350075,Chandigarh,Sector 17,2023-05-11,24,Female
82,Geeta Chandra,geeta.chandra181@gmail.com,9887906704,Mysuru,Jayalakshmipuram,2023-06-11,51,Male
83,Rajan Anand,rajan.anand846@gmail.com,9884933416,Nagpur,Sadar,2023-06-12,55,Male
84,Simran Mishra,simran.mishra250@gmail.com,9905817775,Bengaluru,Whitefield,2023-07-13,47,Male
85,Tanya Agarwal,tanya.agarwal187@gmail.com,9623502759,Mumbai,Powai,2022-10-28,31,Male
86,Shruti Agarwal,shruti.agarwal570@gmail.com,9110899674,Jaipur,Mansarovar,2022-07-20,51,Female
87,Atharv Mishra,atharv.mishra708@gmail.com,9611201082,Kochi,Thrippunithura,2022-05-08,49,Female
88,Aditya Patel,aditya.patel709@gmail.com,9361246928,Lucknow,Gomti Nagar,2023-04-09,37,Male
89,Puja Pillai,puja.pillai436@gmail.com,9900942073,Vadodara,Manjalpur,2022-12-06,53,Male
90,Sunita Mehra,sunita.mehra258@gmail.com,9347538338,Mysuru,Chamundi Hill,2022-09-20,25,Female
91,Preeti Joshi,preeti.joshi222@gmail.com,9893070706,Vadodara,Fatehgunj,2022-01-28,48,Male
92,Vinod Gowda,vinod.gowda304@gmail.com,9344258191,Lucknow,Hazratganj,2022-02-02,41,Female
93,Megha Sharma,megha.sharma47@gmail.com,9158546865,Vadodara,Fatehgunj,2022-07-16,53,Male
94,Amit Chandra,amit.chandra588@gmail.com,9405307028,Nagpur,Dharampeth,2021-01-26,48,Female
95,Sandeep Agarwal,sandeep.agarwal964@gmail.com,9612957813,Pune,Kothrud,2022-06-02,25,Male
96,Gaurav Menon,gaurav.menon156@gmail.com,9260199682,Bengaluru,Jayanagar,2021-04-20,54,Male
97,Atharv Mishra,atharv.mishra621@gmail.com,9740086326,Hyderabad,Madhapur,2023-05-03,32,Male
98,Tanya Ghosh,tanya.ghosh313@gmail.com,9710561240,Mysuru,Chamundi Hill,2023-05-29,21,Male
99,Pranav Arora,pranav.arora677@gmail.com,9187174381,Kolkata,Salt Lake,2022-06-26,28,Female
100,Priya Hegde,priya.hegde419@gmail.com,9583724666,Bengaluru,Indiranagar,2021-01-06,48,Male
101,Arjun Das,arjun.das73@gmail.com,9838073939,Lucknow,Alambagh,2023-07-19,32,Male
102,Pooja Sen,pooja.sen664@gmail.com,9259976144,Hyderabad,Madhapur,2022-04-06,35,Female
103,Dhruv Singh,dhruv.singh450@gmail.com,9233523720,Pune,Hinjewadi,2022-08-15,47,Male
104,Gaurav Pandey,gaurav.pandey449@gmail.com,9186373782,Bhopal,Kolar Road,2023-10-09,20,Female
105,Simran Gowda,simran.gowda235@gmail.com,9824022357,Jaipur,Malviya Nagar,2021-07-07,54,Male
106,Aditya Arora,aditya.arora782@gmail.com,9912037475,Jaipur,Mansarovar,2021-03-24,29,Female
107,Deepak Bajaj,deepak.bajaj600@gmail.com,9568027936,Mysuru,Chamundi Hill,2022-01-07,49,Male
108,Harish Garg,harish.garg687@gmail.com,9212313264,Kochi,Kakkanad,2022-10-20,28,Male
109,Akash Mehra,akash.mehra834@gmail.com,9916580415,Nagpur,Wardha Road,2023-04-01,53,Male
110,Naveen Patel,naveen.patel119@gmail.com,9929517022,Chandigarh,Sector 35,2022-10-25,43,Male
111,Aarav Kohli,aarav.kohli56@gmail.com,9301415220,Vadodara,Akota,2023-04-27,51,Male
112,Vijay Chandra,vijay.chandra274@gmail.com,9689720101,Mysuru,VV Mohalla,2022-02-21,26,Male
113,Sandeep Mehra,sandeep.mehra997@gmail.com,9776481264,Nagpur,Dharampeth,2021-03-01,33,Female
114,Komal Hegde,komal.hegde96@gmail.com,9341270488,Mumbai,Dadar,2023-04-16,25,Female
115,Raj Bajaj,raj.bajaj522@gmail.com,9857429971,Chennai,Velachery,2022-08-21,35,Female
116,Sachin Pillai,sachin.pillai393@gmail.com,9304666325,Ahmedabad,CG Road,2021-10-24,50,Female
117,Kabir Pandey,kabir.pandey274@gmail.com,9981058292,Kochi,Kakkanad,2023-11-06,18,Male
118,Megha Shetty,megha.shetty458@gmail.com,9678296492,Coimbatore,Saibaba Colony,2021-11-01,48,Male
119,Aishwarya Hegde,aishwarya.hegde956@gmail.com,9445505799,Vadodara,Akota,2023-07-22,30,Female
120,Neha Das,neha.das763@gmail.com,9607854378,Kochi,MG Road,2022-10-14,42,Female
121,Rahul Menon,rahul.menon989@gmail.com,9733701411,Delhi,Lajpat Nagar,2023-10-26,39,Male
122,Sandeep Mehta,sandeep.mehta740@gmail.com,9254785699,Bhopal,TT Nagar,2021-02-01,44,Female
123,Dhruv Pillai,dhruv.pillai666@gmail.com,9186237917,Jaipur,C-Scheme,2023-03-26,39,Male
124,Tanya Srivastava,tanya.srivastava633@gmail.com,9173466219,Nagpur,Itwari,2021-03-15,33,Male
125,Nisha Bhatia,nisha.bhatia779@gmail.com,9780481547,Bengaluru,HSR Layout,2021-07-21,24,Female
126,Ananya Mehra,ananya.mehra333@gmail.com,9954852540,Lucknow,Hazratganj,2021-04-05,21,Male
127,Sunita Chopra,sunita.chopra544@gmail.com,9542437192,Kochi,Edapally,2022-05-16,54,Female
128,Ananya Rao,ananya.rao635@gmail.com,9833510170,Bengaluru,Jayanagar,2023-02-23,33,Female
129,Suresh Das,suresh.das262@gmail.com,9816014770,Mysuru,Chamundi Hill,2023-07-31,18,Female
130,Tanvi Khanna,tanvi.khanna453@gmail.com,9471048258,Vadodara,Fatehgunj,2021-06-01,55,Male
131,Ritesh Mehra,ritesh.mehra204@gmail.com,9513061224,Jaipur,Raja Park,2022-09-11,48,Male
132,Swati Kapoor,swati.kapoor717@gmail.com,9417001612,Coimbatore,Peelamedu,2022-08-29,19,Female
133,Ishita Sharma,ishita.sharma853@gmail.com,9407298630,Coimbatore,RS Puram,2023-10-15,32,Male
134,Sunita Das,sunita.das695@gmail.com,9911294971,Kolkata,Howrah,2022-05-29,26,Male
135,Reyansh Dubey,reyansh.dubey750@gmail.com,9241102355,Mysuru,VV Mohalla,2023-01-18,23,Male
136,Simran Bhatia,simran.bhatia136@gmail.com,9944511703,Kochi,Edapally,2022-02-16,52,Male
137,Vinod Krishnan,vinod.krishnan936@gmail.com,9985503942,Jaipur,Vaishali Nagar,2022-06-11,48,Male
138,Bhavna Joshi,bhavna.joshi773@gmail.com,9342251928,Mysuru,VV Mohalla,2021-10-16,43,Male
139,Geeta Patel,geeta.patel550@gmail.com,9232702394,Surat,Adajan,2022-06-26,47,Male
140,Shruti Shetty,shruti.shetty692@gmail.com,9351064359,Surat,Pal,2021-08-10,48,Male
141,Simran Rajan,simran.rajan932@gmail.com,9852775879,Ahmedabad,Navrangpura,2023-08-09,37,Female
142,Nikhil Nair,nikhil.nair505@gmail.com,9224683417,Delhi,Connaught Place,2022-09-16,24,Female
143,Rajan Nair,rajan.nair687@gmail.com,9897940629,Surat,Udhna,2023-01-30,52,Female
144,Rahul Bose,rahul.bose962@gmail.com,9400368694,Hyderabad,Secunderabad,2023-04-16,20,Male
145,Riya Ghosh,riya.ghosh102@gmail.com,9836243579,Mysuru,Jayalakshmipuram,2023-01-13,41,Male
146,Sunita Singh,sunita.singh992@gmail.com,9231167999,Surat,Pal,2022-01-24,47,Male
147,Riya Bajaj,riya.bajaj806@gmail.com,9458102728,Visakhapatnam,Dwaraka Nagar,2021-04-14,33,Female
148,Kavya Kumar,kavya.kumar833@gmail.com,9350180427,Vadodara,Fatehgunj,2022-03-19,39,Female
149,Aarav Pandey,aarav.pandey818@gmail.com,9287364857,Chennai,T Nagar,2022-05-29,25,Male
150,Amit Sharma,amit.sharma17@gmail.com,9287095435,Indore,AB Road,2022-10-26,34,Male
151,Amit Bhatia,amit.bhatia764@gmail.com,9168244921,Kochi,Tripunithura,2021-08-21,48,Female
152,Geeta Krishnan,geeta.krishnan516@gmail.com,9337887233,Coimbatore,RS Puram,2023-07-15,20,Male
153,Megha Mukherjee,megha.mukherjee868@gmail.com,9531233244,Mumbai,Bandra,2023-09-08,45,Male
154,Ajay Sethi,ajay.sethi330@gmail.com,9753154389,Mysuru,VV Mohalla,2021-06-15,27,Male
155,Amit Pandey,amit.pandey391@gmail.com,9741444618,Visakhapatnam,Steel Plant,2022-10-28,51,Male
156,Naveen Krishnan,naveen.krishnan813@gmail.com,9853529912,Visakhapatnam,Rushikonda,2021-07-23,25,Male
157,Riya Sen,riya.sen348@gmail.com,9988434627,Mysuru,Jayalakshmipuram,2023-04-28,47,Female
158,Shivam Ahuja,shivam.ahuja321@gmail.com,9814154134,Hyderabad,Hitech City,2023-05-25,34,Male
159,Rahul Khanna,rahul.khanna852@gmail.com,9191659287,Nagpur,Dharampeth,2021-07-06,23,Female
160,Pranav Bhatia,pranav.bhatia601@gmail.com,9702998820,Indore,AB Road,2021-05-03,53,Male
161,Raj Bose,raj.bose992@gmail.com,9408839723,Indore,Bhawarkuan,2021-04-16,37,Male
162,Rohan Kamath,rohan.kamath673@gmail.com,9617746926,Bhopal,Arera Colony,2021-11-13,32,Male
163,Rekha Hegde,rekha.hegde588@gmail.com,9342836476,Indore,Vijay Nagar,2022-07-25,45,Male
164,Vihaan Gowda,vihaan.gowda280@gmail.com,9854517058,Jaipur,Malviya Nagar,2022-01-05,37,Male
165,Rekha Sharma,rekha.sharma72@gmail.com,9252336745,Pune,Viman Nagar,2023-04-01,19,Male
166,Vinod Banerjee,vinod.banerjee350@gmail.com,9269016920,Surat,Udhna,2023-07-19,41,Male
167,Simran Anand,simran.anand905@gmail.com,9156488296,Coimbatore,Singanallur,2021-06-23,27,Female
168,Sai Khanna,sai.khanna678@gmail.com,9555282394,Bengaluru,Whitefield,2023-06-27,49,Male
169,Sandeep Bose,sandeep.bose117@gmail.com,9470626529,Jaipur,Vaishali Nagar,2023-11-16,45,Male
170,Tanvi Khanna,tanvi.khanna684@gmail.com,9431162800,Coimbatore,Saibaba Colony,2023-12-16,20,Female
171,Mohit Gowda,mohit.gowda309@gmail.com,9326810757,Delhi,Connaught Place,2022-02-23,26,Male
172,Sonal Srivastava,sonal.srivastava765@gmail.com,9562412302,Hyderabad,Banjara Hills,2023-10-16,29,Female
173,Tanya Naidu,tanya.naidu74@gmail.com,9526351920,Ahmedabad,Maninagar,2022-12-27,20,Female
174,Aditya Mukherjee,aditya.mukherjee588@gmail.com,9534245762,Bengaluru,Whitefield,2023-05-30,44,Male
175,Nikhil Malhotra,nikhil.malhotra821@gmail.com,9763706947,Mumbai,Juhu,2021-12-18,47,Male
176,Krishna Sen,krishna.sen604@gmail.com,9529979713,Hyderabad,Jubilee Hills,2023-06-12,51,Male
177,Mohit Dubey,mohit.dubey798@gmail.com,9280531127,Chandigarh,Sector 22,2022-11-14,22,Male
178,Nikhil Subramaniam,nikhil.subramaniam360@gmail.com,9881017363,Bhopal,Arera Colony,2022-12-17,27,Female
179,Rohan Reddy,rohan.reddy617@gmail.com,9264142683,Jaipur,Vaishali Nagar,2021-12-22,22,Female
180,Vijay Mukherjee,vijay.mukherjee698@gmail.com,9706118438,Coimbatore,Singanallur,2023-07-09,38,Male
181,Rahul Ghosh,rahul.ghosh647@gmail.com,9425150964,Bengaluru,HSR Layout,2023-06-25,35,Male
182,Ishaan Garg,ishaan.garg473@gmail.com,9585238820,Bhopal,MP Nagar,2022-09-28,20,Male
183,Puja Shukla,puja.shukla630@gmail.com,9737888347,Bengaluru,Malleshwaram,2021-07-04,50,Female
184,Praveen Shetty,praveen.shetty931@gmail.com,9969533218,Vadodara,Alkapuri,2023-07-11,54,Female
185,Simran Gowda,simran.gowda981@gmail.com,9166436383,Nagpur,Itwari,2021-11-05,46,Male
186,Bhavna Sethi,bhavna.sethi41@gmail.com,9366012797,Bengaluru,Jayanagar,2021-12-20,46,Female
187,Vinod Subramaniam,vinod.subramaniam382@gmail.com,9403754671,Visakhapatnam,MVP Colony,2023-01-16,42,Female
188,Bhavna Khanna,bhavna.khanna68@gmail.com,9454002758,Visakhapatnam,Dwaraka Nagar,2022-11-17,24,Male
189,Neha Shukla,neha.shukla342@gmail.com,9187512088,Jaipur,Mansarovar,2021-11-04,55,Female
190,Rekha Dubey,rekha.dubey318@gmail.com,9700138002,Surat,Vesu,2021-06-23,42,Male
191,Amit Kohli,amit.kohli521@gmail.com,9488509962,Bhopal,MP Nagar,2023-05-18,19,Male
192,Komal Rao,komal.rao197@gmail.com,9343248743,Kolkata,Ballygunge,2023-09-23,26,Female
193,Dhruv Shukla,dhruv.shukla39@gmail.com,9810741110,Hyderabad,Madhapur,2023-12-15,39,Male
194,Amit Gowda,amit.gowda186@gmail.com,9992649957,Surat,Vesu,2021-11-29,28,Female
195,Reyansh Bose,reyansh.bose626@gmail.com,9405939035,Indore,AB Road,2023-06-29,46,Female
196,Rajan Mishra,rajan.mishra377@gmail.com,9828326405,Lucknow,Aliganj,2022-02-02,54,Female
197,Praveen Anand,praveen.anand541@gmail.com,9549533634,Lucknow,Aliganj,2023-10-27,28,Female
198,Vikram Tiwari,vikram.tiwari896@gmail.com,9498585961,Delhi,Vasant Kunj,2023-09-12,53,Male
199,Deepak Joshi,deepak.joshi280@gmail.com,9582452834,Lucknow,Hazratganj,2021-11-25,50,Female
200,Vishal Patel,vishal.patel953@gmail.com,9128636900,Ahmedabad,CG Road,2022-12-17,44,Male
201,Mohit Krishnan,mohit.krishnan84@gmail.com,9502559419,Indore,AB Road,2023-03-02,32,Male
202,Preeti Mehta,preeti.mehta40@gmail.com,9408034406,Chandigarh,Sector 22,2021-10-09,48,Female
203,Harish Ghosh,harish.ghosh20@gmail.com,9374796224,Visakhapatnam,Dwaraka Nagar,2021-06-12,31,Female
204,Hemant Ahuja,hemant.ahuja114@gmail.com,9933409017,Visakhapatnam,Steel Plant,2023-05-17,36,Female
205,Megha Joshi,megha.joshi655@gmail.com,9952442674,Delhi,Lajpat Nagar,2023-05-10,47,Male
206,Nikhil Menon,nikhil.menon648@gmail.com,9653380476,Visakhapatnam,Steel Plant,2021-02-03,54,Female
207,Suresh Shukla,suresh.shukla247@gmail.com,9712745501,Kochi,MG Road,2022-12-24,44,Female
208,Atharv Subramaniam,atharv.subramaniam558@gmail.com,9644738967,Indore,Vijay Nagar,2023-12-14,50,Male
209,Aditya Kapoor,aditya.kapoor383@gmail.com,9372354893,Nagpur,Dharampeth,2023-03-04,19,Male
210,Kabir Garg,kabir.garg137@gmail.com,9147605080,Ahmedabad,Navrangpura,2022-11-12,40,Male
211,Bhavna Bajaj,bhavna.bajaj713@gmail.com,9613818935,Pune,Hadapsar,2023-08-10,29,Female
212,Kabir Sethi,kabir.sethi207@gmail.com,9147036629,Mysuru,VV Mohalla,2022-08-24,30,Male
213,Preeti Dubey,preeti.dubey260@gmail.com,9139321248,Bhopal,TT Nagar,2023-08-28,30,Male
214,Sunita Anand,sunita.anand280@gmail.com,9233654018,Delhi,Vasant Kunj,2022-11-11,41,Female
215,Gaurav Bhatia,gaurav.bhatia998@gmail.com,9300593456,Mysuru,Hebbal,2022-11-26,49,Female
216,Puja Subramaniam,puja.subramaniam81@gmail.com,9562360908,Jaipur,Malviya Nagar,2023-05-20,29,Male
217,Sonal Srivastava,sonal.srivastava677@gmail.com,9417440983,Hyderabad,Banjara Hills,2022-11-03,37,Female
218,Ritesh Iyer,ritesh.iyer44@gmail.com,9880411013,Mysuru,Chamundi Hill,2023-07-05,40,Male
219,Vishal Pandey,vishal.pandey373@gmail.com,9650921917,Delhi,Connaught Place,2023-04-12,28,Male
220,Suresh Gowda,suresh.gowda69@gmail.com,9353398109,Mysuru,VV Mohalla,2021-09-16,41,Male
221,Neha Kamath,neha.kamath696@gmail.com,9583100677,Delhi,Rohini,2021-11-11,41,Male
222,Sandeep Arora,sandeep.arora543@gmail.com,9494009507,Bengaluru,Jayanagar,2021-10-09,43,Male
223,Ishita Mishra,ishita.mishra512@gmail.com,9655924752,Hyderabad,Banjara Hills,2022-01-17,42,Male
224,Raj Tiwari,raj.tiwari627@gmail.com,9406635834,Jaipur,Raja Park,2022-03-16,49,Female
225,Raj Nair,raj.nair921@gmail.com,9865975088,Bengaluru,HSR Layout,2021-12-20,46,Male
226,Preeti Kohli,preeti.kohli913@gmail.com,9422076028,Indore,Vijay Nagar,2022-08-18,28,Female
227,Geeta Krishnan,geeta.krishnan812@gmail.com,9249117905,Ahmedabad,Navrangpura,2022-02-16,33,Female
228,Vihaan Chopra,vihaan.chopra479@gmail.com,9962925204,Vadodara,Manjalpur,2023-01-26,53,Female
229,Krishna Kumar,krishna.kumar539@gmail.com,9541087900,Lucknow,Aliganj,2023-09-08,44,Male
230,Dhruv Nair,dhruv.nair478@gmail.com,9830261466,Chandigarh,Sector 17,2023-07-11,51,Male
231,Amit Anand,amit.anand787@gmail.com,9238548086,Vadodara,Manjalpur,2022-01-08,45,Male
232,Ishaan Joshi,ishaan.joshi169@gmail.com,9273910700,Bhopal,Arera Colony,2022-09-15,38,Female
233,Rekha Subramaniam,rekha.subramaniam202@gmail.com,9781887358,Lucknow,Hazratganj,2022-05-29,53,Male
234,Amit Chandra,amit.chandra96@gmail.com,9639633807,Lucknow,Indiranagar,2023-12-29,28,Male
235,Rahul Iyer,rahul.iyer863@gmail.com,9705180256,Visakhapatnam,Steel Plant,2022-11-23,20,Male
236,Atharv Gupta,atharv.gupta786@gmail.com,9714327645,Coimbatore,Peelamedu,2022-03-08,44,Male
237,Vihaan Menon,vihaan.menon495@gmail.com,9362935648,Vadodara,Sama,2022-09-11,43,Male
238,Naveen Kumar,naveen.kumar426@gmail.com,9619960692,Delhi,Lajpat Nagar,2023-06-20,47,Female
239,Bhavna Gowda,bhavna.gowda752@gmail.com,9470838810,Chennai,Adyar,2022-10-16,43,Female
240,Puja Krishnan,puja.krishnan248@gmail.com,9600871106,Vadodara,Alkapuri,2022-10-16,25,Male
241,Rajesh Mishra,rajesh.mishra298@gmail.com,9512477736,Chennai,Anna Nagar,2021-04-14,44,Female
242,Karan Srivastava,karan.srivastava782@gmail.com,9271092615,Coimbatore,Peelamedu,2022-01-24,49,Male
243,Praveen Menon,praveen.menon93@gmail.com,9522240582,Lucknow,Aliganj,2021-02-17,50,Female
244,Swati Banerjee,swati.banerjee52@gmail.com,9402104065,Coimbatore,Peelamedu,2021-04-10,49,Male
245,Harish Shukla,harish.shukla442@gmail.com,9243811545,Vadodara,Alkapuri,2021-08-09,34,Male
246,Gaurav Chopra,gaurav.chopra584@gmail.com,9703246271,Delhi,Dwarka,2021-04-15,30,Male
247,Hemant Shukla,hemant.shukla462@gmail.com,9920772671,Bengaluru,HSR Layout,2023-10-30,53,Male
248,Raj Nair,raj.nair814@gmail.com,9464090064,Hyderabad,Secunderabad,2023-02-04,53,Male
249,Suresh Chatterjee,suresh.chatterjee513@gmail.com,9143223380,Visakhapatnam,Steel Plant,2023-04-03,20,Male
250,Vikram Sethi,vikram.sethi468@gmail.com,9259923818,Chandigarh,Sector 43,2023-11-30,50,Female
251,Simran Rajan,simran.rajan632@gmail.com,9893838119,Chandigarh,Sector 22,2023-03-16,37,Male
252,Bhavna Krishnan,bhavna.krishnan726@gmail.com,9704435323,Bhopal,Kolar Road,2023-10-01,37,Female
253,Aditya Chopra,aditya.chopra598@gmail.com,9430366556,Chandigarh,Sector 17,2023-05-04,19,Male
254,Harish Tiwari,harish.tiwari739@gmail.com,9155142186,Coimbatore,Singanallur,2022-04-12,55,Female
255,Ananya Subramaniam,ananya.subramaniam842@gmail.com,9830924936,Visakhapatnam,Rushikonda,2021-10-30,33,Male
256,Nikhil Chatterjee,nikhil.chatterjee429@gmail.com,9262598077,Mumbai,Powai,2022-10-05,44,Female
257,Akash Krishnan,akash.krishnan723@gmail.com,9248264937,Visakhapatnam,Rushikonda,2021-05-08,51,Female
258,Simran Kohli,simran.kohli322@gmail.com,9285953213,Nagpur,Itwari,2023-02-11,47,Male
259,Bhavna Naidu,bhavna.naidu197@gmail.com,9364697908,Indore,Palasia,2023-09-19,35,Male
260,Megha Das,megha.das707@gmail.com,9856975382,Lucknow,Alambagh,2022-03-01,49,Male
261,Sachin Garg,sachin.garg125@gmail.com,9715766024,Vadodara,Sama,2022-08-13,52,Female
262,Mohit Garg,mohit.garg295@gmail.com,9866803374,Chennai,Adyar,2021-03-28,23,Male
263,Sandeep Bajaj,sandeep.bajaj207@gmail.com,9989006374,Jaipur,Raja Park,2022-03-15,52,Male
264,Lavanya Nair,lavanya.nair249@gmail.com,9154508960,Hyderabad,Madhapur,2022-05-06,51,Female
265,Nisha Singh,nisha.singh735@gmail.com,9607239833,Hyderabad,Secunderabad,2022-11-08,24,Female
266,Aarav Hegde,aarav.hegde489@gmail.com,9798510601,Pune,Aundh,2023-09-02,30,Male
267,Simran Shukla,simran.shukla548@gmail.com,9893158610,Delhi,Connaught Place,2022-04-21,20,Female
268,Shivam Rao,shivam.rao191@gmail.com,9904236062,Delhi,Dwarka,2023-10-12,36,Male
269,Vivaan Dubey,vivaan.dubey951@gmail.com,9459748735,Coimbatore,Singanallur,2021-08-08,36,Female
270,Girish Subramaniam,girish.subramaniam480@gmail.com,9392956587,Nagpur,Sitabuldi,2023-10-30,30,Male
271,Aishwarya Iyer,aishwarya.iyer15@gmail.com,9890937440,Mysuru,Chamundi Hill,2022-01-17,39,Male
272,Sneha Rao,sneha.rao528@gmail.com,9452108572,Visakhapatnam,Rushikonda,2023-05-26,23,Female
273,Pranav Rao,pranav.rao959@gmail.com,9366338529,Chennai,Velachery,2022-10-25,18,Male
274,Neha Mishra,neha.mishra310@gmail.com,9725412469,Mysuru,Chamundi Hill,2022-11-07,54,Male
275,Shruti Bajaj,shruti.bajaj684@gmail.com,9226942964,Indore,AB Road,2021-05-08,47,Male
276,Karan Malhotra,karan.malhotra655@gmail.com,9416794215,Bhopal,Habibganj,2021-08-29,41,Male
277,Meera Das,meera.das466@gmail.com,9902874167,Chennai,Velachery,2021-11-10,41,Female
278,Hemant Pillai,hemant.pillai697@gmail.com,9910395417,Vadodara,Fatehgunj,2022-05-22,23,Male
279,Rajesh Subramaniam,rajesh.subramaniam64@gmail.com,9989889367,Indore,Vijay Nagar,2021-08-18,53,Male
280,Pooja Kamath,pooja.kamath336@gmail.com,9658712474,Vadodara,Fatehgunj,2021-12-03,46,Male
281,Kavya Sethi,kavya.sethi921@gmail.com,9648011361,Coimbatore,Saibaba Colony,2021-07-06,46,Male
282,Naveen Nair,naveen.nair578@gmail.com,9161994392,Bhopal,TT Nagar,2023-07-25,53,Female
283,Komal Ahuja,komal.ahuja837@gmail.com,9103237836,Mumbai,Powai,2022-06-06,31,Male
284,Dhruv Gupta,dhruv.gupta555@gmail.com,9164698991,Kochi,Kakkanad,2021-05-11,22,Female
285,Arjun Shukla,arjun.shukla785@gmail.com,9788832222,Kochi,Edapally,2021-10-05,44,Male
286,Tanya Ghosh,tanya.ghosh700@gmail.com,9810594320,Surat,Udhna,2021-06-14,52,Female
287,Rekha Joshi,rekha.joshi542@gmail.com,9236737888,Pune,Baner,2023-03-16,32,Male
288,Aditya Dubey,aditya.dubey545@gmail.com,9507245006,Mysuru,Gokulam,2023-05-19,32,Female
289,Naveen Garg,naveen.garg960@gmail.com,9878488534,Chennai,Adyar,2022-01-22,25,Male
290,Shivam Rajan,shivam.rajan69@gmail.com,9208337018,Mumbai,Andheri,2022-02-27,20,Female
291,Sai Mishra,sai.mishra240@gmail.com,9679562681,Delhi,Dwarka,2023-06-18,31,Male
292,Vikram Krishnan,vikram.krishnan592@gmail.com,9742009209,Lucknow,Gomti Nagar,2022-10-16,38,Female
293,Megha Reddy,megha.reddy308@gmail.com,9395444277,Bhopal,Arera Colony,2023-04-27,21,Male
294,Priya Chandra,priya.chandra49@gmail.com,9469812603,Kochi,Tripunithura,2023-10-13,42,Male
295,Preeti Mehra,preeti.mehra308@gmail.com,9504221050,Kochi,Thrippunithura,2021-11-02,29,Male
296,Harish Mishra,harish.mishra826@gmail.com,9597169479,Ahmedabad,Vastrapur,2021-10-23,21,Male
297,Akash Bose,akash.bose398@gmail.com,9360767346,Vadodara,Manjalpur,2021-10-02,34,Female
298,Aishwarya Bajaj,aishwarya.bajaj95@gmail.com,9675134276,Bengaluru,HSR Layout,2023-01-30,30,Male
299,Lavanya Kapoor,lavanya.kapoor895@gmail.com,9178151583,Visakhapatnam,Steel Plant,2021-03-22,30,Male
300,Riya Pillai,riya.pillai980@gmail.com,9116464447,Kolkata,Ballygunge,2022-09-13,31,Female
301,Raj Bhatia,raj.bhatia407@gmail.com,9356979659,Nagpur,Sitabuldi,2022-02-23,53,Male
302,Tanvi Kapoor,tanvi.kapoor316@gmail.com,9380849661,Mysuru,Gokulam,2023-01-06,41,Male
303,Vijay Mukherjee,vijay.mukherjee937@gmail.com,9318106480,Hyderabad,Secunderabad,2022-10-18,41,Male
304,Akash Gupta,akash.gupta17@gmail.com,9380004069,Coimbatore,Gandhipuram,2021-10-26,53,Male
305,Shivam Shukla,shivam.shukla236@gmail.com,9507849850,Chennai,T Nagar,2022-11-07,54,Female
306,Vijay Hegde,vijay.hegde990@gmail.com,9876914430,Chandigarh,Sector 35,2023-09-28,49,Female
307,Ananya Ahuja,ananya.ahuja738@gmail.com,9686849648,Indore,AB Road,2021-10-14,49,Female
308,Girish Bajaj,girish.bajaj860@gmail.com,9179811669,Delhi,Rohini,2021-03-11,21,Male
309,Akash Nair,akash.nair10@gmail.com,9334848459,Ahmedabad,Navrangpura,2021-11-06,50,Female
310,Puja Singh,puja.singh676@gmail.com,9623829662,Visakhapatnam,Steel Plant,2023-09-17,19,Male
311,Rajan Hegde,rajan.hegde543@gmail.com,9875448533,Kochi,MG Road,2021-02-04,35,Male
312,Tanvi Verma,tanvi.verma110@gmail.com,9203416251,Bhopal,TT Nagar,2022-01-03,51,Female
313,Swati Chatterjee,swati.chatterjee835@gmail.com,9480578233,Visakhapatnam,Steel Plant,2022-06-01,35,Female
314,Atharv Chopra,atharv.chopra714@gmail.com,9342512383,Surat,Udhna,2022-05-14,37,Male
315,Arjun Patel,arjun.patel566@gmail.com,9611106584,Surat,Udhna,2023-02-12,21,Male
316,Ananya Patel,ananya.patel580@gmail.com,9202393989,Nagpur,Sadar,2022-11-10,51,Male
317,Nisha Banerjee,nisha.banerjee48@gmail.com,9179830621,Coimbatore,Saibaba Colony,2022-07-10,35,Male
318,Arjun Rao,arjun.rao602@gmail.com,9254824511,Chandigarh,Sector 17,2022-03-01,43,Male
319,Megha Iyer,megha.iyer694@gmail.com,9680424495,Coimbatore,Gandhipuram,2023-03-08,39,Female
320,Vikram Mehra,vikram.mehra55@gmail.com,9204889313,Bengaluru,Jayanagar,2022-12-10,45,Female
321,Dhruv Agarwal,dhruv.agarwal993@gmail.com,9930598266,Visakhapatnam,Steel Plant,2023-03-24,38,Male
322,Lavanya Ghosh,lavanya.ghosh567@gmail.com,9503111666,Nagpur,Sitabuldi,2022-12-30,45,Female
323,Tanya Patel,tanya.patel731@gmail.com,9178927201,Visakhapatnam,Gajuwaka,2022-05-20,23,Male
324,Rahul Kapoor,rahul.kapoor370@gmail.com,9214408183,Chennai,Velachery,2022-10-11,23,Male
325,Komal Ghosh,komal.ghosh136@gmail.com,9193734690,Indore,Palasia,2021-07-29,29,Female
326,Rajesh Hegde,rajesh.hegde106@gmail.com,9128198506,Vadodara,Manjalpur,2023-04-16,23,Male
327,Hemant Patel,hemant.patel885@gmail.com,9513646070,Visakhapatnam,Steel Plant,2022-10-27,18,Male
328,Akash Kapoor,akash.kapoor586@gmail.com,9659531734,Bengaluru,Malleshwaram,2022-05-13,28,Female
329,Ananya Nair,ananya.nair505@gmail.com,9256696327,Jaipur,C-Scheme,2022-07-04,22,Female
330,Vishal Pandey,vishal.pandey802@gmail.com,9182593686,Kochi,Kakkanad,2023-09-19,41,Male
331,Deepa Ahuja,deepa.ahuja469@gmail.com,9214860711,Nagpur,Itwari,2022-02-05,26,Male
332,Aarav Malhotra,aarav.malhotra824@gmail.com,9453842723,Chandigarh,Mohali,2023-02-18,46,Male
333,Vishal Bajaj,vishal.bajaj329@gmail.com,9747693166,Visakhapatnam,MVP Colony,2022-09-08,30,Female
334,Preeti Rao,preeti.rao753@gmail.com,9846205223,Surat,Pal,2022-08-20,49,Male
335,Deepa Srivastava,deepa.srivastava374@gmail.com,9222286118,Surat,Pal,2023-03-16,54,Female
336,Girish Rao,girish.rao966@gmail.com,9860603328,Vadodara,Alkapuri,2023-08-04,31,Female
337,Sonal Mehra,sonal.mehra143@gmail.com,9780039397,Bengaluru,HSR Layout,2023-10-20,37,Female
338,Anjali Kohli,anjali.kohli76@gmail.com,9582181718,Chennai,Velachery,2023-02-12,48,Male
339,Gaurav Naidu,gaurav.naidu810@gmail.com,9486041850,Bhopal,TT Nagar,2021-03-17,52,Male
340,Atharv Mehta,atharv.mehta663@gmail.com,9757857890,Ahmedabad,Vastrapur,2021-12-07,20,Male
341,Gaurav Arora,gaurav.arora11@gmail.com,9205877984,Chandigarh,Sector 43,2021-08-05,34,Female
342,Manoj Bhatia,manoj.bhatia457@gmail.com,9501707828,Bhopal,Kolar Road,2022-03-29,43,Female
343,Sanjay Reddy,sanjay.reddy108@gmail.com,9417217932,Indore,Vijay Nagar,2023-09-16,44,Male
344,Nikhil Ahuja,nikhil.ahuja352@gmail.com,9588909690,Chennai,Adyar,2022-10-01,31,Male
345,Sachin Garg,sachin.garg740@gmail.com,9848143863,Nagpur,Dharampeth,2023-06-17,46,Male
346,Kabir Dubey,kabir.dubey24@gmail.com,9468377143,Delhi,Vasant Kunj,2021-08-24,24,Female
347,Deepa Subramaniam,deepa.subramaniam339@gmail.com,9701133236,Pune,Baner,2021-11-24,45,Female
348,Nisha Malhotra,nisha.malhotra406@gmail.com,9131344962,Pune,Viman Nagar,2023-06-05,30,Female
349,Ritesh Kapoor,ritesh.kapoor211@gmail.com,9398870482,Mumbai,Kurla,2022-03-16,22,Male
350,Rohan Naidu,rohan.naidu202@gmail.com,9591291025,Pune,Hinjewadi,2022-10-30,25,Male
351,Ajay Subramaniam,ajay.subramaniam626@gmail.com,9521490916,Chandigarh,Mohali,2023-03-07,55,Male
352,Rekha Garg,rekha.garg834@gmail.com,9823260532,Mysuru,Gokulam,2021-12-20,37,Male
353,Atharv Khanna,atharv.khanna245@gmail.com,9427899285,Chennai,Adyar,2021-08-30,25,Female
354,Puja Mehra,puja.mehra429@gmail.com,9740407346,Chennai,Nungambakkam,2023-03-07,26,Male
355,Neha Sen,neha.sen569@gmail.com,9279170491,Pune,Aundh,2021-12-21,49,Male
356,Vikram Rao,vikram.rao887@gmail.com,9485515372,Chandigarh,Sector 43,2021-04-20,18,Female
357,Vikram Chatterjee,vikram.chatterjee669@gmail.com,9631469831,Surat,Ring Road,2023-11-02,44,Female
358,Shivam Sethi,shivam.sethi85@gmail.com,9707091264,Mysuru,Hebbal,2021-12-09,19,Female
359,Sonal Gupta,sonal.gupta173@gmail.com,9938313402,Jaipur,Vaishali Nagar,2022-08-15,47,Male
360,Vijay Hegde,vijay.hegde275@gmail.com,9932271276,Bhopal,MP Nagar,2021-08-22,52,Male
361,Girish Arora,girish.arora560@gmail.com,9334657613,Delhi,Vasant Kunj,2023-06-23,45,Male
362,Deepa Dubey,deepa.dubey357@gmail.com,9976955647,Delhi,Dwarka,2022-06-23,23,Female
363,Raj Anand,raj.anand882@gmail.com,9863166250,Ahmedabad,Satellite,2022-12-20,45,Female
364,Vikram Banerjee,vikram.banerjee546@gmail.com,9401812742,Kolkata,Park Street,2022-12-20,52,Female
365,Simran Sethi,simran.sethi976@gmail.com,9652348887,Lucknow,Alambagh,2022-07-02,24,Female
366,Akash Singh,akash.singh256@gmail.com,9257027702,Jaipur,Vaishali Nagar,2021-09-29,38,Female
367,Mohit Menon,mohit.menon643@gmail.com,9544770805,Chennai,Nungambakkam,2022-07-05,42,Female
368,Dhruv Chandra,dhruv.chandra768@gmail.com,9398742558,Bengaluru,HSR Layout,2023-11-22,41,Female
369,Ajay Srivastava,ajay.srivastava749@gmail.com,9592256138,Coimbatore,RS Puram,2021-07-10,40,Male
370,Rajan Malhotra,rajan.malhotra507@gmail.com,9388339233,Kolkata,New Town,2022-03-10,38,Male
371,Bhavna Hegde,bhavna.hegde808@gmail.com,9469087606,Coimbatore,Gandhipuram,2023-09-21,21,Male
372,Pranav Chandra,pranav.chandra952@gmail.com,9269633510,Mysuru,VV Mohalla,2021-09-12,46,Female
373,Aarav Sen,aarav.sen163@gmail.com,9394226159,Kolkata,Salt Lake,2022-09-11,23,Male
374,Anjali Patel,anjali.patel406@gmail.com,9771737478,Indore,AB Road,2021-04-17,37,Female
375,Ritesh Bajaj,ritesh.bajaj2@gmail.com,9329159242,Bengaluru,Malleshwaram,2021-07-14,48,Male
376,Amit Shetty,amit.shetty10@gmail.com,9108657116,Ahmedabad,Maninagar,2023-07-01,39,Male
377,Ritesh Mehra,ritesh.mehra235@gmail.com,9511318205,Chennai,Velachery,2021-05-26,23,Male
378,Rohan Srivastava,rohan.srivastava392@gmail.com,9930496866,Indore,Palasia,2021-10-08,26,Female
379,Kabir Subramaniam,kabir.subramaniam451@gmail.com,9477084942,Coimbatore,RS Puram,2021-12-03,31,Female
380,Akash Rajan,akash.rajan919@gmail.com,9207873599,Mysuru,Jayalakshmipuram,2021-06-27,26,Male
381,Neha Garg,neha.garg254@gmail.com,9397391755,Kochi,Kakkanad,2021-10-14,23,Female
382,Hemant Gowda,hemant.gowda798@gmail.com,9841393046,Visakhapatnam,Steel Plant,2022-08-07,19,Male
383,Kavya Subramaniam,kavya.subramaniam766@gmail.com,9520639451,Visakhapatnam,Steel Plant,2022-01-22,36,Male
384,Swati Menon,swati.menon512@gmail.com,9785135687,Surat,Adajan,2022-05-09,22,Male
385,Vivaan Chopra,vivaan.chopra882@gmail.com,9710293796,Chandigarh,Sector 22,2023-03-04,44,Male
386,Girish Khanna,girish.khanna18@gmail.com,9730676755,Pune,Aundh,2021-05-30,22,Male
387,Shruti Banerjee,shruti.banerjee519@gmail.com,9407613928,Delhi,Connaught Place,2023-03-27,50,Female
388,Ritesh Mehra,ritesh.mehra285@gmail.com,9189761677,Surat,Adajan,2021-11-09,37,Male
389,Manoj Banerjee,manoj.banerjee401@gmail.com,9729682105,Chennai,Nungambakkam,2022-11-01,22,Male
390,Vishal Ahuja,vishal.ahuja89@gmail.com,9566523205,Ahmedabad,Navrangpura,2022-05-16,25,Female
391,Ishaan Dubey,ishaan.dubey725@gmail.com,9247330045,Pune,Kothrud,2021-01-26,18,Female
392,Vijay Garg,vijay.garg171@gmail.com,9499291766,Bhopal,Kolar Road,2022-06-15,26,Male
393,Raj Anand,raj.anand279@gmail.com,9662484182,Mumbai,Juhu,2023-05-30,22,Male
394,Dhruv Menon,dhruv.menon57@gmail.com,9636452156,Mysuru,Gokulam,2023-01-08,54,Female
395,Puja Iyer,puja.iyer234@gmail.com,9895406424,Jaipur,Malviya Nagar,2021-08-25,50,Male
396,Reyansh Sharma,reyansh.sharma373@gmail.com,9511221078,Ahmedabad,Navrangpura,2023-08-25,27,Female
397,Arjun Hegde,arjun.hegde255@gmail.com,9546952114,Kochi,Edapally,2022-10-22,38,Male
398,Dhruv Kamath,dhruv.kamath690@gmail.com,9156556289,Indore,Vijay Nagar,2023-10-26,29,Female
399,Deepak Gupta,deepak.gupta887@gmail.com,9403124688,Surat,Adajan,2023-08-11,37,Male
400,Krishna Hegde,krishna.hegde206@gmail.com,9413097844,Mysuru,VV Mohalla,2023-01-26,54,Male
401,Deepa Mukherjee,deepa.mukherjee792@gmail.com,9933101205,Indore,Rajwada,2023-10-08,30,Male
402,Deepa Reddy,deepa.reddy239@gmail.com,9681479730,Mumbai,Powai,2021-02-18,40,Male
403,Aishwarya Sharma,aishwarya.sharma211@gmail.com,9668883968,Surat,Pal,2021-08-01,33,Female
404,Ajay Singh,ajay.singh45@gmail.com,9348541776,Chennai,Adyar,2021-07-10,51,Female
405,Puja Mukherjee,puja.mukherjee518@gmail.com,9243359401,Bengaluru,Jayanagar,2021-07-15,43,Male
406,Ishaan Sen,ishaan.sen268@gmail.com,9438238241,Chennai,T Nagar,2022-08-21,43,Male
407,Preeti Ghosh,preeti.ghosh967@gmail.com,9317661025,Jaipur,Vaishali Nagar,2021-06-02,26,Male
408,Rohan Reddy,rohan.reddy478@gmail.com,9437190678,Hyderabad,Jubilee Hills,2023-07-10,44,Male
409,Rajan Garg,rajan.garg475@gmail.com,9384550090,Kolkata,New Town,2022-09-24,25,Male
410,Karan Khanna,karan.khanna221@gmail.com,9997567367,Lucknow,Indiranagar,2021-03-24,38,Female
411,Krishna Sethi,krishna.sethi526@gmail.com,9152560325,Ahmedabad,Vastrapur,2023-03-23,37,Male
412,Priya Verma,priya.verma97@gmail.com,9596115163,Surat,Udhna,2022-05-27,24,Female
413,Raj Sharma,raj.sharma203@gmail.com,9984412594,Delhi,Lajpat Nagar,2021-09-25,43,Male
414,Atharv Shetty,atharv.shetty23@gmail.com,9169226321,Coimbatore,Peelamedu,2021-06-03,30,Female
415,Amit Patel,amit.patel965@gmail.com,9594989531,Chandigarh,Sector 17,2021-03-29,21,Female
416,Vishal Ahuja,vishal.ahuja392@gmail.com,9833594284,Surat,Udhna,2021-03-02,45,Female
417,Sunita Banerjee,sunita.banerjee457@gmail.com,9259591761,Pune,Hinjewadi,2022-07-28,20,Male
418,Deepa Bajaj,deepa.bajaj904@gmail.com,9691297450,Lucknow,Aliganj,2023-04-24,48,Male
419,Krishna Pandey,krishna.pandey205@gmail.com,9790042893,Surat,Vesu,2023-05-09,51,Female
420,Girish Verma,girish.verma558@gmail.com,9939059557,Surat,Pal,2023-09-10,49,Male
421,Sanjay Srivastava,sanjay.srivastava27@gmail.com,9442392183,Surat,Pal,2022-01-04,32,Male
422,Ishita Singh,ishita.singh786@gmail.com,9727053322,Nagpur,Itwari,2023-01-03,32,Female
423,Pranav Mishra,pranav.mishra836@gmail.com,9949584483,Ahmedabad,Vastrapur,2023-12-29,21,Female
424,Neha Garg,neha.garg607@gmail.com,9441454588,Pune,Viman Nagar,2022-04-30,40,Male
425,Vihaan Sethi,vihaan.sethi577@gmail.com,9302114356,Indore,Rajwada,2021-10-19,49,Male
426,Komal Rao,komal.rao58@gmail.com,9349777425,Nagpur,Dharampeth,2021-07-04,32,Male
427,Vinod Pillai,vinod.pillai826@gmail.com,9240112087,Mumbai,Juhu,2022-02-17,39,Female
428,Simran Singh,simran.singh793@gmail.com,9219100072,Mumbai,Andheri,2021-10-18,51,Male
429,Dhruv Chopra,dhruv.chopra345@gmail.com,9424017866,Surat,Ring Road,2021-07-26,38,Female
430,Karan Ahuja,karan.ahuja179@gmail.com,9859331874,Kochi,Thrippunithura,2022-10-12,53,Male
431,Sunita Das,sunita.das315@gmail.com,9888121101,Coimbatore,Gandhipuram,2023-02-14,36,Female
432,Priya Ahuja,priya.ahuja872@gmail.com,9927672827,Mumbai,Kurla,2023-03-13,54,Male
433,Divya Gowda,divya.gowda655@gmail.com,9707254955,Chandigarh,Mohali,2022-03-29,24,Female
434,Suresh Agarwal,suresh.agarwal328@gmail.com,9280267742,Bengaluru,Indiranagar,2022-12-12,23,Male
435,Rajesh Sharma,rajesh.sharma710@gmail.com,9172794091,Jaipur,Vaishali Nagar,2022-05-27,40,Male
436,Rohan Ahuja,rohan.ahuja449@gmail.com,9886606608,Mumbai,Bandra,2023-03-02,44,Female
437,Akash Menon,akash.menon104@gmail.com,9989924715,Surat,Pal,2023-02-08,48,Male
438,Meera Iyer,meera.iyer302@gmail.com,9121558591,Mysuru,VV Mohalla,2021-03-10,38,Male
439,Rohan Kumar,rohan.kumar165@gmail.com,9885963005,Chandigarh,Sector 22,2023-02-08,22,Male
440,Krishna Agarwal,krishna.agarwal722@gmail.com,9133278698,Visakhapatnam,Steel Plant,2023-09-16,45,Female
441,Vishal Iyer,vishal.iyer211@gmail.com,9303994042,Delhi,Connaught Place,2022-11-10,44,Male
442,Girish Tiwari,girish.tiwari99@gmail.com,9153295652,Lucknow,Alambagh,2022-05-02,43,Male
443,Hemant Menon,hemant.menon4@gmail.com,9559138405,Chennai,Anna Nagar,2023-01-09,23,Male
444,Sachin Chatterjee,sachin.chatterjee175@gmail.com,9785252000,Hyderabad,Banjara Hills,2022-02-28,36,Male
445,Harish Joshi,harish.joshi501@gmail.com,9809786356,Lucknow,Aliganj,2023-08-23,34,Male
446,Girish Kapoor,girish.kapoor379@gmail.com,9300341906,Pune,Hinjewadi,2023-02-21,46,Male
447,Shruti Ghosh,shruti.ghosh858@gmail.com,9388366246,Mysuru,Chamundi Hill,2022-04-09,54,Male
448,Rahul Arora,rahul.arora828@gmail.com,9681376445,Hyderabad,Banjara Hills,2022-12-06,44,Male
449,Nisha Hegde,nisha.hegde429@gmail.com,9675004218,Delhi,Dwarka,2023-12-07,48,Male
450,Swati Pillai,swati.pillai925@gmail.com,9866979905,Lucknow,Hazratganj,2023-03-20,20,Male
451,Deepak Kamath,deepak.kamath973@gmail.com,9913025234,Visakhapatnam,MVP Colony,2021-09-04,46,Female
452,Ananya Banerjee,ananya.banerjee434@gmail.com,9184147554,Kolkata,Salt Lake,2021-03-29,45,Female
453,Suresh Gowda,suresh.gowda90@gmail.com,9516718295,Jaipur,C-Scheme,2021-05-18,53,Female
454,Hemant Srivastava,hemant.srivastava940@gmail.com,9113275526,Jaipur,Mansarovar,2023-07-28,55,Male
455,Shivam Joshi,shivam.joshi581@gmail.com,9731289471,Kochi,Edapally,2021-10-31,55,Male
456,Rohan Kamath,rohan.kamath899@gmail.com,9541189818,Hyderabad,Hitech City,2022-12-06,34,Female
457,Ajay Kamath,ajay.kamath177@gmail.com,9395723682,Visakhapatnam,Rushikonda,2021-03-18,43,Female
458,Gaurav Gupta,gaurav.gupta51@gmail.com,9900742774,Surat,Pal,2022-05-02,48,Male
459,Puja Verma,puja.verma288@gmail.com,9627872109,Chandigarh,Sector 35,2022-09-29,24,Female
460,Vikram Dubey,vikram.dubey747@gmail.com,9547506309,Mysuru,Chamundi Hill,2022-07-06,23,Female
461,Sandeep Banerjee,sandeep.banerjee889@gmail.com,9501483027,Kochi,Thrippunithura,2023-11-24,21,Male
462,Karan Kumar,karan.kumar139@gmail.com,9938073130,Lucknow,Indiranagar,2023-04-07,51,Male
463,Vihaan Rao,vihaan.rao256@gmail.com,9135509761,Kolkata,Salt Lake,2021-04-29,47,Male
464,Geeta Sethi,geeta.sethi844@gmail.com,9598450776,Kolkata,Ballygunge,2023-01-25,50,Female
465,Raj Khanna,raj.khanna501@gmail.com,9737849448,Mumbai,Andheri,2023-02-02,46,Female
466,Harish Shetty,harish.shetty168@gmail.com,9999423880,Vadodara,Sama,2022-12-07,34,Male
467,Tanvi Verma,tanvi.verma875@gmail.com,9714457408,Surat,Adajan,2021-11-30,31,Female
468,Meera Khanna,meera.khanna526@gmail.com,9121531054,Kolkata,Ballygunge,2023-04-19,18,Female
469,Amit Bajaj,amit.bajaj230@gmail.com,9371002172,Pune,Baner,2021-01-18,37,Male
470,Ritesh Kapoor,ritesh.kapoor224@gmail.com,9601113183,Indore,Bhawarkuan,2022-06-01,37,Male
471,Mohit Shetty,mohit.shetty679@gmail.com,9501826151,Hyderabad,Banjara Hills,2023-11-14,53,Male
472,Tanvi Dubey,tanvi.dubey345@gmail.com,9396871629,Hyderabad,Secunderabad,2021-05-11,38,Male
473,Shruti Bajaj,shruti.bajaj530@gmail.com,9921921869,Lucknow,Gomti Nagar,2021-11-04,33,Male
474,Gaurav Kohli,gaurav.kohli672@gmail.com,9634050001,Chandigarh,Sector 22,2021-02-22,36,Male
475,Shivam Malhotra,shivam.malhotra352@gmail.com,9880126986,Surat,Adajan,2022-01-24,32,Male
476,Harish Kohli,harish.kohli866@gmail.com,9282521788,Indore,Rajwada,2022-09-07,53,Female
477,Sonal Mehta,sonal.mehta743@gmail.com,9967952618,Nagpur,Sitabuldi,2022-06-14,53,Female
478,Aishwarya Bajaj,aishwarya.bajaj229@gmail.com,9899089320,Bengaluru,Indiranagar,2022-12-29,37,Female
479,Aishwarya Chopra,aishwarya.chopra475@gmail.com,9226466892,Jaipur,Mansarovar,2022-08-26,48,Male
480,Dhruv Pillai,dhruv.pillai889@gmail.com,9830893658,Kolkata,Howrah,2021-09-03,42,Male
481,Megha Bose,megha.bose206@gmail.com,9467938988,Delhi,Lajpat Nagar,2021-10-09,44,Male
482,Naveen Reddy,naveen.reddy500@gmail.com,9457158145,Chandigarh,Sector 22,2021-06-15,29,Male
483,Ishaan Sharma,ishaan.sharma780@gmail.com,9930584689,Mysuru,Chamundi Hill,2022-03-05,28,Male
484,Karan Menon,karan.menon649@gmail.com,9561075177,Bengaluru,Indiranagar,2023-06-08,43,Female
485,Sachin Kapoor,sachin.kapoor205@gmail.com,9884539206,Mumbai,Bandra,2023-12-30,41,Male
486,Simran Arora,simran.arora693@gmail.com,9104427929,Bhopal,Arera Colony,2021-02-06,33,Female
487,Rekha Dubey,rekha.dubey516@gmail.com,9732080338,Chennai,Anna Nagar,2023-02-25,37,Female
488,Kabir Gupta,kabir.gupta746@gmail.com,9658655427,Lucknow,Alambagh,2023-07-23,51,Male
489,Vishal Khanna,vishal.khanna368@gmail.com,9905430477,Chennai,Adyar,2023-10-01,30,Female
490,Gaurav Verma,gaurav.verma217@gmail.com,9888208775,Ahmedabad,Satellite,2021-09-26,19,Male
491,Sanjay Iyer,sanjay.iyer385@gmail.com,9787539531,Hyderabad,Hitech City,2021-03-18,34,Male
492,Sai Gowda,sai.gowda670@gmail.com,9997777024,Delhi,Vasant Kunj,2021-08-10,19,Male
493,Nikhil Bose,nikhil.bose561@gmail.com,9371375678,Mysuru,Hebbal,2021-09-11,48,Female
494,Kavya Mehra,kavya.mehra678@gmail.com,9208426285,Mumbai,Juhu,2023-05-12,51,Male
495,Vikram Bose,vikram.bose290@gmail.com,9222420042,Hyderabad,Madhapur,2021-08-30,24,Female
496,Pooja Gowda,pooja.gowda997@gmail.com,9316544937,Kolkata,Ballygunge,2023-12-08,40,Female
497,Sonal Iyer,sonal.iyer933@gmail.com,9323009714,Delhi,Rohini,2023-10-14,48,Male
498,Swati Sharma,swati.sharma929@gmail.com,9218574293,Mumbai,Kurla,2021-07-02,54,Female
499,Rahul Patel,rahul.patel927@gmail.com,9374762050,Bhopal,MP Nagar,2021-07-27,32,Female
500,Sonal Tiwari,sonal.tiwari833@gmail.com,9287584639,Mysuru,VV Mohalla,2021-07-24,20,Male
501,Geeta Khanna,geeta.khanna98@gmail.com,9914115345,Chandigarh,Sector 43,2021-08-26,20,Male
502,Vikram Kohli,vikram.kohli916@gmail.com,9569992383,Pune,Hinjewadi,2023-01-03,35,Male
503,Puja Agarwal,puja.agarwal410@gmail.com,9590204687,Pune,Kothrud,2023-04-01,35,Female
504,Sachin Bose,sachin.bose713@gmail.com,9879977998,Pune,Kothrud,2021-09-29,21,Female
505,Rohan Bose,rohan.bose186@gmail.com,9756403241,Coimbatore,Saibaba Colony,2023-06-17,42,Male
506,Vihaan Khanna,vihaan.khanna116@gmail.com,9541613113,Chennai,Velachery,2023-09-27,46,Male
507,Kabir Tiwari,kabir.tiwari786@gmail.com,9898459991,Chandigarh,Sector 17,2023-12-11,54,Male
508,Meera Kohli,meera.kohli705@gmail.com,9852242243,Chandigarh,Mohali,2023-12-08,24,Female
509,Deepa Pillai,deepa.pillai860@gmail.com,9987380851,Indore,Bhawarkuan,2021-11-01,53,Male
510,Sai Sharma,sai.sharma873@gmail.com,9632398698,Pune,Baner,2023-08-20,28,Male
511,Ajay Srivastava,ajay.srivastava52@gmail.com,9644311226,Ahmedabad,Vastrapur,2022-07-24,32,Male
512,Tanya Malhotra,tanya.malhotra455@gmail.com,9960347752,Ahmedabad,Navrangpura,2023-07-30,54,Female
513,Krishna Menon,krishna.menon510@gmail.com,9900194244,Mysuru,Chamundi Hill,2021-09-01,19,Male
514,Gaurav Bose,gaurav.bose846@gmail.com,9197598351,Delhi,Rohini,2021-01-01,37,Male
515,Kavya Bajaj,kavya.bajaj846@gmail.com,9158277565,Mysuru,Chamundi Hill,2023-01-15,32,Female
516,Aishwarya Hegde,aishwarya.hegde734@gmail.com,9805627914,Visakhapatnam,Steel Plant,2023-08-27,41,Female
517,Nikhil Mehta,nikhil.mehta364@gmail.com,9991081037,Ahmedabad,Navrangpura,2022-12-01,36,Male
518,Deepak Chopra,deepak.chopra505@gmail.com,9250806165,Hyderabad,Banjara Hills,2021-12-03,44,Male
519,Anjali Rajan,anjali.rajan953@gmail.com,9521869399,Kolkata,Salt Lake,2021-09-05,31,Female
520,Sneha Sethi,sneha.sethi48@gmail.com,9779936769,Chandigarh,Sector 17,2023-04-29,55,Male
521,Rajesh Mukherjee,rajesh.mukherjee987@gmail.com,9635613177,Coimbatore,Singanallur,2021-10-03,18,Male
522,Sai Hegde,sai.hegde947@gmail.com,9645818292,Kochi,Tripunithura,2023-09-17,29,Male
523,Priya Ahuja,priya.ahuja674@gmail.com,9744831376,Chennai,Anna Nagar,2023-03-05,38,Male
524,Neha Bose,neha.bose408@gmail.com,9468141835,Visakhapatnam,MVP Colony,2022-07-15,36,Female
525,Vikram Nair,vikram.nair307@gmail.com,9853223780,Kochi,Tripunithura,2023-11-16,53,Male
526,Hemant Chandra,hemant.chandra640@gmail.com,9867064555,Kolkata,Salt Lake,2022-03-06,36,Male
527,Amit Sethi,amit.sethi728@gmail.com,9223915446,Pune,Baner,2022-10-23,40,Male
528,Sachin Shetty,sachin.shetty293@gmail.com,9553533911,Coimbatore,Saibaba Colony,2023-12-30,18,Male
529,Rohan Verma,rohan.verma687@gmail.com,9160778918,Surat,Vesu,2021-04-19,30,Male
530,Karan Shukla,karan.shukla708@gmail.com,9942197348,Jaipur,Vaishali Nagar,2021-05-08,36,Female
531,Girish Gupta,girish.gupta631@gmail.com,9825340529,Indore,Bhawarkuan,2021-07-29,53,Female
532,Neha Mishra,neha.mishra949@gmail.com,9509721231,Bhopal,Habibganj,2021-04-07,42,Female
533,Preeti Hegde,preeti.hegde208@gmail.com,9766323040,Delhi,Connaught Place,2022-05-30,46,Female
534,Puja Arora,puja.arora795@gmail.com,9878371032,Coimbatore,Singanallur,2022-02-07,30,Male
535,Rajesh Rao,rajesh.rao753@gmail.com,9651738859,Bengaluru,Indiranagar,2021-12-22,25,Female
536,Reyansh Sen,reyansh.sen134@gmail.com,9272796036,Jaipur,Mansarovar,2022-06-26,55,Male
537,Aarav Agarwal,aarav.agarwal158@gmail.com,9446421355,Mysuru,Jayalakshmipuram,2021-03-23,21,Male
538,Megha Menon,megha.menon75@gmail.com,9941847352,Coimbatore,Singanallur,2023-01-04,38,Male
539,Meera Rao,meera.rao164@gmail.com,9546602768,Bhopal,MP Nagar,2023-11-01,52,Male
540,Gaurav Patel,gaurav.patel680@gmail.com,9456357211,Indore,AB Road,2022-03-13,39,Male
541,Sonal Banerjee,sonal.banerjee575@gmail.com,9984428681,Visakhapatnam,Steel Plant,2023-08-31,18,Male
542,Rekha Ghosh,rekha.ghosh982@gmail.com,9142817871,Ahmedabad,Maninagar,2022-05-15,38,Female
543,Nikhil Kapoor,nikhil.kapoor26@gmail.com,9654982592,Jaipur,Mansarovar,2022-08-03,41,Male
544,Manoj Ghosh,manoj.ghosh920@gmail.com,9799573076,Nagpur,Dharampeth,2022-08-31,30,Male
545,Manoj Patel,manoj.patel8@gmail.com,9773164268,Hyderabad,Jubilee Hills,2023-12-29,22,Female
546,Riya Khanna,riya.khanna551@gmail.com,9989862107,Kochi,MG Road,2022-02-26,45,Male
547,Rahul Verma,rahul.verma90@gmail.com,9178649475,Mysuru,Chamundi Hill,2021-03-19,21,Female
548,Anjali Hegde,anjali.hegde933@gmail.com,9377721135,Bengaluru,Jayanagar,2022-04-12,44,Female
549,Rajesh Chandra,rajesh.chandra18@gmail.com,9518224445,Surat,Udhna,2022-10-10,25,Male
550,Aarav Bajaj,aarav.bajaj718@gmail.com,9177942327,Visakhapatnam,Dwaraka Nagar,2021-04-04,40,Male
551,Rohan Shukla,rohan.shukla289@gmail.com,9921706952,Lucknow,Indiranagar,2021-06-27,46,Female
552,Mohit Kohli,mohit.kohli547@gmail.com,9336079027,Mumbai,Powai,2021-11-17,26,Female
553,Girish Shukla,girish.shukla981@gmail.com,9111972445,Chennai,Adyar,2023-02-04,53,Male
554,Suresh Joshi,suresh.joshi551@gmail.com,9687900972,Delhi,Connaught Place,2023-03-19,23,Male
555,Kavya Bhatia,kavya.bhatia928@gmail.com,9793563667,Indore,AB Road,2023-04-26,50,Female
556,Karan Rao,karan.rao199@gmail.com,9223075021,Ahmedabad,Maninagar,2022-06-02,29,Male
557,Sai Arora,sai.arora298@gmail.com,9821216549,Vadodara,Akota,2021-05-30,22,Male
558,Pranav Chatterjee,pranav.chatterjee366@gmail.com,9237669962,Coimbatore,Saibaba Colony,2022-11-09,33,Male
559,Tanvi Rajan,tanvi.rajan498@gmail.com,9583877436,Bengaluru,Indiranagar,2022-10-13,39,Male
560,Komal Mehra,komal.mehra828@gmail.com,9439660140,Coimbatore,Gandhipuram,2023-01-17,45,Female
561,Aarav Srivastava,aarav.srivastava284@gmail.com,9485995156,Ahmedabad,Satellite,2023-06-13,26,Male
562,Sachin Mukherjee,sachin.mukherjee499@gmail.com,9692353117,Mysuru,Chamundi Hill,2022-09-18,24,Female
563,Atharv Pandey,atharv.pandey270@gmail.com,9887637532,Chennai,Nungambakkam,2022-02-07,22,Male
564,Aditya Krishnan,aditya.krishnan788@gmail.com,9733546669,Mumbai,Borivali,2023-04-10,31,Male
565,Hemant Tiwari,hemant.tiwari670@gmail.com,9932361696,Vadodara,Manjalpur,2023-08-25,27,Male
566,Mohit Das,mohit.das476@gmail.com,9638076911,Coimbatore,Peelamedu,2021-10-02,50,Male
567,Mohit Chopra,mohit.chopra869@gmail.com,9966015789,Bhopal,MP Nagar,2022-05-05,28,Male
568,Vikram Ghosh,vikram.ghosh754@gmail.com,9885983817,Pune,Viman Nagar,2021-10-27,48,Male
569,Reyansh Das,reyansh.das271@gmail.com,9496678008,Nagpur,Sitabuldi,2021-05-09,32,Male
570,Kavya Subramaniam,kavya.subramaniam940@gmail.com,9588169687,Indore,Bhawarkuan,2023-08-20,20,Male
571,Simran Mehta,simran.mehta593@gmail.com,9684491424,Bhopal,Habibganj,2022-06-24,54,Female
572,Tanya Bajaj,tanya.bajaj530@gmail.com,9370138852,Surat,Pal,2021-06-09,42,Female
573,Deepak Malhotra,deepak.malhotra812@gmail.com,9617661767,Indore,Palasia,2023-09-25,18,Male
574,Vikram Ghosh,vikram.ghosh527@gmail.com,9790928175,Pune,Viman Nagar,2021-06-07,35,Female
575,Rahul Rao,rahul.rao677@gmail.com,9347332488,Pune,Hinjewadi,2021-08-31,44,Male
576,Nikhil Pillai,nikhil.pillai605@gmail.com,9273136853,Nagpur,Sadar,2022-03-08,44,Male
577,Deepa Gupta,deepa.gupta138@gmail.com,9775963880,Chennai,Nungambakkam,2021-11-26,50,Male
578,Suresh Singh,suresh.singh530@gmail.com,9535355406,Pune,Hinjewadi,2022-01-04,54,Male
579,Tanvi Patel,tanvi.patel889@gmail.com,9617187507,Kolkata,New Town,2023-08-24,28,Female
580,Akash Gowda,akash.gowda639@gmail.com,9808292450,Chennai,Nungambakkam,2022-01-08,50,Male
581,Ananya Ahuja,ananya.ahuja236@gmail.com,9506101350,Chandigarh,Sector 43,2021-05-21,42,Female
582,Rohan Verma,rohan.verma701@gmail.com,9550751463,Kolkata,Howrah,2023-10-30,27,Male
583,Pranav Rao,pranav.rao899@gmail.com,9941672107,Nagpur,Itwari,2021-03-21,52,Male
584,Raj Patel,raj.patel919@gmail.com,9932010779,Nagpur,Sitabuldi,2021-01-03,45,Male
585,Shivam Chopra,shivam.chopra440@gmail.com,9346408985,Delhi,Vasant Kunj,2023-12-22,48,Female
586,Rekha Shetty,rekha.shetty138@gmail.com,9373286650,Coimbatore,RS Puram,2023-05-22,48,Female
587,Atharv Shukla,atharv.shukla264@gmail.com,9302959775,Visakhapatnam,Steel Plant,2023-04-17,18,Male
588,Deepak Joshi,deepak.joshi671@gmail.com,9320566645,Bhopal,MP Nagar,2023-02-08,38,Female
589,Geeta Mehta,geeta.mehta268@gmail.com,9675638242,Chennai,Velachery,2022-06-04,45,Male
590,Geeta Rajan,geeta.rajan424@gmail.com,9692818173,Jaipur,Raja Park,2022-02-22,53,Female
591,Priya Chopra,priya.chopra260@gmail.com,9429266242,Vadodara,Manjalpur,2023-09-18,54,Male
592,Mohit Bhatia,mohit.bhatia458@gmail.com,9940857164,Chennai,Anna Nagar,2022-04-16,28,Male
593,Riya Krishnan,riya.krishnan165@gmail.com,9517796891,Surat,Pal,2021-04-17,18,Male
594,Suresh Pillai,suresh.pillai66@gmail.com,9382492880,Visakhapatnam,Rushikonda,2021-06-30,32,Male
595,Atharv Gowda,atharv.gowda954@gmail.com,9530189140,Delhi,Vasant Kunj,2023-02-27,51,Male
596,Ishaan Anand,ishaan.anand450@gmail.com,9111500207,Pune,Hadapsar,2023-10-10,30,Male
597,Tanvi Chatterjee,tanvi.chatterjee529@gmail.com,9849954690,Delhi,Rohini,2023-11-12,32,Male
598,Ananya Khanna,ananya.khanna671@gmail.com,9100308454,Delhi,Karol Bagh,2022-05-05,28,Male
599,Ishita Anand,ishita.anand416@gmail.com,9729298787,Surat,Pal,2023-03-21,30,Male
600,Vivaan Bhatia,vivaan.bhatia744@gmail.com,9990953173,Bengaluru,Koramangala,2022-08-06,53,Male
601,Rekha Garg,rekha.garg466@gmail.com,9533744956,Jaipur,Vaishali Nagar,2022-02-03,54,Male
602,Shruti Rao,shruti.rao573@gmail.com,9177723844,Kochi,Tripunithura,2021-08-07,50,Male
603,Bhavna Joshi,bhavna.joshi711@gmail.com,9575419205,Bhopal,Habibganj,2022-05-28,42,Male
604,Sachin Anand,sachin.anand698@gmail.com,9594694805,Ahmedabad,Vastrapur,2023-07-29,55,Male
605,Sachin Joshi,sachin.joshi649@gmail.com,9946812945,Jaipur,Malviya Nagar,2023-02-23,32,Female
606,Preeti Bose,preeti.bose718@gmail.com,9993543297,Indore,Rajwada,2021-01-20,34,Female
607,Tanvi Patel,tanvi.patel568@gmail.com,9291647610,Surat,Pal,2021-06-05,48,Male
608,Sunita Banerjee,sunita.banerjee970@gmail.com,9901179178,Coimbatore,Peelamedu,2022-01-10,30,Female
609,Pooja Mishra,pooja.mishra235@gmail.com,9317718930,Ahmedabad,Vastrapur,2022-02-28,33,Male
610,Sunita Reddy,sunita.reddy693@gmail.com,9812346179,Hyderabad,Banjara Hills,2021-06-10,49,Male
611,Aarav Arora,aarav.arora381@gmail.com,9766436631,Vadodara,Alkapuri,2023-09-15,38,Female
612,Ishita Menon,ishita.menon408@gmail.com,9338470307,Pune,Baner,2022-07-28,54,Female
613,Sai Subramaniam,sai.subramaniam515@gmail.com,9472898686,Kochi,Thrippunithura,2021-03-08,43,Female
614,Naveen Joshi,naveen.joshi706@gmail.com,9109039413,Bhopal,TT Nagar,2022-10-09,18,Female
615,Tanya Shetty,tanya.shetty628@gmail.com,9378851582,Hyderabad,Hitech City,2023-01-11,29,Male
616,Shruti Mishra,shruti.mishra375@gmail.com,9297475805,Jaipur,Raja Park,2022-12-04,49,Female
617,Kavya Bose,kavya.bose287@gmail.com,9583966573,Indore,Palasia,2023-04-01,29,Male
618,Amit Kamath,amit.kamath824@gmail.com,9353193872,Ahmedabad,Navrangpura,2022-07-07,53,Female
619,Tanya Chatterjee,tanya.chatterjee826@gmail.com,9110460711,Chennai,T Nagar,2023-08-27,29,Female
620,Vijay Nair,vijay.nair805@gmail.com,9622504463,Bhopal,Kolar Road,2022-10-09,37,Male
621,Sai Malhotra,sai.malhotra221@gmail.com,9973830502,Hyderabad,Jubilee Hills,2021-05-03,34,Female
622,Pranav Ghosh,pranav.ghosh369@gmail.com,9701671267,Chandigarh,Sector 35,2023-01-10,53,Male
623,Rekha Verma,rekha.verma889@gmail.com,9829699746,Kochi,MG Road,2022-12-21,30,Male
624,Rajan Rao,rajan.rao690@gmail.com,9648085639,Lucknow,Alambagh,2022-10-28,49,Female
625,Atharv Kapoor,atharv.kapoor647@gmail.com,9255529715,Visakhapatnam,Gajuwaka,2023-08-08,28,Male
626,Shivam Chandra,shivam.chandra870@gmail.com,9176605123,Visakhapatnam,Steel Plant,2023-04-09,23,Female
627,Bhavna Das,bhavna.das728@gmail.com,9387196293,Chandigarh,Sector 35,2022-08-20,43,Male
628,Sandeep Anand,sandeep.anand989@gmail.com,9583493761,Indore,Rajwada,2023-12-03,44,Female
629,Divya Verma,divya.verma964@gmail.com,9898730065,Chennai,T Nagar,2022-05-31,23,Female
630,Ananya Malhotra,ananya.malhotra960@gmail.com,9608079376,Hyderabad,Banjara Hills,2021-05-11,53,Male
631,Vihaan Anand,vihaan.anand107@gmail.com,9381805975,Surat,Ring Road,2021-06-20,27,Male
632,Neha Dubey,neha.dubey454@gmail.com,9772678518,Ahmedabad,Satellite,2022-08-05,26,Female
633,Vinod Iyer,vinod.iyer882@gmail.com,9449182252,Mumbai,Bandra,2023-01-01,48,Female
634,Girish Pandey,girish.pandey993@gmail.com,9849066860,Vadodara,Akota,2021-10-04,52,Female
635,Naveen Chandra,naveen.chandra656@gmail.com,9786688228,Coimbatore,Saibaba Colony,2023-12-09,52,Male
636,Rekha Pillai,rekha.pillai453@gmail.com,9430570947,Vadodara,Fatehgunj,2021-07-03,41,Female
637,Shruti Reddy,shruti.reddy536@gmail.com,9975507381,Lucknow,Hazratganj,2021-01-01,26,Male
638,Tanvi Pillai,tanvi.pillai970@gmail.com,9911182636,Vadodara,Alkapuri,2023-10-05,48,Male
639,Vivaan Anand,vivaan.anand816@gmail.com,9107750253,Kochi,Kakkanad,2022-04-19,53,Male
640,Sneha Bose,sneha.bose256@gmail.com,9275309282,Vadodara,Akota,2023-03-20,42,Female
641,Meera Tiwari,meera.tiwari530@gmail.com,9920916739,Bengaluru,HSR Layout,2022-05-06,35,Male
642,Rajan Pandey,rajan.pandey187@gmail.com,9246698943,Kochi,Edapally,2021-05-21,36,Male
643,Naveen Rajan,naveen.rajan193@gmail.com,9444288576,Mysuru,Chamundi Hill,2023-10-05,19,Female
644,Sai Naidu,sai.naidu289@gmail.com,9389046078,Mumbai,Andheri,2021-07-29,26,Female
645,Vivaan Das,vivaan.das506@gmail.com,9333203933,Bengaluru,Indiranagar,2021-01-31,39,Female
646,Komal Menon,komal.menon339@gmail.com,9186138889,Indore,Bhawarkuan,2021-03-06,27,Male
647,Lavanya Anand,lavanya.anand186@gmail.com,9306364903,Surat,Adajan,2023-08-21,34,Female
648,Vivaan Joshi,vivaan.joshi254@gmail.com,9892012381,Ahmedabad,CG Road,2023-06-27,20,Female
649,Naveen Bhatia,naveen.bhatia485@gmail.com,9517817593,Hyderabad,Madhapur,2022-03-03,37,Male
650,Karan Chandra,karan.chandra126@gmail.com,9371992483,Delhi,Vasant Kunj,2023-12-03,48,Male
651,Pooja Chopra,pooja.chopra997@gmail.com,9221256011,Delhi,Vasant Kunj,2022-03-23,33,Female
652,Simran Sharma,simran.sharma406@gmail.com,9947336680,Pune,Hinjewadi,2021-09-03,33,Male
653,Reyansh Shetty,reyansh.shetty381@gmail.com,9927636977,Nagpur,Itwari,2021-11-14,23,Female
654,Karan Menon,karan.menon954@gmail.com,9915571513,Bengaluru,Malleshwaram,2022-11-25,21,Male
655,Sunita Bajaj,sunita.bajaj129@gmail.com,9623817304,Chennai,Nungambakkam,2021-08-08,32,Male
656,Rekha Ghosh,rekha.ghosh367@gmail.com,9877817678,Kolkata,Park Street,2023-02-13,26,Male
657,Reyansh Menon,reyansh.menon556@gmail.com,9848438614,Mysuru,Gokulam,2022-08-27,49,Female
658,Divya Naidu,divya.naidu282@gmail.com,9992654825,Indore,Palasia,2023-08-18,53,Female
659,Kabir Subramaniam,kabir.subramaniam840@gmail.com,9382769127,Chennai,Velachery,2022-08-29,52,Male
660,Naveen Sharma,naveen.sharma905@gmail.com,9120100290,Bhopal,TT Nagar,2022-01-15,41,Male
661,Swati Srivastava,swati.srivastava195@gmail.com,9662715631,Bengaluru,Malleshwaram,2023-03-05,49,Male
662,Rahul Rajan,rahul.rajan657@gmail.com,9445770698,Lucknow,Alambagh,2023-04-20,25,Male
663,Deepak Kohli,deepak.kohli183@gmail.com,9133579936,Bengaluru,Koramangala,2021-09-23,30,Male
664,Ajay Chatterjee,ajay.chatterjee674@gmail.com,9626036464,Hyderabad,Banjara Hills,2023-03-07,51,Male
665,Anjali Singh,anjali.singh14@gmail.com,9324130818,Indore,AB Road,2021-05-26,49,Male
666,Praveen Chandra,praveen.chandra842@gmail.com,9496284441,Delhi,Karol Bagh,2023-05-02,21,Male
667,Lavanya Subramaniam,lavanya.subramaniam855@gmail.com,9426315031,Delhi,Vasant Kunj,2021-05-25,22,Female
668,Deepak Mehta,deepak.mehta395@gmail.com,9303431575,Hyderabad,Jubilee Hills,2023-12-25,30,Male
669,Deepa Kamath,deepa.kamath765@gmail.com,9213294985,Pune,Baner,2023-05-01,54,Male
670,Naveen Mehra,naveen.mehra812@gmail.com,9293699305,Kochi,MG Road,2021-12-08,53,Female
671,Sanjay Agarwal,sanjay.agarwal956@gmail.com,9478305093,Pune,Baner,2023-06-27,38,Male
672,Simran Chopra,simran.chopra624@gmail.com,9358473878,Kochi,Thrippunithura,2022-10-25,54,Male
673,Riya Kapoor,riya.kapoor985@gmail.com,9585764529,Vadodara,Sama,2023-01-08,46,Female
674,Aarav Ahuja,aarav.ahuja531@gmail.com,9245047170,Delhi,Karol Bagh,2021-02-03,37,Male
675,Megha Das,megha.das791@gmail.com,9982551268,Kolkata,Ballygunge,2021-02-14,35,Male
676,Manoj Hegde,manoj.hegde97@gmail.com,9140519046,Coimbatore,Singanallur,2021-11-13,47,Male
677,Rahul Nair,rahul.nair239@gmail.com,9375139723,Jaipur,C-Scheme,2022-05-27,37,Male
678,Gaurav Kamath,gaurav.kamath812@gmail.com,9618116050,Kolkata,Park Street,2022-10-27,29,Female
679,Pranav Gowda,pranav.gowda81@gmail.com,9937649523,Lucknow,Hazratganj,2023-02-21,21,Male
680,Rekha Sen,rekha.sen766@gmail.com,9800916306,Kochi,MG Road,2022-04-10,18,Female
681,Sai Dubey,sai.dubey553@gmail.com,9706570606,Bhopal,MP Nagar,2022-10-16,27,Male
682,Sanjay Mehra,sanjay.mehra690@gmail.com,9885526510,Ahmedabad,Satellite,2021-04-14,43,Female
683,Sanjay Patel,sanjay.patel806@gmail.com,9523400459,Ahmedabad,CG Road,2022-08-17,27,Female
684,Bhavna Patel,bhavna.patel562@gmail.com,9528628393,Nagpur,Itwari,2021-04-11,34,Male
685,Gaurav Krishnan,gaurav.krishnan493@gmail.com,9700539700,Kochi,Edapally,2021-10-04,30,Female
686,Mohit Bajaj,mohit.bajaj253@gmail.com,9360183853,Coimbatore,Gandhipuram,2023-12-10,22,Male
687,Vishal Srivastava,vishal.srivastava688@gmail.com,9544080348,Coimbatore,RS Puram,2021-08-19,45,Male
688,Rekha Chatterjee,rekha.chatterjee789@gmail.com,9427296749,Chandigarh,Sector 35,2021-02-19,28,Male
689,Sandeep Rajan,sandeep.rajan947@gmail.com,9978505410,Chennai,Velachery,2021-04-02,32,Female
690,Puja Reddy,puja.reddy249@gmail.com,9766796289,Bengaluru,Koramangala,2021-04-22,27,Male
691,Vivaan Agarwal,vivaan.agarwal483@gmail.com,9124425601,Hyderabad,Hitech City,2023-07-11,39,Female
692,Rajan Banerjee,rajan.banerjee769@gmail.com,9377731914,Kolkata,Howrah,2023-12-08,53,Female
693,Suresh Mehra,suresh.mehra45@gmail.com,9374294163,Mumbai,Powai,2023-12-15,28,Male
694,Tanvi Chatterjee,tanvi.chatterjee477@gmail.com,9803040905,Visakhapatnam,Gajuwaka,2021-04-19,18,Male
695,Neha Kohli,neha.kohli20@gmail.com,9414064734,Jaipur,C-Scheme,2021-08-09,42,Female
696,Tanya Krishnan,tanya.krishnan888@gmail.com,9741138124,Hyderabad,Hitech City,2023-09-20,52,Male
697,Divya Chatterjee,divya.chatterjee41@gmail.com,9365635280,Bhopal,TT Nagar,2021-02-14,51,Male
698,Aishwarya Menon,aishwarya.menon356@gmail.com,9834773724,Surat,Vesu,2021-02-07,40,Male
699,Megha Mishra,megha.mishra641@gmail.com,9376681108,Bhopal,Habibganj,2021-05-07,42,Male
700,Ishita Das,ishita.das673@gmail.com,9247382533,Chennai,Adyar,2023-03-16,23,Female
701,Deepak Khanna,deepak.khanna247@gmail.com,9715145139,Visakhapatnam,MVP Colony,2023-05-05,27,Female
702,Komal Gowda,komal.gowda212@gmail.com,9800587168,Chandigarh,Sector 43,2021-09-27,26,Male
703,Girish Khanna,girish.khanna706@gmail.com,9857134424,Kolkata,Salt Lake,2022-09-25,51,Female
704,Vishal Anand,vishal.anand326@gmail.com,9172814771,Chennai,Nungambakkam,2021-11-20,53,Male
705,Raj Rao,raj.rao784@gmail.com,9442188032,Chandigarh,Sector 22,2021-03-02,44,Female
706,Megha Ghosh,megha.ghosh110@gmail.com,9241246317,Jaipur,Vaishali Nagar,2022-01-20,29,Male
707,Lavanya Gowda,lavanya.gowda611@gmail.com,9349304100,Coimbatore,Singanallur,2022-04-18,32,Male
708,Sunita Patel,sunita.patel867@gmail.com,9749304307,Nagpur,Sitabuldi,2023-10-26,48,Male
709,Divya Kapoor,divya.kapoor168@gmail.com,9307511166,Nagpur,Sadar,2021-10-09,32,Male
710,Akash Arora,akash.arora228@gmail.com,9897110135,Mumbai,Juhu,2023-04-26,30,Female
711,Kabir Rao,kabir.rao705@gmail.com,9448854016,Mysuru,Gokulam,2023-10-01,47,Female
712,Ritesh Malhotra,ritesh.malhotra738@gmail.com,9435971123,Delhi,Rohini,2023-02-19,43,Male
713,Rajan Subramaniam,rajan.subramaniam463@gmail.com,9590593090,Delhi,Rohini,2021-08-12,20,Female
714,Deepak Naidu,deepak.naidu529@gmail.com,9921584159,Surat,Adajan,2023-03-05,21,Female
715,Sonal Ghosh,sonal.ghosh473@gmail.com,9278763625,Surat,Pal,2022-08-09,45,Male
716,Sai Mehra,sai.mehra850@gmail.com,9793746209,Bhopal,Arera Colony,2023-08-08,46,Male
717,Sanjay Joshi,sanjay.joshi403@gmail.com,9544055921,Pune,Baner,2021-10-05,38,Female
718,Vihaan Rao,vihaan.rao904@gmail.com,9588212379,Mysuru,Gokulam,2022-02-18,23,Male
719,Simran Mehra,simran.mehra94@gmail.com,9222583664,Pune,Hadapsar,2021-09-11,46,Male
720,Atharv Subramaniam,atharv.subramaniam388@gmail.com,9690929397,Surat,Ring Road,2021-11-24,42,Male
721,Ananya Agarwal,ananya.agarwal890@gmail.com,9255270986,Coimbatore,Gandhipuram,2021-11-29,29,Male
722,Shivam Dubey,shivam.dubey642@gmail.com,9294020880,Lucknow,Aliganj,2022-08-15,25,Female
723,Pooja Sharma,pooja.sharma470@gmail.com,9634323575,Visakhapatnam,Gajuwaka,2021-01-26,49,Male
724,Aarav Gowda,aarav.gowda603@gmail.com,9808101187,Nagpur,Sitabuldi,2022-03-21,48,Female
725,Akash Ghosh,akash.ghosh251@gmail.com,9687703577,Bengaluru,Jayanagar,2021-01-14,35,Male
726,Kavya Singh,kavya.singh669@gmail.com,9474757193,Pune,Viman Nagar,2021-04-23,20,Female
727,Arjun Kohli,arjun.kohli340@gmail.com,9194170046,Coimbatore,Singanallur,2022-09-04,21,Male
728,Shivam Rao,shivam.rao626@gmail.com,9809662392,Pune,Hadapsar,2022-08-06,54,Male
729,Priya Mukherjee,priya.mukherjee96@gmail.com,9925183459,Coimbatore,Peelamedu,2021-03-15,37,Male
730,Puja Kapoor,puja.kapoor300@gmail.com,9605535739,Bengaluru,HSR Layout,2021-05-13,26,Male
731,Ishita Agarwal,ishita.agarwal215@gmail.com,9847141233,Bhopal,TT Nagar,2023-12-11,31,Male
732,Ishaan Mehta,ishaan.mehta496@gmail.com,9877468683,Coimbatore,Singanallur,2021-06-29,36,Female
733,Preeti Tiwari,preeti.tiwari950@gmail.com,9239278422,Bhopal,Kolar Road,2022-12-26,54,Female
734,Deepak Ahuja,deepak.ahuja905@gmail.com,9754344451,Nagpur,Sadar,2022-01-04,32,Male
735,Sneha Sharma,sneha.sharma641@gmail.com,9955485064,Hyderabad,Banjara Hills,2023-08-11,25,Female
736,Shivam Bose,shivam.bose574@gmail.com,9965482632,Delhi,Karol Bagh,2022-12-18,31,Male
737,Pooja Mehra,pooja.mehra316@gmail.com,9422427487,Lucknow,Alambagh,2021-05-19,50,Male
738,Simran Anand,simran.anand350@gmail.com,9525254727,Mumbai,Bandra,2022-11-14,54,Male
739,Vihaan Rao,vihaan.rao945@gmail.com,9822062338,Kolkata,Ballygunge,2022-11-24,48,Female
740,Arjun Bajaj,arjun.bajaj643@gmail.com,9594584739,Chennai,Velachery,2021-11-15,52,Male
741,Praveen Bose,praveen.bose579@gmail.com,9878424329,Delhi,Rohini,2022-09-06,38,Male
742,Rajan Verma,rajan.verma819@gmail.com,9954465272,Kolkata,Howrah,2022-11-11,40,Male
743,Rahul Pandey,rahul.pandey642@gmail.com,9673671448,Mumbai,Juhu,2023-02-08,28,Male
744,Neha Rao,neha.rao723@gmail.com,9437691152,Visakhapatnam,Dwaraka Nagar,2022-09-24,20,Male
745,Akash Patel,akash.patel463@gmail.com,9990623169,Nagpur,Sitabuldi,2023-02-01,37,Female
746,Vinod Dubey,vinod.dubey804@gmail.com,9140152609,Pune,Kothrud,2023-02-06,30,Male
747,Sandeep Krishnan,sandeep.krishnan927@gmail.com,9636929225,Mumbai,Borivali,2023-09-16,27,Female
748,Bhavna Pillai,bhavna.pillai147@gmail.com,9926224353,Bhopal,Habibganj,2022-11-02,24,Male
749,Amit Banerjee,amit.banerjee731@gmail.com,9660863541,Delhi,Dwarka,2023-03-05,25,Male
750,Komal Gupta,komal.gupta479@gmail.com,9149542207,Visakhapatnam,Dwaraka Nagar,2022-11-14,24,Male
751,Komal Verma,komal.verma329@gmail.com,9315344841,Coimbatore,Peelamedu,2022-03-06,30,Male
752,Ishita Naidu,ishita.naidu280@gmail.com,9260331909,Chandigarh,Sector 43,2021-08-29,28,Male
753,Nikhil Sharma,nikhil.sharma105@gmail.com,9321810768,Visakhapatnam,Steel Plant,2023-11-19,52,Male
754,Hemant Srivastava,hemant.srivastava588@gmail.com,9362878922,Jaipur,Vaishali Nagar,2022-08-04,28,Male
755,Komal Rajan,komal.rajan52@gmail.com,9239665900,Chandigarh,Mohali,2023-06-28,19,Female
756,Sai Mehta,sai.mehta437@gmail.com,9520817418,Surat,Adajan,2021-06-26,29,Male
757,Rajesh Rajan,rajesh.rajan838@gmail.com,9312758864,Indore,Palasia,2022-11-12,52,Male
758,Praveen Kamath,praveen.kamath100@gmail.com,9589179779,Chennai,Anna Nagar,2023-08-18,37,Female
759,Harish Das,harish.das935@gmail.com,9490250763,Ahmedabad,Satellite,2022-06-13,43,Female
760,Aishwarya Srivastava,aishwarya.srivastava67@gmail.com,9610386386,Mysuru,Hebbal,2021-03-03,25,Male
761,Sachin Mukherjee,sachin.mukherjee619@gmail.com,9717056083,Pune,Hinjewadi,2022-12-15,26,Male
762,Rohan Malhotra,rohan.malhotra812@gmail.com,9424396864,Hyderabad,Hitech City,2021-05-26,52,Female
763,Gaurav Shetty,gaurav.shetty562@gmail.com,9270746733,Kochi,Edapally,2022-05-15,48,Female
764,Kabir Agarwal,kabir.agarwal804@gmail.com,9567457486,Kolkata,Howrah,2023-06-02,54,Male
765,Girish Mehra,girish.mehra758@gmail.com,9864406274,Ahmedabad,Satellite,2021-06-09,54,Female
766,Nikhil Shetty,nikhil.shetty569@gmail.com,9204855083,Visakhapatnam,Rushikonda,2022-10-29,46,Female
767,Komal Malhotra,komal.malhotra702@gmail.com,9974097480,Bengaluru,Jayanagar,2021-08-11,42,Male
768,Vijay Bajaj,vijay.bajaj837@gmail.com,9249160711,Delhi,Connaught Place,2022-03-22,55,Male
769,Suresh Kohli,suresh.kohli299@gmail.com,9518740692,Chennai,Velachery,2023-12-25,54,Female
770,Pooja Banerjee,pooja.banerjee941@gmail.com,9566784595,Chandigarh,Sector 35,2022-09-16,40,Male
771,Vivaan Rajan,vivaan.rajan873@gmail.com,9415878379,Bhopal,TT Nagar,2021-09-19,21,Male
772,Hemant Singh,hemant.singh113@gmail.com,9403019866,Mumbai,Kurla,2023-01-06,19,Female
773,Vishal Mehra,vishal.mehra729@gmail.com,9511017218,Coimbatore,Saibaba Colony,2022-10-14,43,Female
774,Vishal Naidu,vishal.naidu143@gmail.com,9302107025,Kolkata,Salt Lake,2023-08-31,53,Female
775,Geeta Bose,geeta.bose138@gmail.com,9112458366,Chennai,Adyar,2021-09-15,22,Male
776,Suresh Ahuja,suresh.ahuja87@gmail.com,9247339141,Nagpur,Sadar,2021-10-06,44,Female
777,Ritesh Rajan,ritesh.rajan435@gmail.com,9692759204,Pune,Aundh,2023-11-10,46,Female
778,Sunita Das,sunita.das592@gmail.com,9634891964,Pune,Aundh,2021-01-16,33,Male
779,Lavanya Bose,lavanya.bose35@gmail.com,9140657269,Vadodara,Manjalpur,2023-01-22,54,Female
780,Puja Joshi,puja.joshi146@gmail.com,9884030674,Coimbatore,Saibaba Colony,2021-06-13,51,Male
781,Praveen Subramaniam,praveen.subramaniam252@gmail.com,9607291015,Bengaluru,Jayanagar,2021-07-01,22,Male
782,Komal Rajan,komal.rajan481@gmail.com,9587516124,Delhi,Karol Bagh,2021-01-23,50,Female
783,Aishwarya Bose,aishwarya.bose172@gmail.com,9137931259,Indore,Palasia,2022-08-16,37,Male
784,Shruti Singh,shruti.singh587@gmail.com,9155426425,Nagpur,Itwari,2021-12-13,36,Male
785,Vihaan Shukla,vihaan.shukla518@gmail.com,9182530219,Nagpur,Dharampeth,2021-09-17,35,Male
786,Amit Rajan,amit.rajan15@gmail.com,9896103507,Jaipur,C-Scheme,2022-06-11,25,Male
787,Priya Shetty,priya.shetty828@gmail.com,9288333634,Chennai,Velachery,2023-01-28,34,Female
788,Ajay Rao,ajay.rao87@gmail.com,9255767997,Bhopal,MP Nagar,2022-12-04,27,Female
789,Akash Anand,akash.anand744@gmail.com,9784590590,Surat,Vesu,2023-06-21,28,Female
790,Rekha Singh,rekha.singh172@gmail.com,9598232236,Jaipur,Malviya Nagar,2021-04-18,43,Female
791,Megha Pillai,megha.pillai700@gmail.com,9857640614,Vadodara,Fatehgunj,2023-02-17,42,Female
792,Shruti Reddy,shruti.reddy296@gmail.com,9956104065,Bhopal,TT Nagar,2021-01-25,46,Female
793,Preeti Subramaniam,preeti.subramaniam653@gmail.com,9479920016,Delhi,Connaught Place,2023-12-25,45,Male
794,Lavanya Agarwal,lavanya.agarwal262@gmail.com,9802595747,Jaipur,C-Scheme,2021-07-21,55,Female
795,Praveen Anand,praveen.anand533@gmail.com,9462287576,Ahmedabad,Maninagar,2022-02-04,29,Male
796,Hemant Sharma,hemant.sharma13@gmail.com,9541575005,Mumbai,Borivali,2021-05-20,24,Male
797,Rohan Khanna,rohan.khanna743@gmail.com,9404187859,Mysuru,Chamundi Hill,2022-03-26,34,Female
798,Arjun Verma,arjun.verma962@gmail.com,9737951442,Visakhapatnam,Dwaraka Nagar,2021-04-27,31,Male
799,Raj Sethi,raj.sethi385@gmail.com,9804798365,Hyderabad,Banjara Hills,2021-09-24,54,Female
800,Nikhil Mehra,nikhil.mehra479@gmail.com,9809182681,Pune,Hinjewadi,2022-08-27,22,Female
801,Ishita Anand,ishita.anand166@gmail.com,9938303850,Kochi,Kakkanad,2022-06-12,22,Male
802,Ishaan Kapoor,ishaan.kapoor265@gmail.com,9972738280,Surat,Pal,2021-05-04,34,Female
803,Sandeep Kumar,sandeep.kumar183@gmail.com,9793082286,Nagpur,Sitabuldi,2023-03-16,49,Male
804,Suresh Naidu,suresh.naidu935@gmail.com,9574144746,Kochi,Edapally,2021-08-06,34,Male
805,Arjun Kumar,arjun.kumar796@gmail.com,9578762215,Bengaluru,Jayanagar,2022-05-29,19,Female
806,Rahul Bajaj,rahul.bajaj273@gmail.com,9262787284,Mumbai,Bandra,2023-03-11,39,Female
807,Aarav Krishnan,aarav.krishnan414@gmail.com,9881434315,Nagpur,Sadar,2023-06-13,22,Male
808,Meera Sharma,meera.sharma581@gmail.com,9674778368,Surat,Udhna,2021-09-06,40,Male
809,Megha Malhotra,megha.malhotra375@gmail.com,9674050611,Delhi,Vasant Kunj,2021-07-05,39,Male
810,Naveen Arora,naveen.arora568@gmail.com,9142231531,Lucknow,Gomti Nagar,2021-12-28,42,Female
811,Megha Mehra,megha.mehra499@gmail.com,9191120392,Surat,Adajan,2023-01-06,46,Female
812,Vikram Gupta,vikram.gupta501@gmail.com,9517435960,Kolkata,Park Street,2022-05-04,22,Male
813,Komal Menon,komal.menon38@gmail.com,9464304610,Vadodara,Akota,2021-02-03,21,Male
814,Reyansh Malhotra,reyansh.malhotra470@gmail.com,9828080516,Hyderabad,Jubilee Hills,2023-12-08,52,Female
815,Nisha Kumar,nisha.kumar501@gmail.com,9802046257,Delhi,Vasant Kunj,2021-10-17,19,Female
816,Reyansh Mishra,reyansh.mishra648@gmail.com,9153641985,Chennai,Anna Nagar,2021-12-19,37,Male
817,Naveen Rajan,naveen.rajan838@gmail.com,9977752159,Pune,Baner,2021-05-11,24,Male
818,Vijay Gowda,vijay.gowda824@gmail.com,9317584270,Visakhapatnam,MVP Colony,2021-05-10,45,Male
819,Gaurav Srivastava,gaurav.srivastava330@gmail.com,9998106748,Hyderabad,Madhapur,2021-10-09,31,Male
820,Priya Agarwal,priya.agarwal145@gmail.com,9913413214,Bengaluru,Koramangala,2022-07-15,44,Female
821,Puja Hegde,puja.hegde948@gmail.com,9724902501,Pune,Aundh,2022-05-14,20,Female
822,Pranav Chandra,pranav.chandra17@gmail.com,9622877347,Visakhapatnam,Rushikonda,2021-11-20,23,Male
823,Aarav Rao,aarav.rao427@gmail.com,9844643743,Bengaluru,Malleshwaram,2022-08-05,48,Female
824,Kavya Reddy,kavya.reddy422@gmail.com,9356896763,Jaipur,Mansarovar,2023-07-12,29,Male
825,Arjun Gowda,arjun.gowda627@gmail.com,9194512033,Pune,Hadapsar,2023-10-21,37,Male
826,Shivam Sharma,shivam.sharma121@gmail.com,9669296859,Vadodara,Fatehgunj,2022-01-29,24,Male
827,Geeta Arora,geeta.arora476@gmail.com,9927136912,Vadodara,Manjalpur,2022-03-26,31,Male
828,Sai Chatterjee,sai.chatterjee510@gmail.com,9289326260,Hyderabad,Jubilee Hills,2023-08-30,28,Male
829,Sai Bajaj,sai.bajaj446@gmail.com,9369919135,Indore,Palasia,2022-03-06,39,Male
830,Naveen Gupta,naveen.gupta162@gmail.com,9943415633,Hyderabad,Banjara Hills,2021-12-27,19,Female
831,Manoj Joshi,manoj.joshi607@gmail.com,9722514464,Bengaluru,Indiranagar,2023-06-30,38,Female
832,Pooja Bhatia,pooja.bhatia334@gmail.com,9344579129,Chandigarh,Sector 22,2021-08-14,24,Female
833,Akash Chatterjee,akash.chatterjee483@gmail.com,9728238027,Surat,Vesu,2021-05-31,49,Male
834,Vishal Reddy,vishal.reddy183@gmail.com,9515892751,Kolkata,Howrah,2023-07-21,41,Female
835,Naveen Ahuja,naveen.ahuja208@gmail.com,9460660580,Kolkata,Ballygunge,2022-07-07,26,Male
836,Ishaan Pandey,ishaan.pandey470@gmail.com,9549064417,Chennai,Anna Nagar,2023-08-12,28,Male
837,Meera Shukla,meera.shukla592@gmail.com,9693516844,Visakhapatnam,MVP Colony,2021-12-15,32,Male
838,Akash Subramaniam,akash.subramaniam858@gmail.com,9596887897,Nagpur,Sitabuldi,2023-08-28,35,Male
839,Ritesh Bhatia,ritesh.bhatia445@gmail.com,9722197986,Ahmedabad,Satellite,2022-11-02,32,Male
840,Rahul Kamath,rahul.kamath42@gmail.com,9605359412,Mumbai,Powai,2021-04-01,50,Male
841,Ritesh Subramaniam,ritesh.subramaniam464@gmail.com,9631808267,Surat,Udhna,2021-07-20,33,Male
842,Vivaan Mehra,vivaan.mehra368@gmail.com,9417602552,Kochi,Edapally,2021-09-29,33,Male
843,Aditya Pillai,aditya.pillai879@gmail.com,9712441715,Lucknow,Gomti Nagar,2023-07-30,55,Male
844,Naveen Mukherjee,naveen.mukherjee809@gmail.com,9497735939,Chennai,Velachery,2022-01-14,47,Male
845,Dhruv Kapoor,dhruv.kapoor304@gmail.com,9557309058,Chandigarh,Mohali,2021-03-08,35,Male
846,Girish Kamath,girish.kamath754@gmail.com,9158853584,Kolkata,Park Street,2022-11-19,50,Male
847,Sai Joshi,sai.joshi634@gmail.com,9143888484,Surat,Pal,2023-08-12,41,Male
848,Priya Bajaj,priya.bajaj142@gmail.com,9459628007,Vadodara,Alkapuri,2022-02-24,33,Male
849,Nikhil Bajaj,nikhil.bajaj772@gmail.com,9899955602,Nagpur,Itwari,2022-03-06,32,Male
850,Sunita Pandey,sunita.pandey56@gmail.com,9168042141,Bhopal,TT Nagar,2022-07-22,41,Male
851,Rajesh Menon,rajesh.menon482@gmail.com,9862169097,Bhopal,Kolar Road,2021-09-09,52,Male
852,Sonal Ghosh,sonal.ghosh193@gmail.com,9591638597,Visakhapatnam,Gajuwaka,2021-05-15,23,Male
853,Mohit Rao,mohit.rao169@gmail.com,9396291256,Lucknow,Hazratganj,2021-08-12,25,Female
854,Vijay Reddy,vijay.reddy301@gmail.com,9547252828,Kolkata,Howrah,2021-02-16,52,Female
855,Harish Garg,harish.garg299@gmail.com,9303002339,Kochi,Thrippunithura,2021-02-13,22,Male
856,Nisha Subramaniam,nisha.subramaniam672@gmail.com,9793692221,Chandigarh,Sector 43,2022-12-04,38,Female
857,Vinod Hegde,vinod.hegde581@gmail.com,9241684797,Mysuru,Hebbal,2022-09-15,37,Female
858,Shruti Das,shruti.das789@gmail.com,9150808323,Nagpur,Wardha Road,2022-08-14,27,Male
859,Tanvi Mukherjee,tanvi.mukherjee729@gmail.com,9674791917,Pune,Baner,2021-11-26,36,Female
860,Priya Sethi,priya.sethi120@gmail.com,9144186034,Chennai,T Nagar,2022-05-03,38,Male
861,Amit Ghosh,amit.ghosh211@gmail.com,9703966077,Jaipur,C-Scheme,2022-01-13,20,Male
862,Rekha Reddy,rekha.reddy547@gmail.com,9423797338,Indore,Bhawarkuan,2021-11-29,25,Male
863,Gaurav Menon,gaurav.menon160@gmail.com,9104610971,Chennai,Velachery,2022-10-18,52,Male
864,Aishwarya Bajaj,aishwarya.bajaj993@gmail.com,9909774911,Lucknow,Aliganj,2022-08-17,54,Female
865,Sandeep Agarwal,sandeep.agarwal143@gmail.com,9828005909,Hyderabad,Secunderabad,2021-03-24,53,Male
866,Komal Verma,komal.verma457@gmail.com,9483748402,Surat,Ring Road,2022-03-28,23,Male
867,Ishaan Gowda,ishaan.gowda228@gmail.com,9938896611,Kolkata,Howrah,2023-12-15,35,Female
868,Aditya Patel,aditya.patel525@gmail.com,9523509129,Vadodara,Akota,2021-06-28,30,Female
869,Preeti Gowda,preeti.gowda931@gmail.com,9815934958,Visakhapatnam,Steel Plant,2021-04-25,41,Female
870,Suresh Sethi,suresh.sethi382@gmail.com,9113089765,Kochi,Kakkanad,2023-03-02,36,Male
871,Rekha Dubey,rekha.dubey221@gmail.com,9881526591,Mysuru,Gokulam,2021-06-29,46,Female
872,Sandeep Shukla,sandeep.shukla747@gmail.com,9544737192,Pune,Hadapsar,2023-05-19,26,Male
873,Krishna Reddy,krishna.reddy889@gmail.com,9664037702,Kolkata,Ballygunge,2023-08-31,39,Male
874,Tanya Patel,tanya.patel425@gmail.com,9287789943,Mumbai,Powai,2022-07-14,53,Female
875,Vikram Chatterjee,vikram.chatterjee568@gmail.com,9626762303,Pune,Aundh,2022-08-16,20,Male
876,Megha Menon,megha.menon28@gmail.com,9949565526,Vadodara,Akota,2022-04-05,18,Female
877,Shruti Dubey,shruti.dubey428@gmail.com,9292599550,Nagpur,Dharampeth,2022-08-13,49,Female
878,Vihaan Joshi,vihaan.joshi614@gmail.com,9900544937,Jaipur,Raja Park,2021-05-17,41,Male
879,Sachin Kamath,sachin.kamath998@gmail.com,9845439994,Kochi,Kakkanad,2023-09-02,25,Male
880,Manoj Ahuja,manoj.ahuja167@gmail.com,9724546761,Coimbatore,RS Puram,2022-06-16,21,Female
881,Preeti Mukherjee,preeti.mukherjee55@gmail.com,9392777562,Chennai,Adyar,2021-12-01,41,Female
882,Sunita Singh,sunita.singh655@gmail.com,9182492018,Lucknow,Alambagh,2023-12-21,50,Female
883,Divya Arora,divya.arora557@gmail.com,9446396476,Hyderabad,Madhapur,2021-12-09,38,Male
884,Lavanya Khanna,lavanya.khanna594@gmail.com,9477559154,Indore,Vijay Nagar,2023-12-31,27,Male
885,Vikram Subramaniam,vikram.subramaniam422@gmail.com,9465408396,Lucknow,Alambagh,2023-09-21,28,Male
886,Riya Reddy,riya.reddy815@gmail.com,9699851464,Bhopal,Arera Colony,2022-01-21,51,Male
887,Hemant Mehra,hemant.mehra939@gmail.com,9182034227,Hyderabad,Secunderabad,2023-08-02,25,Female
888,Aditya Pillai,aditya.pillai143@gmail.com,9977288628,Indore,Palasia,2023-01-13,46,Male
889,Deepak Arora,deepak.arora30@gmail.com,9899358066,Chandigarh,Sector 22,2022-09-16,25,Female
890,Amit Mehra,amit.mehra129@gmail.com,9325315065,Chennai,T Nagar,2022-09-22,26,Male
891,Ritesh Mehra,ritesh.mehra794@gmail.com,9619964733,Hyderabad,Banjara Hills,2021-02-08,45,Male
892,Pooja Mehta,pooja.mehta608@gmail.com,9163635565,Delhi,Vasant Kunj,2023-11-18,48,Male
893,Anjali Gupta,anjali.gupta773@gmail.com,9203619948,Bengaluru,Whitefield,2021-01-22,25,Male
894,Kavya Shetty,kavya.shetty30@gmail.com,9197473548,Kolkata,Salt Lake,2022-12-21,27,Male
895,Rekha Garg,rekha.garg518@gmail.com,9712285553,Pune,Baner,2022-05-11,22,Male
896,Vivaan Subramaniam,vivaan.subramaniam176@gmail.com,9909620527,Kolkata,Salt Lake,2022-08-01,52,Male
897,Pranav Banerjee,pranav.banerjee715@gmail.com,9732842568,Bhopal,TT Nagar,2023-01-21,29,Female
898,Rohan Rao,rohan.rao220@gmail.com,9652172808,Indore,Bhawarkuan,2023-05-19,32,Female
899,Nikhil Arora,nikhil.arora113@gmail.com,9658053247,Chandigarh,Sector 17,2023-08-13,26,Female
900,Geeta Sethi,geeta.sethi85@gmail.com,9452311239,Lucknow,Indiranagar,2021-03-25,49,Male
901,Neha Shukla,neha.shukla704@gmail.com,9576693984,Mysuru,Gokulam,2022-10-01,32,Male
902,Akash Shukla,akash.shukla917@gmail.com,9961609527,Kochi,Edapally,2021-05-23,48,Male
903,Priya Sharma,priya.sharma449@gmail.com,9661204449,Nagpur,Dharampeth,2023-03-23,23,Male
904,Suresh Malhotra,suresh.malhotra760@gmail.com,9281165175,Surat,Ring Road,2021-07-28,22,Male
905,Pooja Agarwal,pooja.agarwal126@gmail.com,9350041868,Kolkata,Howrah,2023-04-08,45,Female
906,Ishita Arora,ishita.arora775@gmail.com,9947711366,Coimbatore,Singanallur,2022-07-14,43,Male
907,Harish Kohli,harish.kohli524@gmail.com,9399456538,Visakhapatnam,Rushikonda,2023-09-20,27,Female
908,Rohan Joshi,rohan.joshi237@gmail.com,9774708255,Jaipur,Raja Park,2023-10-16,26,Male
909,Pranav Bhatia,pranav.bhatia695@gmail.com,9128721392,Delhi,Connaught Place,2023-10-18,29,Female
910,Simran Reddy,simran.reddy779@gmail.com,9182159778,Lucknow,Indiranagar,2021-07-17,51,Female
911,Praveen Chatterjee,praveen.chatterjee517@gmail.com,9380960951,Lucknow,Aliganj,2023-10-02,52,Male
912,Girish Naidu,girish.naidu441@gmail.com,9227919275,Mumbai,Borivali,2021-03-06,42,Female
913,Preeti Kapoor,preeti.kapoor34@gmail.com,9289911827,Mysuru,Hebbal,2021-03-15,53,Male
914,Ananya Menon,ananya.menon733@gmail.com,9517771996,Kochi,Edapally,2022-10-02,49,Male
915,Ajay Kohli,ajay.kohli488@gmail.com,9703717150,Vadodara,Manjalpur,2023-08-21,28,Male
916,Ishaan Malhotra,ishaan.malhotra632@gmail.com,9826373230,Jaipur,Raja Park,2023-02-13,40,Male
917,Simran Singh,simran.singh132@gmail.com,9998651200,Mumbai,Dadar,2021-04-03,41,Male
918,Vihaan Arora,vihaan.arora439@gmail.com,9470594501,Chandigarh,Sector 43,2021-07-19,40,Female
919,Rekha Singh,rekha.singh664@gmail.com,9435114318,Ahmedabad,Satellite,2022-04-26,55,Male
920,Kabir Dubey,kabir.dubey21@gmail.com,9678120648,Hyderabad,Hitech City,2021-12-14,38,Male
921,Naveen Kohli,naveen.kohli924@gmail.com,9552230665,Kochi,Tripunithura,2023-11-21,35,Male
922,Harish Shetty,harish.shetty585@gmail.com,9519082280,Mumbai,Juhu,2023-02-13,38,Male
923,Pranav Menon,pranav.menon509@gmail.com,9639843588,Hyderabad,Jubilee Hills,2022-11-20,39,Female
924,Megha Chopra,megha.chopra651@gmail.com,9945195456,Kochi,Edapally,2023-10-15,22,Male
925,Riya Shukla,riya.shukla588@gmail.com,9531673580,Jaipur,Malviya Nagar,2022-09-01,32,Male
926,Krishna Sethi,krishna.sethi280@gmail.com,9172230370,Coimbatore,RS Puram,2022-11-21,54,Male
927,Harish Sen,harish.sen668@gmail.com,9984482965,Kolkata,Ballygunge,2021-06-07,37,Male
928,Megha Sen,megha.sen425@gmail.com,9531967365,Vadodara,Sama,2022-02-14,34,Male
929,Manoj Mukherjee,manoj.mukherjee643@gmail.com,9855196603,Vadodara,Fatehgunj,2021-02-08,51,Female
930,Vijay Banerjee,vijay.banerjee829@gmail.com,9759730914,Mysuru,Chamundi Hill,2023-12-28,45,Male
931,Ishaan Subramaniam,ishaan.subramaniam152@gmail.com,9358099562,Kolkata,Ballygunge,2023-08-06,27,Male
932,Vishal Bose,vishal.bose867@gmail.com,9542852340,Chandigarh,Sector 17,2022-02-21,35,Male
933,Karan Tiwari,karan.tiwari245@gmail.com,9221932595,Visakhapatnam,MVP Colony,2023-04-12,27,Female
934,Vihaan Mishra,vihaan.mishra574@gmail.com,9568294151,Lucknow,Aliganj,2023-09-22,45,Male
935,Pooja Iyer,pooja.iyer265@gmail.com,9947901530,Jaipur,Vaishali Nagar,2021-03-01,35,Male
936,Priya Bajaj,priya.bajaj802@gmail.com,9121376851,Delhi,Vasant Kunj,2023-09-23,21,Male
937,Preeti Gowda,preeti.gowda919@gmail.com,9490234548,Lucknow,Hazratganj,2023-04-14,23,Female
938,Vikram Mishra,vikram.mishra956@gmail.com,9229539022,Hyderabad,Madhapur,2023-10-22,51,Male
939,Vinod Tiwari,vinod.tiwari615@gmail.com,9231293747,Nagpur,Dharampeth,2022-05-03,38,Male
940,Neha Bhatia,neha.bhatia148@gmail.com,9214690674,Ahmedabad,CG Road,2022-03-23,29,Female
941,Ishita Ghosh,ishita.ghosh503@gmail.com,9672809021,Kochi,Kakkanad,2021-04-25,41,Male
942,Preeti Naidu,preeti.naidu987@gmail.com,9398214359,Kochi,Thrippunithura,2022-05-20,27,Male
943,Harish Sethi,harish.sethi661@gmail.com,9750488622,Indore,Palasia,2021-02-13,20,Male
944,Swati Tiwari,swati.tiwari655@gmail.com,9852281566,Vadodara,Akota,2022-09-26,41,Male
945,Rajan Mishra,rajan.mishra932@gmail.com,9521954302,Mysuru,Hebbal,2021-01-17,34,Male
946,Krishna Arora,krishna.arora881@gmail.com,9272042677,Ahmedabad,Vastrapur,2022-03-07,46,Male
947,Akash Gupta,akash.gupta483@gmail.com,9891285408,Jaipur,Malviya Nagar,2023-10-04,44,Male
948,Ritesh Mehta,ritesh.mehta519@gmail.com,9171261273,Pune,Hadapsar,2022-06-19,40,Female
949,Hemant Bhatia,hemant.bhatia781@gmail.com,9155940680,Chandigarh,Sector 43,2021-02-26,29,Female
950,Vikram Sharma,vikram.sharma322@gmail.com,9718270581,Surat,Vesu,2022-09-18,23,Male
951,Karan Mishra,karan.mishra812@gmail.com,9442952206,Bhopal,Arera Colony,2023-04-21,46,Female
952,Vikram Tiwari,vikram.tiwari819@gmail.com,9402577583,Pune,Hadapsar,2022-11-02,30,Male
953,Shivam Chopra,shivam.chopra968@gmail.com,9996229807,Pune,Aundh,2023-02-12,54,Female
954,Aditya Verma,aditya.verma929@gmail.com,9195537862,Vadodara,Manjalpur,2022-04-14,47,Female
955,Shruti Mehra,shruti.mehra633@gmail.com,9560531480,Pune,Kothrud,2023-04-02,34,Female
956,Krishna Chopra,krishna.chopra15@gmail.com,9871573078,Pune,Baner,2021-08-29,51,Female
957,Naveen Khanna,naveen.khanna731@gmail.com,9318125679,Nagpur,Dharampeth,2022-04-05,30,Male
958,Tanvi Bhatia,tanvi.bhatia442@gmail.com,9321841455,Nagpur,Sadar,2021-09-24,31,Male
959,Sneha Bose,sneha.bose30@gmail.com,9411592314,Pune,Aundh,2021-10-26,34,Female
960,Rajesh Mishra,rajesh.mishra88@gmail.com,9111081272,Indore,Rajwada,2023-07-28,48,Female
961,Simran Mehra,simran.mehra726@gmail.com,9554505193,Surat,Vesu,2023-02-25,34,Male
962,Pranav Hegde,pranav.hegde954@gmail.com,9352159078,Delhi,Connaught Place,2022-11-13,48,Male
963,Reyansh Sharma,reyansh.sharma310@gmail.com,9523802474,Jaipur,Mansarovar,2023-02-20,41,Female
964,Reyansh Shetty,reyansh.shetty516@gmail.com,9629182734,Pune,Hinjewadi,2021-12-14,39,Female
965,Amit Patel,amit.patel146@gmail.com,9379608825,Chandigarh,Mohali,2023-06-06,25,Male
966,Reyansh Nair,reyansh.nair949@gmail.com,9561801350,Nagpur,Wardha Road,2023-01-09,36,Male
967,Shruti Subramaniam,shruti.subramaniam324@gmail.com,9891207316,Chandigarh,Sector 43,2021-12-04,49,Female
968,Sandeep Singh,sandeep.singh236@gmail.com,9296646498,Kolkata,Salt Lake,2021-04-22,20,Female
969,Shruti Iyer,shruti.iyer917@gmail.com,9631406400,Mysuru,Hebbal,2021-08-26,20,Female
970,Sunita Sethi,sunita.sethi505@gmail.com,9220786160,Vadodara,Akota,2023-07-27,27,Male
971,Rekha Patel,rekha.patel855@gmail.com,9280705383,Kolkata,Ballygunge,2022-01-05,50,Male
972,Riya Shetty,riya.shetty427@gmail.com,9182501451,Mumbai,Dadar,2022-01-05,33,Female
973,Pranav Agarwal,pranav.agarwal404@gmail.com,9501105178,Mumbai,Juhu,2021-09-07,55,Male
974,Simran Reddy,simran.reddy851@gmail.com,9859894230,Mumbai,Bandra,2023-08-01,48,Female
975,Lavanya Gowda,lavanya.gowda672@gmail.com,9768259174,Mumbai,Juhu,2021-03-31,46,Male
976,Amit Banerjee,amit.banerjee331@gmail.com,9957003791,Delhi,Vasant Kunj,2022-08-03,21,Male
977,Hemant Gowda,hemant.gowda262@gmail.com,9291137642,Surat,Adajan,2023-03-28,33,Female
978,Krishna Verma,krishna.verma799@gmail.com,9532069666,Kolkata,Salt Lake,2023-03-07,36,Female
979,Raj Dubey,raj.dubey926@gmail.com,9835472281,Nagpur,Sadar,2022-09-28,26,Male
980,Pranav Chopra,pranav.chopra457@gmail.com,9516707955,Bhopal,Arera Colony,2023-09-30,48,Male
981,Ritesh Patel,ritesh.patel445@gmail.com,9777194209,Kochi,Kakkanad,2022-01-17,45,Male
982,Reyansh Krishnan,reyansh.krishnan664@gmail.com,9836840867,Chandigarh,Sector 43,2022-04-05,27,Female
983,Vinod Chandra,vinod.chandra480@gmail.com,9569606919,Bhopal,MP Nagar,2022-08-19,23,Female
984,Megha Reddy,megha.reddy536@gmail.com,9559273528,Chennai,Adyar,2022-05-25,36,Male
985,Sai Hegde,sai.hegde111@gmail.com,9648307963,Bengaluru,Koramangala,2023-11-18,45,Female
986,Pranav Mukherjee,pranav.mukherjee261@gmail.com,9728748729,Coimbatore,Peelamedu,2022-12-29,23,Male
987,Aditya Joshi,aditya.joshi864@gmail.com,9521934734,Mysuru,Jayalakshmipuram,2022-01-09,20,Male
988,Shivam Sethi,shivam.sethi776@gmail.com,9819686053,Lucknow,Alambagh,2023-07-21,46,Male
989,Shruti Agarwal,shruti.agarwal81@gmail.com,9902116616,Pune,Viman Nagar,2022-01-15,34,Male
990,Vishal Naidu,vishal.naidu120@gmail.com,9114285707,Mumbai,Bandra,2023-03-20,28,Female
991,Naveen Mehra,naveen.mehra311@gmail.com,9764108643,Surat,Ring Road,2023-09-24,41,Female
992,Megha Patel,megha.patel196@gmail.com,9220165132,Chennai,T Nagar,2021-01-29,19,Female
993,Vihaan Banerjee,vihaan.banerjee447@gmail.com,9772225892,Nagpur,Sitabuldi,2022-05-11,52,Female
994,Krishna Dubey,krishna.dubey433@gmail.com,9123425640,Mysuru,Jayalakshmipuram,2023-08-29,25,Female
995,Rahul Bhatia,rahul.bhatia21@gmail.com,9582664425,Mysuru,Hebbal,2023-08-24,55,Female
996,Pooja Shukla,pooja.shukla342@gmail.com,9108454944,Coimbatore,Saibaba Colony,2021-04-15,24,Female
997,Shivam Menon,shivam.menon38@gmail.com,9623445398,Coimbatore,Singanallur,2022-08-19,43,Female
998,Manoj Shetty,manoj.shetty732@gmail.com,9165181159,Visakhapatnam,Rushikonda,2022-04-20,51,Male
999,Ritesh Kamath,ritesh.kamath275@gmail.com,9796107135,Chandigarh,Mohali,2021-05-11,44,Female
1000,Nikhil Menon,nikhil.menon715@gmail.com,9568398403,Visakhapatnam,Gajuwaka,2023-07-08,19,Female
1001,Tanvi Ahuja,tanvi.ahuja449@gmail.com,9349218819,Kolkata,New Town,2022-12-06,50,Female
1002,Bhavna Gowda,bhavna.gowda741@gmail.com,9863844029,Mysuru,Jayalakshmipuram,2022-08-24,42,Female
1003,Geeta Pillai,geeta.pillai290@gmail.com,9841630844,Pune,Baner,2022-03-01,23,Female
1004,Amit Rao,amit.rao104@gmail.com,9951995296,Kolkata,Salt Lake,2023-10-05,44,Female
1005,Megha Mishra,megha.mishra19@gmail.com,9485244337,Kolkata,Howrah,2021-04-07,34,Male
1006,Karan Rao,karan.rao346@gmail.com,9562375205,Bhopal,MP Nagar,2021-05-11,25,Male
1007,Nisha Joshi,nisha.joshi265@gmail.com,9465420342,Vadodara,Fatehgunj,2023-09-24,40,Male
1008,Lavanya Reddy,lavanya.reddy724@gmail.com,9154140252,Bhopal,Kolar Road,2021-08-02,46,Female
1009,Nikhil Mehta,nikhil.mehta844@gmail.com,9703950642,Visakhapatnam,Steel Plant,2021-07-28,20,Male
1010,Rohan Iyer,rohan.iyer161@gmail.com,9882059080,Hyderabad,Jubilee Hills,2023-01-11,36,Female
1011,Sanjay Menon,sanjay.menon343@gmail.com,9979567192,Hyderabad,Jubilee Hills,2023-01-15,26,Male
1012,Pooja Ghosh,pooja.ghosh855@gmail.com,9968813060,Kochi,MG Road,2022-05-18,48,Male
1013,Tanvi Krishnan,tanvi.krishnan382@gmail.com,9867939875,Pune,Kothrud,2022-06-29,44,Male
1014,Deepa Reddy,deepa.reddy142@gmail.com,9960892562,Bhopal,TT Nagar,2022-04-13,45,Female
1015,Akash Mukherjee,akash.mukherjee454@gmail.com,9256319955,Bhopal,Habibganj,2021-03-02,18,Male
1016,Kabir Patel,kabir.patel791@gmail.com,9276442282,Chandigarh,Sector 35,2023-04-03,45,Male
1017,Mohit Arora,mohit.arora925@gmail.com,9716926164,Delhi,Vasant Kunj,2021-11-06,21,Male
1018,Sonal Bose,sonal.bose739@gmail.com,9897465374,Surat,Ring Road,2022-09-16,38,Male
1019,Vivaan Pandey,vivaan.pandey718@gmail.com,9533725200,Bhopal,Kolar Road,2021-10-28,46,Female
1020,Girish Rajan,girish.rajan909@gmail.com,9971696978,Visakhapatnam,Rushikonda,2022-12-09,43,Female
1021,Megha Patel,megha.patel400@gmail.com,9878568781,Delhi,Rohini,2022-11-17,26,Male
1022,Girish Shukla,girish.shukla566@gmail.com,9435278479,Kolkata,Park Street,2023-11-14,51,Male
1023,Karan Verma,karan.verma248@gmail.com,9993599071,Mumbai,Borivali,2022-06-14,37,Female
1024,Sanjay Joshi,sanjay.joshi643@gmail.com,9644923310,Delhi,Karol Bagh,2022-06-16,40,Male
1025,Sai Arora,sai.arora587@gmail.com,9891196000,Hyderabad,Secunderabad,2022-09-03,18,Female
1026,Bhavna Mishra,bhavna.mishra865@gmail.com,9739465782,Coimbatore,Singanallur,2023-12-29,32,Male
1027,Megha Shukla,megha.shukla533@gmail.com,9891897827,Coimbatore,Gandhipuram,2023-02-13,33,Male
1028,Simran Subramaniam,simran.subramaniam466@gmail.com,9205213639,Coimbatore,Gandhipuram,2023-01-10,27,Female
1029,Akash Patel,akash.patel910@gmail.com,9239654428,Bengaluru,Koramangala,2023-05-21,48,Female
1030,Rajesh Kumar,rajesh.kumar603@gmail.com,9700187804,Indore,Rajwada,2023-04-05,51,Female
1031,Shruti Shetty,shruti.shetty706@gmail.com,9625640719,Nagpur,Sadar,2023-06-21,44,Female
1032,Suresh Krishnan,suresh.krishnan133@gmail.com,9856477620,Chennai,Velachery,2023-07-27,50,Male
1033,Raj Mehra,raj.mehra34@gmail.com,9901544309,Kolkata,New Town,2023-08-28,28,Male
1034,Puja Joshi,puja.joshi124@gmail.com,9496839906,Visakhapatnam,Rushikonda,2021-08-14,54,Male
1035,Reyansh Subramaniam,reyansh.subramaniam313@gmail.com,9502073105,Chennai,Anna Nagar,2023-01-31,37,Male
1036,Ajay Verma,ajay.verma50@gmail.com,9427667311,Chennai,T Nagar,2023-05-14,36,Female
1037,Divya Bhatia,divya.bhatia561@gmail.com,9474358952,Nagpur,Dharampeth,2021-09-08,22,Male
1038,Shivam Pillai,shivam.pillai922@gmail.com,9462734944,Coimbatore,Peelamedu,2023-07-16,42,Female
1039,Amit Arora,amit.arora780@gmail.com,9583108000,Chennai,Nungambakkam,2023-08-02,46,Female
1040,Simran Patel,simran.patel397@gmail.com,9349991019,Visakhapatnam,Steel Plant,2023-04-19,43,Male
1041,Girish Gupta,girish.gupta887@gmail.com,9277827512,Mysuru,Chamundi Hill,2021-07-01,19,Male
1042,Komal Hegde,komal.hegde198@gmail.com,9764328419,Hyderabad,Madhapur,2021-06-24,52,Male
1043,Sai Kamath,sai.kamath515@gmail.com,9120040394,Bhopal,Arera Colony,2023-09-02,25,Male
1044,Divya Verma,divya.verma850@gmail.com,9857651237,Jaipur,Vaishali Nagar,2022-05-18,55,Female
1045,Atharv Naidu,atharv.naidu604@gmail.com,9148300820,Visakhapatnam,Gajuwaka,2023-04-03,49,Male
1046,Bhavna Sen,bhavna.sen881@gmail.com,9666830194,Pune,Aundh,2021-02-19,38,Female
1047,Anjali Patel,anjali.patel293@gmail.com,9254655603,Hyderabad,Banjara Hills,2021-12-11,29,Male
1048,Krishna Reddy,krishna.reddy61@gmail.com,9759787964,Lucknow,Aliganj,2021-12-13,38,Female
1049,Vihaan Sethi,vihaan.sethi102@gmail.com,9443641906,Delhi,Karol Bagh,2023-03-10,27,Female
1050,Simran Tiwari,simran.tiwari208@gmail.com,9357293193,Surat,Adajan,2021-04-17,55,Female
1051,Vijay Krishnan,vijay.krishnan276@gmail.com,9165103088,Bhopal,TT Nagar,2021-08-24,38,Female
1052,Hemant Bose,hemant.bose418@gmail.com,9780259788,Bengaluru,HSR Layout,2021-03-01,32,Male
1053,Lavanya Hegde,lavanya.hegde782@gmail.com,9695612588,Coimbatore,RS Puram,2022-05-20,26,Male
1054,Akash Ghosh,akash.ghosh209@gmail.com,9940612700,Bengaluru,Malleshwaram,2023-10-22,27,Male
1055,Girish Iyer,girish.iyer985@gmail.com,9696090185,Ahmedabad,Maninagar,2023-05-18,46,Male
1056,Aarav Mukherjee,aarav.mukherjee1@gmail.com,9164612445,Visakhapatnam,Gajuwaka,2021-12-09,48,Male
1057,Anjali Khanna,anjali.khanna600@gmail.com,9647960971,Surat,Pal,2022-03-12,36,Male
1058,Karan Bhatia,karan.bhatia308@gmail.com,9196330859,Vadodara,Manjalpur,2021-05-24,43,Male
1059,Vikram Ahuja,vikram.ahuja216@gmail.com,9755460660,Vadodara,Sama,2023-06-04,50,Male
1060,Bhavna Chandra,bhavna.chandra252@gmail.com,9811114540,Jaipur,Raja Park,2022-07-14,38,Male
1061,Kavya Mukherjee,kavya.mukherjee936@gmail.com,9842862979,Visakhapatnam,Gajuwaka,2021-02-02,26,Male
1062,Harish Sharma,harish.sharma424@gmail.com,9696775664,Mumbai,Kurla,2021-12-22,49,Female
1063,Rajan Patel,rajan.patel914@gmail.com,9993443242,Bengaluru,Jayanagar,2021-03-05,46,Male
1064,Sunita Kapoor,sunita.kapoor182@gmail.com,9924597047,Visakhapatnam,Gajuwaka,2023-03-04,18,Male
1065,Praveen Chopra,praveen.chopra227@gmail.com,9897945277,Kolkata,New Town,2021-01-20,19,Male
1066,Sunita Chatterjee,sunita.chatterjee828@gmail.com,9870742117,Bengaluru,Jayanagar,2022-09-13,32,Female
1067,Vijay Chopra,vijay.chopra927@gmail.com,9855965460,Delhi,Karol Bagh,2023-10-07,31,Male
1068,Pooja Chandra,pooja.chandra583@gmail.com,9637220565,Surat,Adajan,2022-07-23,49,Female
1069,Hemant Chatterjee,hemant.chatterjee67@gmail.com,9731536919,Coimbatore,Singanallur,2021-12-26,26,Male
1070,Amit Tiwari,amit.tiwari747@gmail.com,9939937450,Coimbatore,Gandhipuram,2023-12-08,35,Female
1071,Aditya Mehra,aditya.mehra698@gmail.com,9701419950,Vadodara,Manjalpur,2022-06-02,47,Male
1072,Ritesh Bajaj,ritesh.bajaj865@gmail.com,9536879666,Delhi,Karol Bagh,2023-06-05,35,Male
1073,Deepak Mukherjee,deepak.mukherjee778@gmail.com,9146669835,Nagpur,Wardha Road,2023-11-26,32,Male
1074,Ishita Bose,ishita.bose6@gmail.com,9520755279,Vadodara,Akota,2022-10-10,30,Male
1075,Atharv Kamath,atharv.kamath707@gmail.com,9555073531,Mumbai,Kurla,2022-04-08,22,Female
1076,Pooja Iyer,pooja.iyer642@gmail.com,9771405073,Chandigarh,Sector 35,2021-05-09,24,Male
1077,Sachin Sen,sachin.sen861@gmail.com,9368875123,Mumbai,Dadar,2022-11-16,33,Male
1078,Harish Mishra,harish.mishra533@gmail.com,9952670321,Chandigarh,Sector 17,2022-11-15,33,Male
1079,Sandeep Arora,sandeep.arora88@gmail.com,9165162109,Hyderabad,Secunderabad,2021-09-13,20,Female
1080,Preeti Mehra,preeti.mehra942@gmail.com,9961556586,Bengaluru,Indiranagar,2021-05-07,46,Male
1081,Megha Rajan,megha.rajan694@gmail.com,9159904013,Kochi,MG Road,2021-07-28,53,Male
1082,Sonal Kapoor,sonal.kapoor239@gmail.com,9743789670,Surat,Adajan,2023-04-22,18,Female
1083,Neha Mukherjee,neha.mukherjee348@gmail.com,9798921553,Kochi,Tripunithura,2021-07-27,19,Female
1084,Deepak Agarwal,deepak.agarwal106@gmail.com,9113194760,Coimbatore,Gandhipuram,2021-08-10,22,Male
1085,Sneha Kamath,sneha.kamath364@gmail.com,9552052831,Chennai,Nungambakkam,2022-06-09,48,Male
1086,Sandeep Rao,sandeep.rao62@gmail.com,9237096167,Ahmedabad,Satellite,2021-04-01,37,Male
1087,Vishal Krishnan,vishal.krishnan151@gmail.com,9604147303,Indore,Palasia,2021-10-26,37,Male
1088,Bhavna Shukla,bhavna.shukla601@gmail.com,9806175094,Indore,Vijay Nagar,2023-11-27,27,Male
1089,Swati Krishnan,swati.krishnan353@gmail.com,9309816802,Vadodara,Alkapuri,2023-05-15,30,Female
1090,Kabir Agarwal,kabir.agarwal615@gmail.com,9843473702,Kolkata,New Town,2023-08-16,39,Male
1091,Aishwarya Rajan,aishwarya.rajan167@gmail.com,9212579573,Lucknow,Aliganj,2022-11-05,47,Male
1092,Vijay Das,vijay.das710@gmail.com,9347254833,Mumbai,Kurla,2022-04-02,47,Male
1093,Riya Mishra,riya.mishra211@gmail.com,9529832349,Nagpur,Wardha Road,2023-02-09,29,Male
1094,Geeta Sharma,geeta.sharma569@gmail.com,9223683564,Bengaluru,Whitefield,2021-03-03,27,Male
1095,Sandeep Chatterjee,sandeep.chatterjee999@gmail.com,9131874640,Coimbatore,Peelamedu,2021-03-31,30,Female
1096,Tanvi Rao,tanvi.rao348@gmail.com,9695395166,Ahmedabad,Vastrapur,2021-12-23,33,Female
1097,Pooja Verma,pooja.verma22@gmail.com,9992758059,Pune,Hinjewadi,2021-07-27,26,Female
1098,Nikhil Agarwal,nikhil.agarwal246@gmail.com,9496898624,Kolkata,Ballygunge,2023-07-24,41,Female
1099,Vinod Rajan,vinod.rajan148@gmail.com,9240439719,Kochi,MG Road,2021-08-31,30,Female
1100,Rajan Kapoor,rajan.kapoor652@gmail.com,9362583172,Indore,Palasia,2023-05-30,20,Male
1101,Sneha Naidu,sneha.naidu254@gmail.com,9157186389,Lucknow,Gomti Nagar,2022-11-03,35,Female
1102,Manoj Shetty,manoj.shetty804@gmail.com,9605375157,Nagpur,Sitabuldi,2021-06-16,22,Female
1103,Manoj Kapoor,manoj.kapoor532@gmail.com,9598503197,Bhopal,Habibganj,2023-10-19,29,Male
1104,Puja Subramaniam,puja.subramaniam275@gmail.com,9724044455,Nagpur,Sadar,2023-08-29,43,Male
1105,Arjun Banerjee,arjun.banerjee884@gmail.com,9351668540,Ahmedabad,Satellite,2023-07-15,43,Female
1106,Komal Sen,komal.sen958@gmail.com,9501694717,Surat,Ring Road,2021-11-18,34,Male
1107,Atharv Nair,atharv.nair532@gmail.com,9477500732,Bengaluru,Whitefield,2023-06-30,32,Male
1108,Reyansh Mukherjee,reyansh.mukherjee437@gmail.com,9584419915,Bhopal,Kolar Road,2022-11-20,47,Female
1109,Akash Chopra,akash.chopra392@gmail.com,9126540961,Nagpur,Wardha Road,2022-07-14,29,Female
1110,Nisha Tiwari,nisha.tiwari302@gmail.com,9638765977,Bengaluru,Whitefield,2021-06-18,50,Male
1111,Atharv Pandey,atharv.pandey74@gmail.com,9486801418,Ahmedabad,Navrangpura,2021-08-31,20,Male
1112,Pooja Agarwal,pooja.agarwal310@gmail.com,9900164591,Kolkata,Ballygunge,2022-05-28,35,Female
1113,Vikram Arora,vikram.arora789@gmail.com,9421557922,Vadodara,Sama,2021-01-18,36,Male
1114,Gaurav Malhotra,gaurav.malhotra670@gmail.com,9650450492,Coimbatore,RS Puram,2023-08-25,27,Female
1115,Nisha Das,nisha.das529@gmail.com,9730290352,Kolkata,New Town,2022-04-24,53,Female
1116,Praveen Agarwal,praveen.agarwal440@gmail.com,9926921933,Bengaluru,Whitefield,2022-01-20,44,Female
1117,Sandeep Ghosh,sandeep.ghosh143@gmail.com,9720094969,Vadodara,Alkapuri,2023-02-07,26,Male
1118,Vivaan Menon,vivaan.menon430@gmail.com,9557112668,Indore,Palasia,2022-04-07,43,Male
1119,Megha Srivastava,megha.srivastava945@gmail.com,9249394788,Coimbatore,RS Puram,2021-03-07,27,Male
1120,Mohit Kapoor,mohit.kapoor548@gmail.com,9514930176,Kolkata,New Town,2021-05-11,30,Female
1121,Rohan Agarwal,rohan.agarwal96@gmail.com,9284064756,Coimbatore,Saibaba Colony,2022-09-16,24,Male
1122,Priya Gupta,priya.gupta192@gmail.com,9313673270,Visakhapatnam,Rushikonda,2021-02-24,22,Female
1123,Tanvi Banerjee,tanvi.banerjee72@gmail.com,9588191420,Ahmedabad,Vastrapur,2023-12-10,21,Male
1124,Deepak Sharma,deepak.sharma401@gmail.com,9268615534,Pune,Hinjewadi,2023-04-22,25,Female
1125,Rajan Bose,rajan.bose979@gmail.com,9321705882,Nagpur,Dharampeth,2023-03-08,26,Female
1126,Komal Sen,komal.sen602@gmail.com,9317940428,Nagpur,Sitabuldi,2022-09-28,50,Female
1127,Ishita Chatterjee,ishita.chatterjee66@gmail.com,9985388850,Mumbai,Andheri,2023-07-02,43,Male
1128,Deepa Subramaniam,deepa.subramaniam472@gmail.com,9596815461,Chandigarh,Mohali,2023-10-03,54,Male
1129,Krishna Shukla,krishna.shukla401@gmail.com,9758233277,Mysuru,Chamundi Hill,2022-09-02,29,Female
1130,Deepa Rao,deepa.rao394@gmail.com,9807681800,Visakhapatnam,Rushikonda,2023-07-27,29,Male
1131,Pranav Malhotra,pranav.malhotra281@gmail.com,9774399203,Delhi,Lajpat Nagar,2021-11-20,52,Male
1132,Kabir Mehra,kabir.mehra781@gmail.com,9693590140,Kolkata,New Town,2023-04-23,25,Male
1133,Dhruv Arora,dhruv.arora420@gmail.com,9584188831,Hyderabad,Madhapur,2022-10-30,28,Male
1134,Kavya Krishnan,kavya.krishnan75@gmail.com,9785977815,Delhi,Dwarka,2021-02-24,47,Female
1135,Bhavna Bhatia,bhavna.bhatia39@gmail.com,9111529159,Surat,Vesu,2023-03-24,34,Male
1136,Vikram Srivastava,vikram.srivastava70@gmail.com,9188635913,Mysuru,Hebbal,2023-08-03,53,Female
1137,Sandeep Nair,sandeep.nair175@gmail.com,9119398359,Nagpur,Wardha Road,2021-11-27,24,Female
1138,Sonal Joshi,sonal.joshi80@gmail.com,9820901832,Vadodara,Akota,2021-12-11,18,Male
1139,Rahul Ghosh,rahul.ghosh732@gmail.com,9136984869,Indore,AB Road,2022-03-20,52,Female
1140,Sandeep Mehra,sandeep.mehra657@gmail.com,9811396844,Delhi,Vasant Kunj,2023-12-07,24,Female
1141,Komal Ghosh,komal.ghosh50@gmail.com,9929368594,Delhi,Rohini,2021-01-10,42,Female
1142,Deepa Chopra,deepa.chopra17@gmail.com,9552778389,Ahmedabad,Satellite,2021-07-07,19,Male
1143,Bhavna Chatterjee,bhavna.chatterjee817@gmail.com,9996987899,Bengaluru,Indiranagar,2021-07-17,28,Female
1144,Reyansh Bose,reyansh.bose331@gmail.com,9703501011,Bhopal,MP Nagar,2022-11-01,30,Male
1145,Kavya Naidu,kavya.naidu238@gmail.com,9329544518,Surat,Udhna,2021-09-05,24,Male
1146,Simran Rao,simran.rao13@gmail.com,9517885994,Mumbai,Powai,2022-10-10,31,Female
1147,Meera Kumar,meera.kumar45@gmail.com,9172296393,Jaipur,Mansarovar,2023-01-26,31,Female
1148,Megha Anand,megha.anand730@gmail.com,9675720531,Visakhapatnam,Rushikonda,2021-07-28,54,Female
1149,Anjali Mehta,anjali.mehta695@gmail.com,9928291327,Visakhapatnam,Gajuwaka,2023-03-07,26,Male
1150,Priya Chandra,priya.chandra344@gmail.com,9118950252,Chandigarh,Sector 43,2021-05-19,55,Female
1151,Tanya Krishnan,tanya.krishnan239@gmail.com,9122777694,Ahmedabad,Maninagar,2021-01-28,25,Male
1152,Swati Bhatia,swati.bhatia62@gmail.com,9247699074,Kochi,Edapally,2021-06-12,41,Female
1153,Sonal Chatterjee,sonal.chatterjee658@gmail.com,9140702031,Chennai,Velachery,2022-02-23,33,Male
1154,Sandeep Bhatia,sandeep.bhatia326@gmail.com,9791062461,Chandigarh,Sector 22,2022-07-24,20,Male
1155,Shivam Bajaj,shivam.bajaj868@gmail.com,9886916528,Lucknow,Hazratganj,2022-04-15,39,Male
1156,Deepa Banerjee,deepa.banerjee821@gmail.com,9838036271,Vadodara,Alkapuri,2022-05-24,32,Male
1157,Tanya Subramaniam,tanya.subramaniam645@gmail.com,9106488260,Chandigarh,Sector 22,2023-06-25,22,Female
1158,Kabir Chatterjee,kabir.chatterjee961@gmail.com,9319279570,Delhi,Vasant Kunj,2021-10-17,26,Male
1159,Priya Shetty,priya.shetty520@gmail.com,9183928507,Vadodara,Fatehgunj,2022-04-29,45,Female
1160,Komal Iyer,komal.iyer181@gmail.com,9750527812,Kolkata,Salt Lake,2023-05-19,33,Male
1161,Tanvi Kamath,tanvi.kamath884@gmail.com,9938902595,Mysuru,Jayalakshmipuram,2022-07-11,48,Male
1162,Geeta Malhotra,geeta.malhotra452@gmail.com,9553867727,Surat,Vesu,2023-08-23,50,Male
1163,Vishal Arora,vishal.arora781@gmail.com,9509545868,Chennai,Velachery,2021-02-10,45,Male
1164,Megha Gowda,megha.gowda264@gmail.com,9508505332,Vadodara,Fatehgunj,2021-12-26,47,Male
1165,Naveen Shukla,naveen.shukla74@gmail.com,9457807435,Surat,Ring Road,2023-09-12,26,Female
1166,Pooja Reddy,pooja.reddy883@gmail.com,9637622321,Kolkata,Park Street,2021-01-27,41,Female
1167,Gaurav Bose,gaurav.bose502@gmail.com,9430509354,Surat,Pal,2023-02-26,55,Male
1168,Akash Gupta,akash.gupta199@gmail.com,9919212243,Hyderabad,Secunderabad,2021-11-29,45,Male
1169,Rekha Krishnan,rekha.krishnan667@gmail.com,9513748324,Nagpur,Wardha Road,2021-04-29,45,Female
1170,Deepa Pillai,deepa.pillai715@gmail.com,9814763773,Delhi,Karol Bagh,2021-02-27,27,Male
1171,Naveen Khanna,naveen.khanna617@gmail.com,9720989768,Chennai,Adyar,2022-05-22,28,Male
1172,Nikhil Anand,nikhil.anand408@gmail.com,9858136646,Bengaluru,Malleshwaram,2023-02-27,55,Male
1173,Deepak Chatterjee,deepak.chatterjee259@gmail.com,9842854111,Kochi,Edapally,2023-05-25,37,Male
1174,Rajan Kohli,rajan.kohli752@gmail.com,9541961791,Surat,Ring Road,2022-09-23,23,Male
1175,Rekha Reddy,rekha.reddy716@gmail.com,9430820228,Jaipur,Vaishali Nagar,2023-03-27,18,Female
1176,Ajay Sharma,ajay.sharma538@gmail.com,9547581039,Hyderabad,Banjara Hills,2023-05-06,36,Female
1177,Ananya Rao,ananya.rao203@gmail.com,9622344543,Indore,AB Road,2021-10-03,29,Male
1178,Nikhil Ghosh,nikhil.ghosh206@gmail.com,9163331510,Coimbatore,Gandhipuram,2022-01-16,29,Female
1179,Shruti Bose,shruti.bose890@gmail.com,9783365422,Mysuru,Gokulam,2021-08-12,28,Male
1180,Sonal Patel,sonal.patel66@gmail.com,9467382830,Surat,Adajan,2022-07-21,19,Male
1181,Swati Pillai,swati.pillai63@gmail.com,9385702028,Nagpur,Dharampeth,2021-01-20,18,Male
1182,Reyansh Mehta,reyansh.mehta385@gmail.com,9747450075,Kolkata,Howrah,2021-01-15,51,Male
1183,Ajay Pillai,ajay.pillai345@gmail.com,9498127494,Chandigarh,Mohali,2023-05-30,39,Male
1184,Swati Chopra,swati.chopra999@gmail.com,9482283477,Surat,Udhna,2021-04-28,39,Male
1185,Aarav Mukherjee,aarav.mukherjee617@gmail.com,9231957007,Surat,Vesu,2021-02-22,51,Male
1186,Deepa Chopra,deepa.chopra528@gmail.com,9543591301,Mysuru,Gokulam,2023-09-01,30,Male
1187,Simran Verma,simran.verma695@gmail.com,9577070108,Indore,Vijay Nagar,2022-10-29,32,Male
1188,Ajay Malhotra,ajay.malhotra439@gmail.com,9611232011,Visakhapatnam,Dwaraka Nagar,2022-12-15,24,Female
1189,Sonal Gowda,sonal.gowda898@gmail.com,9714065028,Kolkata,Salt Lake,2023-12-02,50,Male
1190,Amit Menon,amit.menon173@gmail.com,9579196694,Bengaluru,Whitefield,2023-08-15,25,Female
1191,Girish Mishra,girish.mishra772@gmail.com,9808395905,Ahmedabad,Satellite,2021-12-16,23,Male
1192,Vishal Sethi,vishal.sethi925@gmail.com,9511769051,Mumbai,Andheri,2022-10-31,35,Female
1193,Anjali Kohli,anjali.kohli945@gmail.com,9673961503,Nagpur,Dharampeth,2021-10-06,49,Male
1194,Aishwarya Das,aishwarya.das660@gmail.com,9468535879,Coimbatore,Singanallur,2021-05-13,42,Female
1195,Vishal Das,vishal.das298@gmail.com,9194146051,Ahmedabad,Vastrapur,2021-08-25,25,Male
1196,Bhavna Bhatia,bhavna.bhatia587@gmail.com,9494854627,Coimbatore,Gandhipuram,2021-08-26,26,Male
1197,Tanya Kamath,tanya.kamath605@gmail.com,9675099391,Mumbai,Juhu,2021-05-07,30,Female
1198,Ritesh Srivastava,ritesh.srivastava680@gmail.com,9745982017,Indore,AB Road,2023-12-01,55,Female
1199,Rohan Malhotra,rohan.malhotra324@gmail.com,9255371286,Mumbai,Dadar,2023-08-02,36,Female
1200,Vijay Khanna,vijay.khanna150@gmail.com,9902149493,Mysuru,Jayalakshmipuram,2022-08-04,20,Male
1201,Preeti Dubey,preeti.dubey869@gmail.com,9858622505,Bhopal,MP Nagar,2022-07-15,54,Female
1202,Riya Menon,riya.menon830@gmail.com,9457711236,Lucknow,Aliganj,2021-05-01,27,Female
1203,Meera Mehra,meera.mehra745@gmail.com,9520700491,Delhi,Lajpat Nagar,2023-09-26,37,Female
1204,Aditya Hegde,aditya.hegde695@gmail.com,9608332590,Surat,Pal,2023-05-16,40,Female
1205,Mohit Kumar,mohit.kumar714@gmail.com,9309478626,Bhopal,Habibganj,2022-08-02,53,Female
1206,Pranav Nair,pranav.nair871@gmail.com,9861913813,Chandigarh,Mohali,2021-04-21,37,Female
1207,Karan Kamath,karan.kamath299@gmail.com,9255502389,Chennai,Velachery,2023-09-16,31,Female
1208,Pooja Bhatia,pooja.bhatia695@gmail.com,9943423396,Mumbai,Juhu,2021-07-28,27,Female
1209,Ritesh Khanna,ritesh.khanna365@gmail.com,9608820219,Pune,Kothrud,2021-07-16,29,Male
1210,Raj Krishnan,raj.krishnan994@gmail.com,9259524021,Chandigarh,Mohali,2023-06-08,43,Female
1211,Arjun Joshi,arjun.joshi310@gmail.com,9838717308,Ahmedabad,CG Road,2023-09-28,29,Female
1212,Krishna Anand,krishna.anand648@gmail.com,9801363302,Mysuru,Hebbal,2022-07-18,46,Male
1213,Vivaan Joshi,vivaan.joshi501@gmail.com,9788708018,Hyderabad,Banjara Hills,2021-09-07,50,Female
1214,Aditya Shetty,aditya.shetty281@gmail.com,9844882463,Coimbatore,Singanallur,2023-09-10,24,Male
1215,Divya Kapoor,divya.kapoor586@gmail.com,9234471604,Nagpur,Sadar,2022-09-04,24,Male
1216,Kabir Sethi,kabir.sethi833@gmail.com,9852415900,Vadodara,Fatehgunj,2023-04-11,19,Female
1217,Rajan Subramaniam,rajan.subramaniam858@gmail.com,9727839970,Nagpur,Dharampeth,2023-11-29,52,Male
1218,Kavya Kohli,kavya.kohli6@gmail.com,9695627964,Hyderabad,Jubilee Hills,2022-01-04,46,Male
1219,Raj Gupta,raj.gupta669@gmail.com,9273098204,Chennai,Nungambakkam,2022-02-27,23,Male
1220,Anjali Arora,anjali.arora519@gmail.com,9420595601,Delhi,Connaught Place,2021-09-13,41,Male
1221,Ananya Sen,ananya.sen48@gmail.com,9657747746,Mumbai,Andheri,2022-09-08,36,Male
1222,Sandeep Nair,sandeep.nair536@gmail.com,9478082887,Coimbatore,Saibaba Colony,2022-10-03,52,Male
1223,Kavya Mehra,kavya.mehra38@gmail.com,9301942549,Hyderabad,Banjara Hills,2022-05-01,27,Male
1224,Riya Nair,riya.nair606@gmail.com,9485543281,Visakhapatnam,Steel Plant,2022-03-19,35,Female
1225,Ritesh Kumar,ritesh.kumar391@gmail.com,9797684086,Vadodara,Sama,2022-06-18,28,Female
1226,Naveen Patel,naveen.patel549@gmail.com,9318788750,Jaipur,Raja Park,2021-10-21,22,Male
1227,Sneha Sethi,sneha.sethi620@gmail.com,9276139909,Indore,Rajwada,2023-11-14,44,Female
1228,Preeti Sen,preeti.sen80@gmail.com,9390044760,Surat,Adajan,2022-05-22,25,Male
1229,Nikhil Khanna,nikhil.khanna338@gmail.com,9787385349,Vadodara,Akota,2021-05-16,23,Male
1230,Aishwarya Anand,aishwarya.anand281@gmail.com,9110590679,Jaipur,Vaishali Nagar,2022-04-08,24,Female
1231,Meera Kapoor,meera.kapoor540@gmail.com,9882035603,Hyderabad,Banjara Hills,2021-12-26,37,Male
1232,Ajay Mehta,ajay.mehta565@gmail.com,9391041983,Bhopal,Habibganj,2022-08-01,24,Male
1233,Ananya Srivastava,ananya.srivastava826@gmail.com,9895961740,Surat,Vesu,2022-12-08,52,Male
1234,Gaurav Pillai,gaurav.pillai10@gmail.com,9837293786,Coimbatore,Gandhipuram,2022-06-15,50,Female
1235,Amit Reddy,amit.reddy55@gmail.com,9878913009,Surat,Ring Road,2022-07-02,41,Female
1236,Shivam Sethi,shivam.sethi363@gmail.com,9957349455,Mysuru,Jayalakshmipuram,2023-06-18,47,Male
1237,Tanvi Pandey,tanvi.pandey313@gmail.com,9782508147,Kochi,Tripunithura,2022-04-14,23,Male
1238,Akash Anand,akash.anand79@gmail.com,9883781096,Chandigarh,Sector 17,2021-06-12,33,Male
1239,Ananya Kamath,ananya.kamath568@gmail.com,9629194227,Delhi,Connaught Place,2022-08-09,18,Female
1240,Manoj Ahuja,manoj.ahuja528@gmail.com,9835643996,Chennai,Velachery,2023-10-17,52,Male
1241,Gaurav Sharma,gaurav.sharma732@gmail.com,9556317624,Visakhapatnam,MVP Colony,2021-01-15,52,Male
1242,Deepa Bhatia,deepa.bhatia622@gmail.com,9581736456,Bhopal,Kolar Road,2021-03-28,28,Male
1243,Meera Rao,meera.rao527@gmail.com,9479343890,Bengaluru,Whitefield,2021-10-01,21,Female
1244,Vijay Kapoor,vijay.kapoor347@gmail.com,9829138534,Pune,Hinjewadi,2021-08-20,33,Male
1245,Raj Shukla,raj.shukla272@gmail.com,9328777818,Lucknow,Aliganj,2022-08-25,18,Male
1246,Mohit Banerjee,mohit.banerjee958@gmail.com,9597203646,Lucknow,Indiranagar,2021-03-14,49,Male
1247,Sunita Sharma,sunita.sharma306@gmail.com,9479989445,Visakhapatnam,Rushikonda,2022-11-04,24,Male
1248,Rekha Ahuja,rekha.ahuja10@gmail.com,9208810611,Pune,Aundh,2022-12-28,45,Female
1249,Pooja Patel,pooja.patel421@gmail.com,9232975024,Bhopal,Kolar Road,2021-11-11,49,Male
1250,Rahul Anand,rahul.anand405@gmail.com,9501911728,Jaipur,Vaishali Nagar,2023-08-22,37,Male
1251,Ritesh Rao,ritesh.rao450@gmail.com,9804674903,Vadodara,Sama,2021-08-11,46,Female
1252,Vikram Garg,vikram.garg905@gmail.com,9861518573,Kochi,MG Road,2023-01-06,30,Male
1253,Sneha Shukla,sneha.shukla432@gmail.com,9898782296,Delhi,Lajpat Nagar,2023-03-20,39,Male
1254,Karan Kohli,karan.kohli122@gmail.com,9552147658,Kolkata,New Town,2022-06-29,49,Male
1255,Vijay Khanna,vijay.khanna514@gmail.com,9879530718,Chennai,Adyar,2023-03-30,42,Female
1256,Nikhil Mehta,nikhil.mehta353@gmail.com,9636871915,Mumbai,Andheri,2021-11-15,18,Female
1257,Sai Khanna,sai.khanna445@gmail.com,9615603325,Chandigarh,Sector 43,2021-01-17,36,Male
1258,Ajay Patel,ajay.patel747@gmail.com,9648939598,Kochi,Edapally,2021-11-09,29,Female
1259,Ishita Anand,ishita.anand683@gmail.com,9981122649,Hyderabad,Hitech City,2022-05-22,45,Female
1260,Harish Sethi,harish.sethi194@gmail.com,9734792087,Hyderabad,Madhapur,2022-01-07,27,Female
1261,Raj Nair,raj.nair197@gmail.com,9256990862,Surat,Adajan,2022-07-15,45,Male
1262,Pooja Patel,pooja.patel538@gmail.com,9429043827,Delhi,Dwarka,2023-04-15,32,Female
1263,Bhavna Sen,bhavna.sen438@gmail.com,9791353541,Nagpur,Dharampeth,2023-11-11,21,Male
1264,Nikhil Pandey,nikhil.pandey729@gmail.com,9548903755,Indore,Palasia,2022-12-20,33,Male
1265,Sai Rao,sai.rao677@gmail.com,9899674279,Delhi,Connaught Place,2021-04-17,38,Female
1266,Tanvi Pillai,tanvi.pillai442@gmail.com,9298470441,Jaipur,Mansarovar,2021-07-26,34,Female
1267,Geeta Agarwal,geeta.agarwal686@gmail.com,9114669009,Lucknow,Hazratganj,2021-07-18,53,Female
1268,Aishwarya Chopra,aishwarya.chopra620@gmail.com,9498994177,Indore,Rajwada,2023-12-20,33,Male
1269,Kavya Shetty,kavya.shetty134@gmail.com,9775983431,Surat,Adajan,2021-08-06,25,Male
1270,Sneha Chatterjee,sneha.chatterjee965@gmail.com,9686884756,Mysuru,VV Mohalla,2021-06-03,39,Male
1271,Harish Arora,harish.arora45@gmail.com,9237258508,Kolkata,Howrah,2021-11-11,30,Female
1272,Hemant Sethi,hemant.sethi917@gmail.com,9493002419,Jaipur,Mansarovar,2022-12-13,46,Male
1273,Vishal Kumar,vishal.kumar954@gmail.com,9641025679,Nagpur,Sadar,2023-12-09,19,Female
1274,Ishita Mehra,ishita.mehra979@gmail.com,9707925535,Chennai,Adyar,2021-04-04,21,Female
1275,Mohit Menon,mohit.menon170@gmail.com,9570025055,Vadodara,Manjalpur,2021-06-03,50,Female
1276,Neha Malhotra,neha.malhotra189@gmail.com,9103866057,Visakhapatnam,Gajuwaka,2022-02-28,28,Male
1277,Riya Shetty,riya.shetty467@gmail.com,9640970200,Mumbai,Borivali,2023-11-17,51,Male
1278,Megha Das,megha.das176@gmail.com,9340442416,Lucknow,Alambagh,2021-09-01,20,Male
1279,Swati Shukla,swati.shukla965@gmail.com,9398238769,Delhi,Vasant Kunj,2021-10-31,26,Male
1280,Sai Bajaj,sai.bajaj119@gmail.com,9101503196,Ahmedabad,Satellite,2023-12-31,40,Male
1281,Puja Srivastava,puja.srivastava740@gmail.com,9243464363,Bengaluru,Malleshwaram,2022-06-25,44,Male
1282,Sonal Srivastava,sonal.srivastava844@gmail.com,9481697128,Delhi,Vasant Kunj,2021-01-22,32,Male
1283,Priya Tiwari,priya.tiwari740@gmail.com,9900764212,Mumbai,Dadar,2021-08-06,42,Male
1284,Hemant Banerjee,hemant.banerjee276@gmail.com,9318955963,Mysuru,Jayalakshmipuram,2022-10-27,55,Female
1285,Rahul Ghosh,rahul.ghosh152@gmail.com,9614329730,Ahmedabad,CG Road,2023-01-25,23,Female
1286,Divya Mukherjee,divya.mukherjee584@gmail.com,9626690096,Pune,Viman Nagar,2022-01-22,29,Male
1287,Aditya Dubey,aditya.dubey704@gmail.com,9752643989,Pune,Viman Nagar,2023-03-19,30,Male
1288,Suresh Kumar,suresh.kumar931@gmail.com,9792690988,Kochi,Edapally,2023-07-21,43,Male
1289,Vinod Nair,vinod.nair387@gmail.com,9512306716,Mumbai,Dadar,2021-07-24,19,Male
1290,Vivaan Arora,vivaan.arora789@gmail.com,9189760032,Delhi,Lajpat Nagar,2022-05-24,35,Female
1291,Vivaan Sharma,vivaan.sharma874@gmail.com,9859624835,Hyderabad,Madhapur,2022-11-25,23,Female
1292,Vikram Pillai,vikram.pillai315@gmail.com,9456220636,Coimbatore,Saibaba Colony,2021-12-01,48,Female
1293,Deepa Singh,deepa.singh22@gmail.com,9985756373,Vadodara,Sama,2021-09-10,20,Male
1294,Girish Shukla,girish.shukla146@gmail.com,9101299672,Hyderabad,Madhapur,2023-05-01,32,Male
1295,Nisha Sen,nisha.sen672@gmail.com,9407998770,Surat,Vesu,2022-12-25,32,Female
1296,Nikhil Menon,nikhil.menon105@gmail.com,9402595772,Pune,Kothrud,2022-04-05,40,Male
1297,Aishwarya Joshi,aishwarya.joshi620@gmail.com,9262245578,Indore,Vijay Nagar,2021-03-30,29,Female
1298,Vinod Agarwal,vinod.agarwal154@gmail.com,9816479341,Visakhapatnam,MVP Colony,2023-05-21,37,Male
1299,Tanvi Garg,tanvi.garg678@gmail.com,9496331524,Hyderabad,Hitech City,2023-10-20,34,Male
1300,Aarav Reddy,aarav.reddy400@gmail.com,9579635523,Chennai,Adyar,2021-10-30,48,Male
1301,Nikhil Kamath,nikhil.kamath93@gmail.com,9446875956,Kochi,Kakkanad,2021-10-24,26,Female
1302,Neha Garg,neha.garg493@gmail.com,9844554951,Chandigarh,Sector 43,2023-05-19,44,Male
1303,Aishwarya Nair,aishwarya.nair563@gmail.com,9633759522,Ahmedabad,CG Road,2023-05-08,52,Male
1304,Vijay Naidu,vijay.naidu86@gmail.com,9723805279,Vadodara,Fatehgunj,2023-02-27,44,Male
1305,Meera Mehra,meera.mehra3@gmail.com,9318269877,Bengaluru,Indiranagar,2023-01-11,19,Male
1306,Harish Nair,harish.nair370@gmail.com,9936065712,Hyderabad,Banjara Hills,2022-12-17,26,Male
1307,Naveen Reddy,naveen.reddy216@gmail.com,9988866898,Vadodara,Akota,2022-05-12,32,Male
1308,Vikram Joshi,vikram.joshi713@gmail.com,9556027541,Chennai,Velachery,2021-02-23,41,Male
1309,Rohan Kohli,rohan.kohli858@gmail.com,9737722802,Coimbatore,RS Puram,2023-09-04,28,Male
1310,Suresh Chopra,suresh.chopra79@gmail.com,9113397827,Chennai,Anna Nagar,2022-05-17,54,Female
1311,Rahul Arora,rahul.arora767@gmail.com,9666345161,Pune,Aundh,2021-10-14,37,Female
1312,Akash Ahuja,akash.ahuja294@gmail.com,9219471674,Chandigarh,Sector 43,2021-01-28,27,Male
1313,Arjun Gowda,arjun.gowda12@gmail.com,9525621256,Pune,Baner,2021-11-25,45,Female
1314,Hemant Sethi,hemant.sethi314@gmail.com,9861661789,Jaipur,Mansarovar,2023-10-25,32,Female
1315,Karan Pandey,karan.pandey974@gmail.com,9234360915,Bengaluru,Jayanagar,2023-02-13,31,Female
1316,Ishaan Das,ishaan.das837@gmail.com,9843487393,Surat,Vesu,2021-06-08,47,Female
1317,Preeti Bajaj,preeti.bajaj56@gmail.com,9962578964,Surat,Udhna,2021-12-04,41,Female
1318,Sneha Pandey,sneha.pandey372@gmail.com,9747670508,Hyderabad,Banjara Hills,2021-06-09,39,Male
1319,Swati Shukla,swati.shukla67@gmail.com,9327536570,Pune,Baner,2021-08-07,18,Male
1320,Sneha Hegde,sneha.hegde276@gmail.com,9191310308,Kolkata,Park Street,2022-05-08,54,Male
1321,Reyansh Kamath,reyansh.kamath323@gmail.com,9200084477,Nagpur,Dharampeth,2021-04-09,37,Male
1322,Sunita Arora,sunita.arora200@gmail.com,9437662209,Lucknow,Aliganj,2023-10-22,43,Male
1323,Amit Mehra,amit.mehra919@gmail.com,9896127318,Hyderabad,Hitech City,2023-04-15,50,Male
1324,Sanjay Anand,sanjay.anand489@gmail.com,9729597320,Chennai,Anna Nagar,2023-02-22,20,Male
1325,Karan Reddy,karan.reddy976@gmail.com,9871443460,Mysuru,VV Mohalla,2021-07-11,32,Female
1326,Suresh Anand,suresh.anand747@gmail.com,9753628442,Pune,Baner,2023-11-24,51,Male
1327,Rajesh Nair,rajesh.nair639@gmail.com,9562676904,Chandigarh,Sector 35,2023-01-08,20,Female
1328,Swati Banerjee,swati.banerjee982@gmail.com,9263639767,Visakhapatnam,Steel Plant,2021-06-03,54,Female
1329,Pranav Sharma,pranav.sharma511@gmail.com,9201054129,Chennai,Adyar,2021-06-28,47,Male
1330,Ananya Shukla,ananya.shukla591@gmail.com,9490120758,Pune,Kothrud,2022-07-28,40,Male
1331,Dhruv Rao,dhruv.rao263@gmail.com,9919422169,Mysuru,Chamundi Hill,2023-08-28,46,Female
1332,Raj Kamath,raj.kamath880@gmail.com,9407761324,Nagpur,Dharampeth,2023-01-15,43,Female
1333,Amit Ghosh,amit.ghosh383@gmail.com,9189647293,Indore,Rajwada,2022-10-05,44,Male
1334,Rajesh Tiwari,rajesh.tiwari759@gmail.com,9948890239,Delhi,Rohini,2021-04-27,33,Male
1335,Vivaan Reddy,vivaan.reddy163@gmail.com,9712176430,Hyderabad,Hitech City,2023-02-09,43,Male
1336,Meera Kapoor,meera.kapoor478@gmail.com,9603035907,Mysuru,VV Mohalla,2022-12-16,52,Female
1337,Rohan Patel,rohan.patel940@gmail.com,9526216314,Pune,Hadapsar,2021-08-10,45,Female
1338,Gaurav Agarwal,gaurav.agarwal619@gmail.com,9622155300,Bengaluru,Whitefield,2022-12-03,31,Female
1339,Nikhil Pandey,nikhil.pandey972@gmail.com,9604623813,Mysuru,VV Mohalla,2021-11-15,27,Female
1340,Preeti Kamath,preeti.kamath64@gmail.com,9968156321,Delhi,Rohini,2023-02-18,41,Female
1341,Harish Banerjee,harish.banerjee976@gmail.com,9914558145,Delhi,Lajpat Nagar,2021-02-16,45,Male
1342,Anjali Chandra,anjali.chandra71@gmail.com,9394103594,Pune,Kothrud,2021-10-18,43,Male
1343,Megha Sethi,megha.sethi220@gmail.com,9819025194,Mysuru,Hebbal,2023-12-11,34,Female
1344,Sai Patel,sai.patel169@gmail.com,9313250824,Kochi,Kakkanad,2022-09-01,40,Female
1345,Sachin Pillai,sachin.pillai364@gmail.com,9843997253,Vadodara,Fatehgunj,2023-06-14,54,Female
1346,Vivaan Hegde,vivaan.hegde741@gmail.com,9817219263,Visakhapatnam,MVP Colony,2021-06-09,55,Male
1347,Suresh Srivastava,suresh.srivastava919@gmail.com,9592481419,Chandigarh,Sector 17,2021-11-05,27,Female
1348,Preeti Joshi,preeti.joshi740@gmail.com,9103948031,Kochi,Kakkanad,2023-12-03,46,Female
1349,Rajesh Chandra,rajesh.chandra224@gmail.com,9900697371,Coimbatore,RS Puram,2021-03-16,30,Female
1350,Girish Anand,girish.anand222@gmail.com,9473754019,Pune,Baner,2023-02-13,31,Female
1351,Vivaan Chopra,vivaan.chopra919@gmail.com,9429601610,Indore,Vijay Nagar,2022-09-11,50,Male
1352,Vijay Bajaj,vijay.bajaj361@gmail.com,9478183919,Mysuru,Hebbal,2023-04-21,52,Female
1353,Deepak Arora,deepak.arora470@gmail.com,9559973407,Chandigarh,Sector 17,2021-12-27,41,Female
1354,Hemant Gowda,hemant.gowda391@gmail.com,9406046409,Pune,Baner,2023-06-12,45,Male
1355,Pranav Patel,pranav.patel632@gmail.com,9541608179,Hyderabad,Banjara Hills,2021-02-03,24,Female
1356,Girish Mehta,girish.mehta684@gmail.com,9411282536,Mysuru,Gokulam,2021-03-08,44,Female
1357,Meera Anand,meera.anand118@gmail.com,9309981202,Mysuru,Gokulam,2023-02-20,48,Male
1358,Rekha Mukherjee,rekha.mukherjee963@gmail.com,9502270717,Kochi,Thrippunithura,2021-01-16,32,Male
1359,Tanvi Pandey,tanvi.pandey690@gmail.com,9359367110,Jaipur,C-Scheme,2023-04-30,18,Female
1360,Arjun Sharma,arjun.sharma861@gmail.com,9976932479,Mumbai,Andheri,2023-02-06,51,Male
1361,Preeti Agarwal,preeti.agarwal248@gmail.com,9696720830,Pune,Baner,2023-05-31,43,Female
1362,Mohit Singh,mohit.singh962@gmail.com,9783193458,Coimbatore,Saibaba Colony,2021-09-21,42,Female
1363,Gaurav Srivastava,gaurav.srivastava237@gmail.com,9206920983,Bhopal,Arera Colony,2023-06-15,26,Male
1364,Raj Chandra,raj.chandra858@gmail.com,9693677770,Coimbatore,Saibaba Colony,2022-06-17,28,Male
1365,Kavya Patel,kavya.patel12@gmail.com,9775269926,Bengaluru,Koramangala,2023-06-15,55,Female
1366,Vihaan Rajan,vihaan.rajan26@gmail.com,9897081101,Vadodara,Alkapuri,2023-02-23,26,Female
1367,Sunita Rao,sunita.rao199@gmail.com,9674899856,Ahmedabad,Satellite,2022-09-01,33,Female
1368,Shruti Kohli,shruti.kohli958@gmail.com,9254371352,Delhi,Karol Bagh,2021-06-19,19,Male
1369,Rohan Joshi,rohan.joshi110@gmail.com,9252294589,Mysuru,Gokulam,2021-09-09,36,Male
1370,Divya Patel,divya.patel935@gmail.com,9323308727,Bengaluru,HSR Layout,2023-01-11,43,Male
1371,Ajay Verma,ajay.verma983@gmail.com,9771821748,Kochi,MG Road,2023-09-24,22,Female
1372,Shivam Kapoor,shivam.kapoor185@gmail.com,9420785720,Chandigarh,Sector 43,2021-11-26,18,Female
1373,Arjun Joshi,arjun.joshi629@gmail.com,9744237435,Chandigarh,Sector 35,2023-09-19,52,Male
1374,Karan Subramaniam,karan.subramaniam621@gmail.com,9131734701,Jaipur,Malviya Nagar,2022-01-30,52,Male
1375,Deepak Krishnan,deepak.krishnan118@gmail.com,9332956649,Chennai,T Nagar,2023-01-18,19,Male
1376,Vikram Das,vikram.das275@gmail.com,9393847145,Bengaluru,Malleshwaram,2021-09-17,48,Female
1377,Krishna Garg,krishna.garg764@gmail.com,9968669732,Vadodara,Sama,2023-08-15,49,Female
1378,Manoj Malhotra,manoj.malhotra203@gmail.com,9837722327,Kolkata,Ballygunge,2021-12-21,35,Female
1379,Rohan Shetty,rohan.shetty814@gmail.com,9321010210,Coimbatore,Peelamedu,2021-12-06,49,Female
1380,Rajesh Sen,rajesh.sen638@gmail.com,9215490714,Visakhapatnam,Gajuwaka,2022-10-15,42,Female
1381,Pooja Kamath,pooja.kamath461@gmail.com,9279582303,Indore,Palasia,2021-05-12,20,Male
1382,Anjali Shetty,anjali.shetty361@gmail.com,9527678529,Kochi,Kakkanad,2023-12-23,19,Male
1383,Divya Srivastava,divya.srivastava252@gmail.com,9177996967,Kochi,Edapally,2023-01-03,31,Male
1384,Puja Reddy,puja.reddy327@gmail.com,9839048352,Chandigarh,Sector 17,2021-01-20,18,Male
1385,Riya Mukherjee,riya.mukherjee576@gmail.com,9171119440,Coimbatore,Peelamedu,2022-04-22,42,Male
1386,Riya Subramaniam,riya.subramaniam734@gmail.com,9752732351,Kolkata,Park Street,2022-07-24,22,Male
1387,Shivam Khanna,shivam.khanna203@gmail.com,9311659485,Kochi,Kakkanad,2022-10-18,21,Female
1388,Vijay Gupta,vijay.gupta128@gmail.com,9586174310,Jaipur,Raja Park,2021-09-02,28,Male
1389,Simran Shetty,simran.shetty292@gmail.com,9119151578,Surat,Vesu,2021-02-13,54,Male
1390,Praveen Shukla,praveen.shukla918@gmail.com,9672805833,Chennai,Velachery,2021-03-17,51,Male
1391,Bhavna Bajaj,bhavna.bajaj98@gmail.com,9991044883,Mumbai,Bandra,2023-08-21,44,Male
1392,Ishita Srivastava,ishita.srivastava570@gmail.com,9931734840,Indore,Bhawarkuan,2021-06-13,38,Female
1393,Sai Malhotra,sai.malhotra870@gmail.com,9788372804,Lucknow,Aliganj,2023-10-08,25,Male
1394,Rohan Verma,rohan.verma143@gmail.com,9212888587,Ahmedabad,Navrangpura,2021-01-22,38,Female
1395,Meera Iyer,meera.iyer836@gmail.com,9677198900,Bengaluru,Indiranagar,2023-01-26,18,Male
1396,Shruti Gupta,shruti.gupta77@gmail.com,9383174852,Hyderabad,Banjara Hills,2022-09-16,39,Male
1397,Tanya Pandey,tanya.pandey123@gmail.com,9235601470,Pune,Viman Nagar,2023-08-02,38,Female
1398,Akash Chandra,akash.chandra541@gmail.com,9358260082,Mysuru,VV Mohalla,2023-12-05,54,Female
1399,Ajay Pandey,ajay.pandey95@gmail.com,9383266009,Chandigarh,Sector 43,2022-04-08,36,Male
1400,Sunita Hegde,sunita.hegde77@gmail.com,9631078882,Ahmedabad,Satellite,2021-06-09,21,Female
1401,Vivaan Kohli,vivaan.kohli193@gmail.com,9623605451,Kolkata,New Town,2023-02-28,24,Male
1402,Kavya Shetty,kavya.shetty779@gmail.com,9434820002,Bhopal,Kolar Road,2022-10-04,47,Female
1403,Sanjay Mehta,sanjay.mehta395@gmail.com,9585795047,Chennai,T Nagar,2023-01-15,50,Female
1404,Gaurav Chatterjee,gaurav.chatterjee169@gmail.com,9836872507,Bengaluru,Whitefield,2023-05-17,37,Male
1405,Rohan Reddy,rohan.reddy247@gmail.com,9117811159,Mysuru,VV Mohalla,2021-08-14,47,Female
1406,Lavanya Verma,lavanya.verma361@gmail.com,9385162989,Nagpur,Itwari,2023-07-17,25,Male
1407,Atharv Garg,atharv.garg407@gmail.com,9639222830,Kochi,Edapally,2021-11-05,45,Male
1408,Aishwarya Singh,aishwarya.singh101@gmail.com,9152757656,Mysuru,Chamundi Hill,2023-01-28,42,Female
1409,Sneha Shukla,sneha.shukla609@gmail.com,9396272962,Kolkata,New Town,2021-12-28,51,Male
1410,Vijay Subramaniam,vijay.subramaniam662@gmail.com,9367301847,Kochi,MG Road,2021-04-13,25,Female
1411,Nikhil Singh,nikhil.singh245@gmail.com,9170703095,Delhi,Rohini,2022-06-30,52,Male
1412,Ishita Das,ishita.das403@gmail.com,9208774639,Visakhapatnam,Rushikonda,2023-03-14,32,Male
1413,Vijay Banerjee,vijay.banerjee653@gmail.com,9409229641,Pune,Viman Nagar,2022-12-13,36,Male
1414,Pranav Rao,pranav.rao757@gmail.com,9427839350,Bhopal,Kolar Road,2023-09-04,33,Female
1415,Preeti Khanna,preeti.khanna341@gmail.com,9588784803,Bengaluru,Indiranagar,2022-01-19,27,Male
1416,Harish Sen,harish.sen998@gmail.com,9383287655,Chandigarh,Sector 17,2021-12-30,22,Female
1417,Vivaan Gowda,vivaan.gowda501@gmail.com,9365762299,Indore,Bhawarkuan,2021-01-03,48,Male
1418,Reyansh Verma,reyansh.verma538@gmail.com,9640249409,Coimbatore,Peelamedu,2022-04-13,28,Female
1419,Pranav Mehta,pranav.mehta503@gmail.com,9889001603,Lucknow,Alambagh,2023-07-16,40,Male
1420,Anjali Kohli,anjali.kohli470@gmail.com,9114561069,Nagpur,Wardha Road,2023-01-17,40,Male
1421,Aishwarya Subramaniam,aishwarya.subramaniam277@gmail.com,9836355132,Visakhapatnam,Rushikonda,2021-08-19,51,Male
1422,Suresh Bose,suresh.bose510@gmail.com,9133183643,Ahmedabad,Satellite,2023-01-02,33,Male
1423,Vishal Chopra,vishal.chopra943@gmail.com,9505636313,Kolkata,Park Street,2022-02-01,24,Male
1424,Girish Ghosh,girish.ghosh933@gmail.com,9829141955,Bhopal,Arera Colony,2022-06-28,40,Male
1425,Mohit Shetty,mohit.shetty196@gmail.com,9144130760,Kochi,Kakkanad,2022-09-26,55,Male
1426,Bhavna Rajan,bhavna.rajan581@gmail.com,9950967842,Hyderabad,Secunderabad,2023-07-21,40,Male
1427,Nikhil Sharma,nikhil.sharma698@gmail.com,9261305816,Nagpur,Sitabuldi,2023-08-14,51,Male
1428,Karan Dubey,karan.dubey819@gmail.com,9416460423,Nagpur,Wardha Road,2021-05-13,18,Female
1429,Reyansh Banerjee,reyansh.banerjee55@gmail.com,9624379478,Lucknow,Indiranagar,2021-09-10,37,Male
1430,Vishal Garg,vishal.garg142@gmail.com,9476043961,Mumbai,Bandra,2022-05-30,36,Male
1431,Rahul Patel,rahul.patel443@gmail.com,9728380379,Jaipur,Vaishali Nagar,2022-02-07,23,Male
1432,Meera Gupta,meera.gupta832@gmail.com,9828534120,Nagpur,Wardha Road,2022-05-25,42,Female
1433,Gaurav Mehta,gaurav.mehta178@gmail.com,9705491190,Jaipur,C-Scheme,2022-09-29,45,Male
1434,Vikram Khanna,vikram.khanna427@gmail.com,9695157666,Kolkata,Ballygunge,2021-10-05,30,Male
1435,Komal Patel,komal.patel559@gmail.com,9296894372,Lucknow,Indiranagar,2023-08-03,42,Female
1436,Pranav Nair,pranav.nair516@gmail.com,9835688469,Bhopal,TT Nagar,2022-10-04,40,Female
1437,Sunita Sen,sunita.sen473@gmail.com,9129713590,Mysuru,Hebbal,2023-04-21,53,Male
1438,Shivam Patel,shivam.patel806@gmail.com,9360538788,Chennai,Nungambakkam,2022-09-12,55,Male
1439,Puja Nair,puja.nair55@gmail.com,9911034961,Visakhapatnam,Steel Plant,2022-08-24,43,Female
1440,Gaurav Kohli,gaurav.kohli472@gmail.com,9158353824,Mumbai,Powai,2023-11-27,23,Male
1441,Lavanya Bajaj,lavanya.bajaj842@gmail.com,9412004592,Hyderabad,Hitech City,2021-07-19,54,Female
1442,Aishwarya Singh,aishwarya.singh758@gmail.com,9869820685,Hyderabad,Madhapur,2023-11-13,21,Female
1443,Deepak Reddy,deepak.reddy229@gmail.com,9825506692,Vadodara,Akota,2021-10-07,27,Male
1444,Komal Ahuja,komal.ahuja639@gmail.com,9838492458,Mumbai,Borivali,2023-09-21,30,Male
1445,Kabir Sharma,kabir.sharma533@gmail.com,9204006538,Chennai,Nungambakkam,2021-09-05,33,Female
1446,Rohan Pillai,rohan.pillai455@gmail.com,9519525848,Mumbai,Borivali,2023-11-02,21,Male
1447,Megha Malhotra,megha.malhotra862@gmail.com,9687035323,Nagpur,Sitabuldi,2022-04-27,34,Male
1448,Sandeep Kohli,sandeep.kohli150@gmail.com,9783111510,Visakhapatnam,Dwaraka Nagar,2023-06-05,19,Female
1449,Suresh Bhatia,suresh.bhatia760@gmail.com,9851220552,Ahmedabad,Satellite,2023-11-14,52,Female
1450,Harish Pillai,harish.pillai983@gmail.com,9732180317,Lucknow,Alambagh,2021-07-24,49,Male
1451,Ishita Malhotra,ishita.malhotra427@gmail.com,9973482107,Surat,Adajan,2023-08-09,45,Female
1452,Vihaan Shukla,vihaan.shukla12@gmail.com,9723348011,Mysuru,VV Mohalla,2023-03-09,37,Male
1453,Sandeep Gupta,sandeep.gupta904@gmail.com,9876385418,Indore,AB Road,2023-08-17,47,Male
1454,Vivaan Iyer,vivaan.iyer216@gmail.com,9474557738,Indore,Rajwada,2023-10-28,51,Female
1455,Manoj Kumar,manoj.kumar361@gmail.com,9804303106,Pune,Hadapsar,2021-11-07,54,Male
1456,Naveen Sethi,naveen.sethi946@gmail.com,9522977752,Chennai,Adyar,2022-09-13,22,Female
1457,Tanya Pillai,tanya.pillai795@gmail.com,9807493966,Visakhapatnam,MVP Colony,2023-11-05,51,Male
1458,Amit Mehra,amit.mehra599@gmail.com,9763008755,Chandigarh,Mohali,2022-12-14,43,Male
1459,Reyansh Verma,reyansh.verma682@gmail.com,9214053320,Pune,Viman Nagar,2021-07-17,49,Female
1460,Simran Arora,simran.arora922@gmail.com,9286828884,Ahmedabad,Satellite,2021-08-04,42,Female
1461,Kabir Singh,kabir.singh39@gmail.com,9905236512,Visakhapatnam,Gajuwaka,2021-08-23,22,Female
1462,Puja Gowda,puja.gowda111@gmail.com,9850251037,Mumbai,Andheri,2022-10-20,46,Female
1463,Vikram Chandra,vikram.chandra201@gmail.com,9371114382,Coimbatore,Singanallur,2022-02-14,49,Female
1464,Tanvi Das,tanvi.das834@gmail.com,9667504169,Kolkata,Salt Lake,2023-06-08,30,Male
1465,Vihaan Chandra,vihaan.chandra830@gmail.com,9250927932,Hyderabad,Jubilee Hills,2021-03-10,18,Male
1466,Akash Kamath,akash.kamath190@gmail.com,9832679764,Vadodara,Alkapuri,2022-11-29,51,Female
1467,Sneha Banerjee,sneha.banerjee361@gmail.com,9482773059,Coimbatore,Saibaba Colony,2023-10-23,53,Female
1468,Kabir Ghosh,kabir.ghosh583@gmail.com,9183906278,Kochi,Thrippunithura,2021-05-26,26,Male
1469,Megha Mehta,megha.mehta53@gmail.com,9745844522,Hyderabad,Secunderabad,2022-04-18,52,Male
1470,Aditya Das,aditya.das721@gmail.com,9484297783,Lucknow,Alambagh,2023-03-11,22,Female
1471,Tanvi Kumar,tanvi.kumar874@gmail.com,9655940297,Vadodara,Manjalpur,2022-05-10,50,Male
1472,Gaurav Rajan,gaurav.rajan597@gmail.com,9605709532,Delhi,Rohini,2021-08-16,34,Male
1473,Arjun Agarwal,arjun.agarwal343@gmail.com,9921128941,Kochi,Kakkanad,2022-02-15,21,Female
1474,Kavya Hegde,kavya.hegde506@gmail.com,9178288557,Chandigarh,Sector 17,2022-04-28,54,Male
1475,Arjun Garg,arjun.garg909@gmail.com,9692088353,Bengaluru,HSR Layout,2021-06-15,48,Female
1476,Lavanya Ahuja,lavanya.ahuja509@gmail.com,9645035932,Delhi,Connaught Place,2021-03-14,32,Male
1477,Vishal Pillai,vishal.pillai954@gmail.com,9159438642,Lucknow,Gomti Nagar,2021-02-13,19,Female
1478,Rajan Gowda,rajan.gowda54@gmail.com,9515672079,Surat,Adajan,2023-09-15,42,Female
1479,Vishal Mehra,vishal.mehra119@gmail.com,9570248300,Kochi,Tripunithura,2021-10-10,25,Male
1480,Puja Garg,puja.garg941@gmail.com,9162193817,Kolkata,Ballygunge,2023-06-14,33,Female
1481,Krishna Shetty,krishna.shetty766@gmail.com,9908064879,Mumbai,Andheri,2023-04-26,52,Male
1482,Reyansh Sharma,reyansh.sharma59@gmail.com,9236060156,Ahmedabad,Navrangpura,2021-06-06,46,Female
1483,Tanvi Gupta,tanvi.gupta300@gmail.com,9239281757,Chandigarh,Sector 35,2022-05-16,43,Female
1484,Raj Kohli,raj.kohli961@gmail.com,9683735661,Bengaluru,Koramangala,2022-05-28,31,Female
1485,Sunita Das,sunita.das799@gmail.com,9692067517,Mysuru,Chamundi Hill,2023-01-22,36,Female
1486,Vinod Pandey,vinod.pandey107@gmail.com,9157979408,Chandigarh,Mohali,2023-10-29,40,Female
1487,Ajay Pandey,ajay.pandey862@gmail.com,9659414065,Bengaluru,Indiranagar,2021-10-08,32,Male
1488,Hemant Banerjee,hemant.banerjee37@gmail.com,9352442333,Hyderabad,Hitech City,2021-10-18,46,Female
1489,Nikhil Verma,nikhil.verma285@gmail.com,9731618060,Nagpur,Dharampeth,2022-07-08,42,Male
1490,Atharv Singh,atharv.singh508@gmail.com,9120238394,Jaipur,Mansarovar,2023-02-26,42,Female
1491,Sandeep Gupta,sandeep.gupta189@gmail.com,9808589816,Ahmedabad,Satellite,2023-02-16,45,Male
1492,Sai Kohli,sai.kohli960@gmail.com,9127908801,Lucknow,Hazratganj,2022-12-14,39,Male
1493,Riya Arora,riya.arora887@gmail.com,9559077447,Mumbai,Juhu,2023-06-08,21,Male
1494,Hemant Kapoor,hemant.kapoor435@gmail.com,9714827309,Lucknow,Indiranagar,2023-08-08,54,Male
1495,Shruti Iyer,shruti.iyer136@gmail.com,9116303070,Surat,Udhna,2022-05-03,35,Male
1496,Atharv Mishra,atharv.mishra585@gmail.com,9523699821,Vadodara,Sama,2022-11-23,20,Male
1497,Ishita Chopra,ishita.chopra128@gmail.com,9429526162,Jaipur,C-Scheme,2021-01-26,54,Male
1498,Shruti Rao,shruti.rao451@gmail.com,9109524841,Mysuru,Hebbal,2021-02-05,47,Male
1499,Sunita Pillai,sunita.pillai60@gmail.com,9722308895,Vadodara,Fatehgunj,2023-04-17,23,Male
1500,Hemant Srivastava,hemant.srivastava265@gmail.com,9922461359,Bengaluru,HSR Layout,2022-01-04,35,Male
1501,Vijay Nair,vijay.nair893@gmail.com,9763518015,Ahmedabad,Satellite,2021-10-28,21,Female
1502,Nikhil Bajaj,nikhil.bajaj882@gmail.com,9572778060,Delhi,Lajpat Nagar,2023-11-04,55,Male
1503,Reyansh Hegde,reyansh.hegde999@gmail.com,9376429550,Ahmedabad,Navrangpura,2022-06-15,19,Male
1504,Girish Sethi,girish.sethi359@gmail.com,9217213399,Delhi,Rohini,2022-04-26,22,Male
1505,Sandeep Joshi,sandeep.joshi209@gmail.com,9449813326,Bhopal,MP Nagar,2022-05-01,54,Male
1506,Shivam Kumar,shivam.kumar26@gmail.com,9450620232,Kochi,Kakkanad,2021-10-21,41,Male
1507,Akash Bajaj,akash.bajaj637@gmail.com,9133455009,Indore,Bhawarkuan,2022-08-26,28,Male
1508,Reyansh Shukla,reyansh.shukla109@gmail.com,9753949729,Chennai,Nungambakkam,2021-02-22,31,Male
1509,Manoj Sethi,manoj.sethi963@gmail.com,9330713535,Bhopal,Kolar Road,2022-12-06,42,Male
1510,Arjun Kohli,arjun.kohli979@gmail.com,9183012525,Chennai,Velachery,2021-06-10,32,Male
1511,Sanjay Kamath,sanjay.kamath868@gmail.com,9666674119,Vadodara,Akota,2021-09-06,21,Male
1512,Harish Kohli,harish.kohli325@gmail.com,9389032747,Bhopal,Kolar Road,2023-06-23,30,Male
1513,Sonal Mishra,sonal.mishra237@gmail.com,9589434256,Chandigarh,Sector 22,2023-01-12,38,Male
1514,Swati Ghosh,swati.ghosh361@gmail.com,9701786256,Kochi,Kakkanad,2021-06-13,50,Male
1515,Geeta Bajaj,geeta.bajaj460@gmail.com,9944287643,Nagpur,Itwari,2022-04-17,44,Female
1516,Amit Naidu,amit.naidu621@gmail.com,9379472394,Ahmedabad,CG Road,2021-10-10,36,Male
1517,Preeti Joshi,preeti.joshi518@gmail.com,9259341757,Bengaluru,HSR Layout,2023-05-13,54,Female
1518,Pooja Rao,pooja.rao124@gmail.com,9549495817,Mysuru,VV Mohalla,2021-12-08,34,Male
1519,Harish Bhatia,harish.bhatia854@gmail.com,9563233554,Hyderabad,Jubilee Hills,2021-03-11,19,Female
1520,Dhruv Nair,dhruv.nair926@gmail.com,9553504191,Bhopal,Kolar Road,2023-03-06,40,Female
1521,Gaurav Mehra,gaurav.mehra122@gmail.com,9461645150,Vadodara,Fatehgunj,2022-08-24,39,Male
1522,Rohan Ahuja,rohan.ahuja973@gmail.com,9581997700,Delhi,Connaught Place,2022-12-28,44,Female
1523,Vishal Shukla,vishal.shukla742@gmail.com,9922438684,Nagpur,Sitabuldi,2022-01-11,55,Male
1524,Atharv Reddy,atharv.reddy691@gmail.com,9797293050,Mumbai,Dadar,2023-01-28,47,Female
1525,Simran Ghosh,simran.ghosh968@gmail.com,9930009221,Pune,Baner,2022-07-27,24,Female
1526,Megha Menon,megha.menon919@gmail.com,9663922382,Chandigarh,Sector 17,2023-11-27,55,Male
1527,Ritesh Shukla,ritesh.shukla776@gmail.com,9291572514,Chandigarh,Sector 43,2022-10-15,27,Male
1528,Kavya Sen,kavya.sen102@gmail.com,9472959512,Bhopal,Habibganj,2022-10-06,36,Female
1529,Raj Shukla,raj.shukla230@gmail.com,9281806799,Jaipur,Raja Park,2023-06-18,36,Male
1530,Rohan Das,rohan.das212@gmail.com,9692880978,Jaipur,Vaishali Nagar,2021-07-16,50,Female
1531,Vihaan Gowda,vihaan.gowda7@gmail.com,9624378881,Delhi,Rohini,2022-02-04,19,Male
1532,Kavya Shukla,kavya.shukla534@gmail.com,9235483349,Coimbatore,Saibaba Colony,2023-07-01,47,Male
1533,Nikhil Sethi,nikhil.sethi506@gmail.com,9382454804,Hyderabad,Secunderabad,2023-06-05,23,Female
1534,Ishita Ahuja,ishita.ahuja763@gmail.com,9951821137,Hyderabad,Hitech City,2021-06-11,32,Male
1535,Simran Iyer,simran.iyer465@gmail.com,9777127299,Bhopal,Habibganj,2022-07-20,50,Male
1536,Preeti Gupta,preeti.gupta326@gmail.com,9304439023,Kochi,MG Road,2023-12-04,53,Male
1537,Vivaan Mishra,vivaan.mishra894@gmail.com,9336448207,Chennai,Nungambakkam,2023-02-10,30,Male
1538,Harish Reddy,harish.reddy290@gmail.com,9241510509,Nagpur,Sitabuldi,2023-10-15,30,Male
1539,Deepak Ahuja,deepak.ahuja69@gmail.com,9626875613,Kolkata,Park Street,2023-06-09,53,Male
1540,Kavya Sethi,kavya.sethi705@gmail.com,9382473359,Pune,Kothrud,2023-05-07,42,Male
1541,Swati Chandra,swati.chandra673@gmail.com,9293342602,Indore,Bhawarkuan,2023-12-23,37,Female
1542,Sonal Kohli,sonal.kohli613@gmail.com,9483463134,Nagpur,Sadar,2023-03-15,52,Female
1543,Sonal Mehta,sonal.mehta430@gmail.com,9580148263,Ahmedabad,Navrangpura,2022-08-12,38,Female
1544,Ritesh Joshi,ritesh.joshi677@gmail.com,9221908669,Pune,Aundh,2022-10-16,40,Female
1545,Amit Anand,amit.anand704@gmail.com,9352179050,Nagpur,Sadar,2023-04-24,19,Male
1546,Lavanya Krishnan,lavanya.krishnan576@gmail.com,9928712497,Kolkata,New Town,2021-05-05,38,Male
1547,Preeti Bose,preeti.bose409@gmail.com,9379923825,Surat,Udhna,2023-05-21,21,Male
1548,Ajay Ahuja,ajay.ahuja316@gmail.com,9580645869,Ahmedabad,Vastrapur,2021-04-04,44,Female
1549,Ananya Naidu,ananya.naidu133@gmail.com,9749572144,Kolkata,Park Street,2022-11-07,52,Male
1550,Aditya Kapoor,aditya.kapoor935@gmail.com,9478709419,Bengaluru,Malleshwaram,2022-11-14,53,Male
1551,Sai Subramaniam,sai.subramaniam161@gmail.com,9999955690,Kolkata,Ballygunge,2022-02-11,52,Female
1552,Nisha Shukla,nisha.shukla424@gmail.com,9331514949,Pune,Hinjewadi,2022-11-10,53,Female
1553,Vivaan Gupta,vivaan.gupta105@gmail.com,9638480797,Mumbai,Borivali,2023-12-15,43,Female
1554,Reyansh Iyer,reyansh.iyer236@gmail.com,9778127557,Lucknow,Alambagh,2021-02-19,33,Male
1555,Lavanya Bhatia,lavanya.bhatia135@gmail.com,9978638515,Hyderabad,Secunderabad,2023-04-01,35,Male
1556,Dhruv Kumar,dhruv.kumar16@gmail.com,9897416495,Bhopal,TT Nagar,2021-02-11,52,Male
1557,Rahul Mehta,rahul.mehta852@gmail.com,9750356383,Coimbatore,Saibaba Colony,2022-02-02,37,Male
1558,Ritesh Krishnan,ritesh.krishnan470@gmail.com,9317611709,Mumbai,Juhu,2022-07-16,24,Male
1559,Harish Kapoor,harish.kapoor228@gmail.com,9536294281,Lucknow,Aliganj,2021-07-10,53,Male
1560,Sachin Shukla,sachin.shukla392@gmail.com,9118481810,Vadodara,Manjalpur,2022-05-16,49,Female
1561,Puja Arora,puja.arora230@gmail.com,9720493372,Vadodara,Alkapuri,2023-07-16,19,Female
1562,Nisha Ghosh,nisha.ghosh659@gmail.com,9433514756,Indore,Bhawarkuan,2021-08-12,39,Female
1563,Atharv Mehta,atharv.mehta886@gmail.com,9625931052,Vadodara,Fatehgunj,2022-03-02,55,Female
1564,Atharv Reddy,atharv.reddy536@gmail.com,9876350138,Surat,Ring Road,2023-08-28,54,Female
1565,Ishaan Anand,ishaan.anand319@gmail.com,9895117770,Nagpur,Wardha Road,2023-04-24,39,Female
1566,Arjun Srivastava,arjun.srivastava893@gmail.com,9105982646,Coimbatore,Singanallur,2023-04-13,35,Female
1567,Ajay Naidu,ajay.naidu330@gmail.com,9595394442,Nagpur,Wardha Road,2022-04-28,48,Male
1568,Atharv Mehta,atharv.mehta131@gmail.com,9912700913,Kochi,MG Road,2023-02-09,18,Female
1569,Deepak Bhatia,deepak.bhatia449@gmail.com,9222046425,Hyderabad,Jubilee Hills,2022-02-09,20,Female
1570,Vijay Iyer,vijay.iyer767@gmail.com,9687428098,Bhopal,TT Nagar,2021-10-14,44,Female
1571,Vivaan Shukla,vivaan.shukla738@gmail.com,9826583015,Hyderabad,Secunderabad,2022-08-26,35,Male
1572,Simran Rajan,simran.rajan145@gmail.com,9411596420,Indore,Rajwada,2021-12-06,51,Female
1573,Puja Subramaniam,puja.subramaniam474@gmail.com,9326148417,Visakhapatnam,Gajuwaka,2023-08-25,39,Female
1574,Ananya Subramaniam,ananya.subramaniam427@gmail.com,9292442217,Nagpur,Dharampeth,2022-10-13,27,Female
1575,Kabir Sharma,kabir.sharma711@gmail.com,9200768359,Lucknow,Gomti Nagar,2022-02-13,52,Female
1576,Aishwarya Mehta,aishwarya.mehta609@gmail.com,9267990152,Delhi,Rohini,2023-08-18,22,Male
1577,Meera Garg,meera.garg292@gmail.com,9981278352,Mumbai,Andheri,2022-07-17,45,Male
1578,Komal Chopra,komal.chopra575@gmail.com,9680912575,Visakhapatnam,Rushikonda,2022-06-06,30,Male
1579,Rahul Mehta,rahul.mehta270@gmail.com,9705225064,Kolkata,Ballygunge,2022-01-01,24,Female
1580,Deepak Shetty,deepak.shetty990@gmail.com,9966831325,Surat,Pal,2022-07-22,48,Female
1581,Ananya Sharma,ananya.sharma952@gmail.com,9962594605,Ahmedabad,Satellite,2021-07-07,27,Female
1582,Ananya Pillai,ananya.pillai918@gmail.com,9156037713,Mumbai,Juhu,2021-06-09,26,Male
1583,Sandeep Sen,sandeep.sen513@gmail.com,9916051762,Nagpur,Wardha Road,2022-09-12,25,Female
1584,Mohit Kapoor,mohit.kapoor320@gmail.com,9660477885,Surat,Udhna,2022-12-29,38,Male
1585,Atharv Gowda,atharv.gowda729@gmail.com,9253420527,Kolkata,Salt Lake,2022-07-23,45,Male
1586,Sandeep Menon,sandeep.menon668@gmail.com,9473855956,Jaipur,Malviya Nagar,2023-06-11,29,Male
1587,Geeta Mukherjee,geeta.mukherjee632@gmail.com,9701074248,Indore,Bhawarkuan,2022-03-14,30,Female
1588,Puja Rao,puja.rao370@gmail.com,9664790986,Mumbai,Andheri,2023-06-25,30,Male
1589,Komal Agarwal,komal.agarwal515@gmail.com,9113952742,Hyderabad,Hitech City,2022-06-04,35,Male
1590,Ishita Bajaj,ishita.bajaj713@gmail.com,9856198237,Nagpur,Sadar,2021-03-31,34,Male
1591,Ishaan Kamath,ishaan.kamath623@gmail.com,9778862622,Mumbai,Borivali,2023-08-23,47,Female
1592,Priya Pillai,priya.pillai379@gmail.com,9130963459,Vadodara,Alkapuri,2021-03-20,27,Female
1593,Amit Patel,amit.patel455@gmail.com,9784486956,Kochi,MG Road,2021-04-25,21,Male
1594,Pranav Naidu,pranav.naidu341@gmail.com,9999015602,Jaipur,Vaishali Nagar,2021-02-04,38,Female
1595,Geeta Subramaniam,geeta.subramaniam427@gmail.com,9999491426,Mumbai,Kurla,2023-04-06,21,Male
1596,Sneha Arora,sneha.arora86@gmail.com,9285311976,Bhopal,Arera Colony,2022-07-01,46,Male
1597,Ishita Gowda,ishita.gowda178@gmail.com,9782147868,Kolkata,Howrah,2023-04-19,18,Male
1598,Ishita Hegde,ishita.hegde478@gmail.com,9710071396,Indore,Vijay Nagar,2022-12-01,23,Male
1599,Praveen Patel,praveen.patel748@gmail.com,9192790248,Hyderabad,Banjara Hills,2022-01-09,29,Male
1600,Aditya Anand,aditya.anand654@gmail.com,9502148053,Pune,Kothrud,2022-03-22,47,Male
1601,Deepa Dubey,deepa.dubey55@gmail.com,9507281502,Kolkata,Salt Lake,2022-09-28,36,Female
1602,Ishita Nair,ishita.nair232@gmail.com,9996869990,Coimbatore,Peelamedu,2023-04-28,30,Male
1603,Pooja Rao,pooja.rao271@gmail.com,9199226690,Lucknow,Alambagh,2023-06-20,49,Male
1604,Geeta Garg,geeta.garg38@gmail.com,9996278276,Bhopal,TT Nagar,2021-12-16,55,Female
1605,Rahul Naidu,rahul.naidu356@gmail.com,9793645789,Coimbatore,Gandhipuram,2023-06-08,36,Female
1606,Bhavna Mehra,bhavna.mehra93@gmail.com,9651122099,Bhopal,Kolar Road,2022-07-05,31,Male
1607,Riya Mukherjee,riya.mukherjee530@gmail.com,9806878792,Jaipur,Malviya Nagar,2021-08-25,29,Female
1608,Vikram Mukherjee,vikram.mukherjee578@gmail.com,9505777943,Coimbatore,Peelamedu,2023-02-02,55,Male
1609,Simran Mehra,simran.mehra163@gmail.com,9552483138,Hyderabad,Hitech City,2021-01-17,48,Male
1610,Bhavna Bajaj,bhavna.bajaj314@gmail.com,9274746805,Hyderabad,Jubilee Hills,2023-01-04,47,Male
1611,Divya Arora,divya.arora608@gmail.com,9718437921,Mumbai,Powai,2023-07-24,45,Female
1612,Harish Mishra,harish.mishra495@gmail.com,9828593785,Jaipur,C-Scheme,2022-11-23,43,Male
1613,Reyansh Das,reyansh.das437@gmail.com,9931153961,Bhopal,MP Nagar,2023-05-13,35,Male
1614,Gaurav Shetty,gaurav.shetty171@gmail.com,9422748286,Mumbai,Andheri,2023-11-15,51,Female
1615,Vikram Nair,vikram.nair317@gmail.com,9951330633,Chandigarh,Sector 17,2021-07-05,27,Male
1616,Naveen Malhotra,naveen.malhotra675@gmail.com,9258367270,Pune,Aundh,2021-01-02,30,Female
1617,Megha Dubey,megha.dubey879@gmail.com,9318315314,Bengaluru,Indiranagar,2022-04-29,45,Male
1618,Deepa Reddy,deepa.reddy489@gmail.com,9271079075,Vadodara,Sama,2021-01-11,40,Male
1619,Harish Hegde,harish.hegde685@gmail.com,9504040007,Surat,Vesu,2023-08-26,47,Female
1620,Pranav Kapoor,pranav.kapoor410@gmail.com,9930282074,Chennai,Adyar,2021-10-01,38,Male
1621,Ritesh Gowda,ritesh.gowda356@gmail.com,9624318145,Surat,Ring Road,2021-05-27,55,Male
1622,Meera Gowda,meera.gowda371@gmail.com,9464912176,Pune,Viman Nagar,2023-01-26,50,Male
1623,Mohit Kumar,mohit.kumar193@gmail.com,9147510841,Ahmedabad,Satellite,2023-10-21,31,Male
1624,Vishal Patel,vishal.patel436@gmail.com,9261863973,Chandigarh,Sector 43,2022-01-04,36,Male
1625,Neha Khanna,neha.khanna982@gmail.com,9552836541,Nagpur,Dharampeth,2022-06-19,29,Female
1626,Mohit Khanna,mohit.khanna826@gmail.com,9188734530,Bhopal,MP Nagar,2023-08-11,40,Male
1627,Gaurav Sharma,gaurav.sharma589@gmail.com,9644355354,Pune,Hinjewadi,2021-09-21,42,Female
1628,Vivaan Menon,vivaan.menon311@gmail.com,9556320088,Surat,Udhna,2021-04-22,34,Male
1629,Rajesh Krishnan,rajesh.krishnan865@gmail.com,9674477822,Indore,Bhawarkuan,2022-11-18,41,Male
1630,Priya Sen,priya.sen154@gmail.com,9107469730,Vadodara,Akota,2021-06-13,39,Male
1631,Shruti Chatterjee,shruti.chatterjee446@gmail.com,9152123292,Bhopal,Kolar Road,2023-07-21,47,Male
1632,Reyansh Joshi,reyansh.joshi52@gmail.com,9743523776,Nagpur,Sadar,2023-01-22,41,Male
1633,Ritesh Agarwal,ritesh.agarwal184@gmail.com,9414863712,Lucknow,Hazratganj,2022-07-02,40,Female
1634,Aditya Ghosh,aditya.ghosh611@gmail.com,9219919013,Chandigarh,Sector 35,2021-03-14,40,Male
1635,Rajan Bhatia,rajan.bhatia87@gmail.com,9674435989,Surat,Vesu,2021-12-25,24,Female
1636,Suresh Chandra,suresh.chandra354@gmail.com,9591806906,Nagpur,Sadar,2022-07-17,33,Male
1637,Naveen Gupta,naveen.gupta40@gmail.com,9257572094,Bengaluru,Whitefield,2023-02-03,24,Female
1638,Manoj Ahuja,manoj.ahuja433@gmail.com,9530290856,Bengaluru,Whitefield,2022-09-11,19,Female
1639,Anjali Ahuja,anjali.ahuja813@gmail.com,9305775789,Bengaluru,HSR Layout,2021-08-27,54,Male
1640,Megha Rajan,megha.rajan711@gmail.com,9957870433,Bhopal,Kolar Road,2022-05-15,21,Male
1641,Harish Banerjee,harish.banerjee284@gmail.com,9638549262,Kochi,Kakkanad,2022-01-16,20,Male
1642,Gaurav Rao,gaurav.rao417@gmail.com,9322410957,Lucknow,Alambagh,2021-01-11,19,Female
1643,Amit Pandey,amit.pandey100@gmail.com,9337644501,Jaipur,Raja Park,2022-10-14,32,Male
1644,Simran Das,simran.das746@gmail.com,9864540259,Bengaluru,Jayanagar,2022-08-13,47,Male
1645,Shivam Chandra,shivam.chandra488@gmail.com,9698779777,Visakhapatnam,Gajuwaka,2023-03-08,18,Male
1646,Bhavna Srivastava,bhavna.srivastava474@gmail.com,9897329706,Indore,Bhawarkuan,2021-11-07,49,Female
1647,Rajan Mehra,rajan.mehra262@gmail.com,9532651629,Pune,Hadapsar,2023-03-10,20,Male
1648,Atharv Chandra,atharv.chandra86@gmail.com,9322856401,Nagpur,Itwari,2022-12-09,51,Male
1649,Megha Shukla,megha.shukla31@gmail.com,9267396883,Chandigarh,Sector 43,2023-08-16,55,Female
1650,Sunita Kamath,sunita.kamath770@gmail.com,9404822078,Kochi,Thrippunithura,2021-02-17,53,Female
1651,Swati Kapoor,swati.kapoor622@gmail.com,9232600684,Vadodara,Fatehgunj,2023-02-15,24,Female
1652,Riya Banerjee,riya.banerjee183@gmail.com,9270851134,Hyderabad,Madhapur,2022-08-16,43,Male
1653,Akash Garg,akash.garg328@gmail.com,9927317727,Kolkata,New Town,2022-07-26,41,Male
1654,Preeti Krishnan,preeti.krishnan231@gmail.com,9533755155,Vadodara,Manjalpur,2023-03-15,49,Female
1655,Tanvi Ghosh,tanvi.ghosh296@gmail.com,9103583486,Pune,Viman Nagar,2023-03-31,52,Male
1656,Praveen Bajaj,praveen.bajaj393@gmail.com,9722939720,Pune,Hadapsar,2021-07-21,44,Female
1657,Akash Chatterjee,akash.chatterjee142@gmail.com,9754666903,Mumbai,Dadar,2022-04-05,50,Male
1658,Akash Verma,akash.verma171@gmail.com,9711287818,Chandigarh,Mohali,2022-05-27,48,Male
1659,Puja Verma,puja.verma885@gmail.com,9307266073,Visakhapatnam,Rushikonda,2023-11-14,28,Female
1660,Puja Ahuja,puja.ahuja960@gmail.com,9865355140,Ahmedabad,Satellite,2023-08-26,30,Male
1661,Amit Shukla,amit.shukla592@gmail.com,9595187813,Bengaluru,Koramangala,2022-02-28,47,Female
1662,Sandeep Mishra,sandeep.mishra657@gmail.com,9219354239,Pune,Aundh,2023-10-22,39,Female
1663,Deepa Mukherjee,deepa.mukherjee699@gmail.com,9826786176,Bengaluru,Koramangala,2021-03-08,44,Male
1664,Harish Kapoor,harish.kapoor905@gmail.com,9868773997,Bengaluru,HSR Layout,2022-06-17,52,Male
1665,Rajan Sethi,rajan.sethi848@gmail.com,9879570659,Mumbai,Powai,2023-09-12,21,Male
1666,Mohit Ahuja,mohit.ahuja734@gmail.com,9649283044,Delhi,Karol Bagh,2023-03-30,46,Female
1667,Raj Mehta,raj.mehta740@gmail.com,9281412406,Chennai,Adyar,2021-08-17,41,Female
1668,Bhavna Reddy,bhavna.reddy271@gmail.com,9204287930,Ahmedabad,CG Road,2022-03-07,39,Male
1669,Naveen Sethi,naveen.sethi351@gmail.com,9417067441,Nagpur,Sitabuldi,2022-06-17,46,Male
1670,Rajesh Mehra,rajesh.mehra609@gmail.com,9138380513,Jaipur,Mansarovar,2022-07-18,26,Female
1671,Deepak Shukla,deepak.shukla578@gmail.com,9489472182,Mumbai,Andheri,2023-01-30,36,Male
1672,Karan Kamath,karan.kamath690@gmail.com,9416624578,Lucknow,Aliganj,2023-06-20,27,Female
1673,Suresh Gowda,suresh.gowda653@gmail.com,9344725121,Lucknow,Aliganj,2022-06-11,19,Female
1674,Megha Reddy,megha.reddy373@gmail.com,9874317498,Coimbatore,RS Puram,2022-06-16,50,Male
1675,Gaurav Pillai,gaurav.pillai660@gmail.com,9267371502,Visakhapatnam,MVP Colony,2022-12-06,55,Male
1676,Preeti Subramaniam,preeti.subramaniam664@gmail.com,9281592156,Indore,Bhawarkuan,2023-09-21,51,Female
1677,Priya Pillai,priya.pillai351@gmail.com,9341404197,Surat,Adajan,2021-05-13,37,Female
1678,Meera Reddy,meera.reddy666@gmail.com,9311465082,Jaipur,Mansarovar,2021-09-02,40,Female
1679,Naveen Kamath,naveen.kamath920@gmail.com,9345211832,Mumbai,Borivali,2023-12-10,30,Male
1680,Arjun Malhotra,arjun.malhotra69@gmail.com,9391492513,Hyderabad,Hitech City,2023-11-06,53,Male
1681,Rajan Patel,rajan.patel254@gmail.com,9362736302,Delhi,Dwarka,2023-12-07,34,Female
1682,Deepa Das,deepa.das624@gmail.com,9385361208,Mysuru,Jayalakshmipuram,2021-03-24,53,Male
1683,Krishna Bhatia,krishna.bhatia536@gmail.com,9425086999,Kolkata,Park Street,2021-09-29,21,Female
1684,Nisha Mishra,nisha.mishra476@gmail.com,9205516863,Coimbatore,Singanallur,2023-09-05,52,Male
1685,Preeti Chandra,preeti.chandra120@gmail.com,9574484446,Bengaluru,Indiranagar,2023-09-07,23,Female
1686,Pooja Mehta,pooja.mehta613@gmail.com,9623159945,Vadodara,Manjalpur,2022-03-17,37,Male
1687,Vivaan Shetty,vivaan.shetty797@gmail.com,9790015869,Kochi,MG Road,2023-06-26,30,Male
1688,Naveen Sharma,naveen.sharma505@gmail.com,9777668740,Jaipur,Raja Park,2022-07-09,29,Male
1689,Sanjay Pillai,sanjay.pillai271@gmail.com,9671434688,Bhopal,Habibganj,2022-09-06,33,Male
1690,Ishita Khanna,ishita.khanna641@gmail.com,9572493439,Vadodara,Manjalpur,2022-09-25,25,Female
1691,Ajay Sharma,ajay.sharma508@gmail.com,9275160446,Chandigarh,Mohali,2023-08-22,29,Male
1692,Vishal Khanna,vishal.khanna351@gmail.com,9784921630,Lucknow,Hazratganj,2023-06-27,52,Female
1693,Sneha Anand,sneha.anand315@gmail.com,9638781819,Hyderabad,Jubilee Hills,2022-03-13,37,Male
1694,Vinod Pillai,vinod.pillai585@gmail.com,9821433431,Hyderabad,Hitech City,2022-03-07,27,Male
1695,Karan Chatterjee,karan.chatterjee625@gmail.com,9811451392,Surat,Vesu,2021-11-20,28,Male
1696,Deepak Pillai,deepak.pillai235@gmail.com,9382238853,Visakhapatnam,Rushikonda,2022-07-06,48,Male
1697,Puja Reddy,puja.reddy850@gmail.com,9900167374,Lucknow,Alambagh,2022-12-26,38,Female
1698,Komal Sen,komal.sen6@gmail.com,9918430434,Coimbatore,Saibaba Colony,2023-05-05,43,Male
1699,Akash Garg,akash.garg20@gmail.com,9978893191,Chennai,Velachery,2022-07-16,30,Female
1700,Anjali Shukla,anjali.shukla438@gmail.com,9949243852,Indore,Vijay Nagar,2022-10-22,42,Male
1701,Pooja Banerjee,pooja.banerjee877@gmail.com,9394165554,Visakhapatnam,Steel Plant,2023-06-21,24,Male
1702,Deepa Iyer,deepa.iyer975@gmail.com,9149392070,Chandigarh,Sector 43,2023-08-21,42,Female
1703,Deepa Pandey,deepa.pandey61@gmail.com,9208920285,Visakhapatnam,Steel Plant,2023-02-08,21,Male
1704,Ishita Naidu,ishita.naidu114@gmail.com,9606635278,Indore,Bhawarkuan,2022-08-06,26,Male
1705,Simran Anand,simran.anand604@gmail.com,9420893788,Kochi,Edapally,2021-11-05,54,Female
1706,Krishna Ghosh,krishna.ghosh571@gmail.com,9670186413,Ahmedabad,Vastrapur,2022-06-18,36,Male
1707,Vikram Anand,vikram.anand981@gmail.com,9487867336,Bengaluru,Malleshwaram,2022-10-05,46,Female
1708,Divya Srivastava,divya.srivastava371@gmail.com,9457569023,Mysuru,Jayalakshmipuram,2023-08-02,30,Male
1709,Anjali Gowda,anjali.gowda658@gmail.com,9541070542,Mumbai,Andheri,2021-09-02,45,Female
1710,Ajay Singh,ajay.singh383@gmail.com,9117395980,Bhopal,MP Nagar,2023-11-16,54,Female
1711,Arjun Krishnan,arjun.krishnan290@gmail.com,9717203413,Chandigarh,Mohali,2023-10-05,39,Male
1712,Dhruv Kamath,dhruv.kamath545@gmail.com,9269891638,Bengaluru,Jayanagar,2021-08-19,50,Male
1713,Praveen Rajan,praveen.rajan838@gmail.com,9397281439,Kolkata,Park Street,2023-06-02,47,Female
1714,Rahul Bajaj,rahul.bajaj664@gmail.com,9717641820,Chandigarh,Sector 17,2022-01-08,39,Female
1715,Vinod Anand,vinod.anand589@gmail.com,9415480159,Kochi,MG Road,2023-04-03,18,Male
1716,Neha Verma,neha.verma438@gmail.com,9261592689,Mumbai,Andheri,2022-10-23,34,Female
1717,Simran Naidu,simran.naidu915@gmail.com,9867622823,Mysuru,Jayalakshmipuram,2022-12-28,54,Female
1718,Sneha Anand,sneha.anand186@gmail.com,9208336789,Chennai,T Nagar,2022-09-24,19,Male
1719,Reyansh Anand,reyansh.anand978@gmail.com,9174374750,Chennai,Nungambakkam,2022-12-15,38,Male
1720,Nisha Kohli,nisha.kohli168@gmail.com,9555571081,Kolkata,Salt Lake,2022-09-13,35,Female
1721,Riya Anand,riya.anand899@gmail.com,9572060870,Indore,Vijay Nagar,2021-10-09,25,Female
1722,Vihaan Ghosh,vihaan.ghosh458@gmail.com,9570886100,Kolkata,New Town,2021-04-11,43,Female
1723,Kavya Anand,kavya.anand96@gmail.com,9288008739,Surat,Ring Road,2021-09-13,50,Male
1724,Deepak Joshi,deepak.joshi964@gmail.com,9625176174,Pune,Viman Nagar,2021-09-04,40,Male
1725,Shivam Chatterjee,shivam.chatterjee369@gmail.com,9613225993,Kolkata,Park Street,2023-11-05,34,Male
1726,Nikhil Mukherjee,nikhil.mukherjee823@gmail.com,9550986548,Mumbai,Bandra,2023-02-18,43,Male
1727,Sunita Chopra,sunita.chopra969@gmail.com,9800081643,Lucknow,Hazratganj,2023-06-09,37,Female
1728,Atharv Bajaj,atharv.bajaj975@gmail.com,9394974196,Surat,Udhna,2021-02-02,38,Male
1729,Suresh Mishra,suresh.mishra132@gmail.com,9656866156,Pune,Baner,2021-01-19,27,Female
1730,Harish Arora,harish.arora888@gmail.com,9894407040,Delhi,Connaught Place,2022-03-06,36,Male
1731,Shivam Iyer,shivam.iyer959@gmail.com,9656842161,Kochi,Edapally,2021-12-24,27,Female
1732,Geeta Joshi,geeta.joshi209@gmail.com,9428634596,Pune,Kothrud,2023-10-16,43,Male
1733,Shruti Rajan,shruti.rajan340@gmail.com,9130598303,Chandigarh,Sector 17,2021-02-22,48,Male
1734,Suresh Bose,suresh.bose781@gmail.com,9742642508,Delhi,Rohini,2023-02-12,51,Female
1735,Karan Mehta,karan.mehta95@gmail.com,9550845807,Mumbai,Juhu,2022-04-02,22,Male
1736,Harish Mukherjee,harish.mukherjee138@gmail.com,9747757401,Kochi,Tripunithura,2023-06-21,18,Male
1737,Harish Pillai,harish.pillai673@gmail.com,9679805648,Jaipur,Vaishali Nagar,2022-10-24,41,Male
1738,Pranav Pillai,pranav.pillai129@gmail.com,9335483530,Nagpur,Itwari,2022-02-06,50,Female
1739,Suresh Das,suresh.das735@gmail.com,9533618323,Bengaluru,Malleshwaram,2021-07-14,36,Male
1740,Rohan Mishra,rohan.mishra748@gmail.com,9807992462,Ahmedabad,Vastrapur,2022-01-14,37,Male
1741,Praveen Kohli,praveen.kohli592@gmail.com,9386394724,Coimbatore,Singanallur,2023-11-25,26,Male
1742,Ritesh Chopra,ritesh.chopra766@gmail.com,9958747991,Chennai,Nungambakkam,2021-03-12,42,Male
1743,Pooja Rao,pooja.rao856@gmail.com,9953380169,Mumbai,Andheri,2021-03-11,33,Female
1744,Mohit Srivastava,mohit.srivastava496@gmail.com,9469261714,Mumbai,Dadar,2023-09-12,30,Male
1745,Gaurav Ghosh,gaurav.ghosh559@gmail.com,9572299301,Kolkata,New Town,2022-06-23,25,Male
1746,Manoj Agarwal,manoj.agarwal350@gmail.com,9966497303,Chandigarh,Sector 22,2022-06-07,49,Male
1747,Naveen Kohli,naveen.kohli270@gmail.com,9167772190,Hyderabad,Hitech City,2023-11-30,41,Female
1748,Vihaan Naidu,vihaan.naidu999@gmail.com,9591165414,Chennai,Anna Nagar,2022-04-11,25,Male
1749,Hemant Sethi,hemant.sethi315@gmail.com,9585937780,Lucknow,Gomti Nagar,2022-12-13,45,Male
1750,Atharv Krishnan,atharv.krishnan200@gmail.com,9252158258,Pune,Aundh,2023-11-13,32,Male
1751,Pooja Ahuja,pooja.ahuja577@gmail.com,9669686115,Indore,Rajwada,2021-11-07,51,Male
1752,Rajan Chopra,rajan.chopra171@gmail.com,9502086382,Vadodara,Fatehgunj,2023-12-24,28,Male
1753,Ananya Chandra,ananya.chandra554@gmail.com,9754623401,Visakhapatnam,MVP Colony,2021-11-08,45,Female
1754,Ishita Singh,ishita.singh923@gmail.com,9660223249,Surat,Pal,2023-03-10,44,Female
1755,Praveen Srivastava,praveen.srivastava77@gmail.com,9369862716,Chennai,Adyar,2021-01-01,53,Male
1756,Kavya Ahuja,kavya.ahuja61@gmail.com,9910857149,Visakhapatnam,Steel Plant,2021-05-17,44,Female
1757,Suresh Pillai,suresh.pillai806@gmail.com,9271200630,Pune,Viman Nagar,2023-03-13,44,Female
1758,Sneha Mishra,sneha.mishra987@gmail.com,9396586682,Indore,Vijay Nagar,2022-04-09,26,Female
1759,Raj Ahuja,raj.ahuja455@gmail.com,9252909891,Coimbatore,Gandhipuram,2022-02-26,35,Male
1760,Vivaan Chandra,vivaan.chandra537@gmail.com,9210179022,Hyderabad,Madhapur,2022-09-30,48,Female
1761,Sandeep Dubey,sandeep.dubey158@gmail.com,9175594355,Hyderabad,Madhapur,2023-07-20,39,Male
1762,Reyansh Kapoor,reyansh.kapoor437@gmail.com,9728115961,Jaipur,Malviya Nagar,2023-08-14,28,Female
1763,Sonal Das,sonal.das750@gmail.com,9747805692,Bhopal,MP Nagar,2021-07-01,41,Female
1764,Vijay Mehra,vijay.mehra654@gmail.com,9212947007,Kochi,Thrippunithura,2021-04-27,35,Male
1765,Anjali Chandra,anjali.chandra683@gmail.com,9997966258,Bhopal,Habibganj,2023-05-10,34,Male
1766,Atharv Sharma,atharv.sharma600@gmail.com,9631476522,Hyderabad,Secunderabad,2022-05-13,32,Male
1767,Vishal Kohli,vishal.kohli575@gmail.com,9751375404,Jaipur,Malviya Nagar,2023-09-27,54,Female
1768,Deepak Kohli,deepak.kohli605@gmail.com,9952121478,Surat,Adajan,2021-08-09,24,Male
1769,Pranav Joshi,pranav.joshi835@gmail.com,9522780580,Ahmedabad,Vastrapur,2023-05-14,20,Male
1770,Sandeep Mukherjee,sandeep.mukherjee963@gmail.com,9528093064,Coimbatore,Singanallur,2021-03-18,45,Male
1771,Riya Kamath,riya.kamath102@gmail.com,9413829870,Pune,Kothrud,2022-11-05,44,Male
1772,Naveen Tiwari,naveen.tiwari997@gmail.com,9367040757,Indore,Palasia,2022-12-23,35,Female
1773,Sai Srivastava,sai.srivastava215@gmail.com,9699660934,Mysuru,Chamundi Hill,2021-11-25,53,Male
1774,Gaurav Arora,gaurav.arora878@gmail.com,9195422848,Indore,AB Road,2023-10-21,39,Male
1775,Rajan Bhatia,rajan.bhatia104@gmail.com,9875177891,Ahmedabad,Vastrapur,2022-09-19,23,Female
1776,Preeti Rajan,preeti.rajan208@gmail.com,9384198407,Nagpur,Sitabuldi,2023-02-23,49,Male
1777,Bhavna Ghosh,bhavna.ghosh331@gmail.com,9117101842,Indore,AB Road,2021-12-12,25,Female
1778,Komal Krishnan,komal.krishnan408@gmail.com,9764078159,Vadodara,Sama,2021-12-31,22,Female
1779,Krishna Patel,krishna.patel150@gmail.com,9868678998,Visakhapatnam,Rushikonda,2022-06-24,39,Male
1780,Sunita Malhotra,sunita.malhotra866@gmail.com,9890577157,Chennai,Velachery,2021-08-01,36,Male
1781,Atharv Srivastava,atharv.srivastava252@gmail.com,9688396797,Ahmedabad,CG Road,2021-03-25,27,Male
1782,Vihaan Menon,vihaan.menon897@gmail.com,9342485962,Ahmedabad,Satellite,2022-05-18,46,Female
1783,Suresh Sharma,suresh.sharma879@gmail.com,9757366769,Lucknow,Gomti Nagar,2021-02-12,48,Female
1784,Shivam Hegde,shivam.hegde423@gmail.com,9299778297,Vadodara,Manjalpur,2022-01-29,51,Male
1785,Gaurav Chandra,gaurav.chandra724@gmail.com,9955554613,Coimbatore,Saibaba Colony,2022-06-20,41,Male
1786,Vishal Chopra,vishal.chopra554@gmail.com,9483405477,Indore,AB Road,2022-10-18,22,Female
1787,Simran Mehra,simran.mehra99@gmail.com,9942048319,Ahmedabad,Maninagar,2021-09-21,50,Female
1788,Rajan Srivastava,rajan.srivastava738@gmail.com,9474030217,Hyderabad,Madhapur,2022-04-12,53,Female
1789,Praveen Pandey,praveen.pandey634@gmail.com,9570160357,Coimbatore,RS Puram,2023-08-01,49,Male
1790,Vishal Kumar,vishal.kumar573@gmail.com,9798230228,Pune,Kothrud,2023-07-08,21,Male
1791,Sachin Sethi,sachin.sethi67@gmail.com,9871879492,Chennai,Anna Nagar,2022-12-27,35,Male
1792,Anjali Ahuja,anjali.ahuja442@gmail.com,9856148124,Mumbai,Kurla,2023-10-03,26,Female
1793,Riya Kohli,riya.kohli339@gmail.com,9349714065,Mysuru,Chamundi Hill,2022-09-16,54,Male
1794,Akash Reddy,akash.reddy884@gmail.com,9107274967,Vadodara,Manjalpur,2022-10-07,21,Male
1795,Raj Anand,raj.anand543@gmail.com,9544219274,Bengaluru,Jayanagar,2021-05-11,28,Female
1796,Deepa Gowda,deepa.gowda665@gmail.com,9631475412,Pune,Viman Nagar,2021-03-02,25,Male
1797,Krishna Mehta,krishna.mehta825@gmail.com,9537629448,Surat,Ring Road,2023-03-05,42,Female
1798,Vikram Agarwal,vikram.agarwal364@gmail.com,9290493557,Pune,Kothrud,2022-09-30,45,Male
1799,Vijay Patel,vijay.patel206@gmail.com,9343353068,Pune,Hinjewadi,2023-04-03,40,Male
1800,Bhavna Ghosh,bhavna.ghosh21@gmail.com,9750858728,Hyderabad,Madhapur,2022-06-12,21,Male
1801,Ishaan Khanna,ishaan.khanna2@gmail.com,9668139316,Indore,Vijay Nagar,2021-12-12,18,Male
1802,Simran Kapoor,simran.kapoor880@gmail.com,9174506118,Lucknow,Hazratganj,2023-02-07,29,Female
1803,Vijay Rao,vijay.rao100@gmail.com,9833560098,Vadodara,Fatehgunj,2022-12-09,27,Male
1804,Puja Kamath,puja.kamath520@gmail.com,9259826206,Pune,Aundh,2021-12-30,46,Male
1805,Arjun Naidu,arjun.naidu111@gmail.com,9474793903,Hyderabad,Hitech City,2022-08-20,29,Male
1806,Deepak Iyer,deepak.iyer618@gmail.com,9266701228,Hyderabad,Secunderabad,2022-01-31,39,Female
1807,Hemant Kapoor,hemant.kapoor347@gmail.com,9364379047,Mysuru,VV Mohalla,2021-05-15,41,Female
1808,Swati Menon,swati.menon367@gmail.com,9162947233,Kolkata,New Town,2021-03-27,48,Male
1809,Pranav Subramaniam,pranav.subramaniam934@gmail.com,9666224316,Bengaluru,Malleshwaram,2022-10-19,54,Male
1810,Rajan Subramaniam,rajan.subramaniam290@gmail.com,9443937138,Surat,Ring Road,2022-02-16,26,Female
1811,Pooja Shukla,pooja.shukla387@gmail.com,9188464399,Kochi,Thrippunithura,2023-06-11,49,Male
1812,Ajay Mehta,ajay.mehta625@gmail.com,9517480119,Chandigarh,Mohali,2023-09-19,37,Female
1813,Tanvi Anand,tanvi.anand193@gmail.com,9195764351,Delhi,Rohini,2021-03-27,37,Male
1814,Girish Rao,girish.rao29@gmail.com,9150688714,Chandigarh,Sector 17,2023-12-31,37,Female
1815,Sneha Garg,sneha.garg757@gmail.com,9645863316,Vadodara,Alkapuri,2023-06-08,51,Female
1816,Manoj Chopra,manoj.chopra469@gmail.com,9299399647,Delhi,Lajpat Nagar,2021-07-22,32,Male
1817,Dhruv Sethi,dhruv.sethi585@gmail.com,9787646966,Kolkata,New Town,2022-02-28,18,Male
1818,Tanya Banerjee,tanya.banerjee927@gmail.com,9358113984,Hyderabad,Hitech City,2021-01-10,39,Female
1819,Neha Das,neha.das160@gmail.com,9252116381,Indore,Bhawarkuan,2021-04-02,33,Male
1820,Shruti Sen,shruti.sen963@gmail.com,9801514571,Coimbatore,Peelamedu,2022-02-24,35,Female
1821,Vivaan Bose,vivaan.bose863@gmail.com,9303470329,Kochi,Thrippunithura,2022-07-24,49,Male
1822,Vivaan Chandra,vivaan.chandra132@gmail.com,9811851133,Surat,Adajan,2023-07-09,32,Male
1823,Nikhil Joshi,nikhil.joshi188@gmail.com,9676534618,Pune,Aundh,2021-05-17,38,Female
1824,Anjali Khanna,anjali.khanna292@gmail.com,9712149161,Surat,Pal,2022-08-10,34,Male
1825,Raj Malhotra,raj.malhotra206@gmail.com,9236488723,Kolkata,Park Street,2023-10-17,51,Male
1826,Harish Pillai,harish.pillai39@gmail.com,9994528661,Hyderabad,Banjara Hills,2022-04-14,42,Female
1827,Atharv Arora,atharv.arora631@gmail.com,9498252883,Bengaluru,Indiranagar,2023-06-12,46,Female
1828,Sandeep Gowda,sandeep.gowda786@gmail.com,9302904371,Delhi,Vasant Kunj,2023-10-29,31,Male
1829,Reyansh Kamath,reyansh.kamath881@gmail.com,9369296768,Mumbai,Andheri,2022-12-01,29,Male
1830,Praveen Chatterjee,praveen.chatterjee157@gmail.com,9413323876,Delhi,Dwarka,2023-02-18,50,Male
1831,Meera Rao,meera.rao26@gmail.com,9573016016,Kolkata,Ballygunge,2023-06-18,22,Female
1832,Vinod Shukla,vinod.shukla561@gmail.com,9440970538,Vadodara,Fatehgunj,2021-10-21,21,Male
1833,Kabir Bose,kabir.bose634@gmail.com,9873612152,Bhopal,Kolar Road,2021-02-05,28,Male
1834,Puja Gupta,puja.gupta7@gmail.com,9509324767,Chennai,Anna Nagar,2022-04-24,18,Male
1835,Ishaan Kapoor,ishaan.kapoor781@gmail.com,9774617596,Coimbatore,RS Puram,2022-04-05,20,Male
1836,Girish Kumar,girish.kumar960@gmail.com,9713634721,Mumbai,Kurla,2023-09-03,42,Male
1837,Neha Ghosh,neha.ghosh354@gmail.com,9783648813,Ahmedabad,CG Road,2022-05-28,47,Female
1838,Rahul Mukherjee,rahul.mukherjee148@gmail.com,9408017346,Vadodara,Sama,2022-04-04,29,Female
1839,Anjali Iyer,anjali.iyer825@gmail.com,9421969712,Indore,Vijay Nagar,2023-06-04,27,Male
1840,Naveen Bose,naveen.bose129@gmail.com,9772699154,Vadodara,Fatehgunj,2023-04-04,40,Female
1841,Gaurav Bose,gaurav.bose455@gmail.com,9517087338,Kochi,Thrippunithura,2023-07-16,47,Male
1842,Bhavna Srivastava,bhavna.srivastava211@gmail.com,9364148131,Surat,Vesu,2023-12-22,31,Female
1843,Sneha Ahuja,sneha.ahuja562@gmail.com,9920313601,Visakhapatnam,Gajuwaka,2023-08-07,44,Male
1844,Komal Banerjee,komal.banerjee112@gmail.com,9682857882,Surat,Vesu,2023-08-22,46,Male
1845,Akash Singh,akash.singh565@gmail.com,9268276118,Kolkata,Salt Lake,2022-11-23,42,Male
1846,Vishal Rao,vishal.rao396@gmail.com,9709233495,Mysuru,VV Mohalla,2022-02-27,29,Male
1847,Rahul Bajaj,rahul.bajaj155@gmail.com,9541618988,Surat,Ring Road,2022-02-10,38,Female
1848,Deepa Bhatia,deepa.bhatia626@gmail.com,9919686587,Chennai,Velachery,2022-10-10,51,Male
1849,Pranav Kumar,pranav.kumar943@gmail.com,9156642791,Bengaluru,Koramangala,2021-01-18,39,Male
1850,Preeti Garg,preeti.garg315@gmail.com,9170891744,Kolkata,Salt Lake,2022-03-13,41,Male
1851,Preeti Shetty,preeti.shetty721@gmail.com,9288138889,Mysuru,Hebbal,2022-11-25,36,Male
1852,Pranav Hegde,pranav.hegde426@gmail.com,9227174482,Pune,Viman Nagar,2021-12-01,52,Male
1853,Akash Iyer,akash.iyer717@gmail.com,9401973366,Vadodara,Manjalpur,2023-08-20,33,Male
1854,Suresh Ghosh,suresh.ghosh902@gmail.com,9509041030,Hyderabad,Banjara Hills,2021-10-05,48,Female
1855,Sachin Iyer,sachin.iyer954@gmail.com,9573451981,Mumbai,Dadar,2023-01-13,55,Male
1856,Divya Ghosh,divya.ghosh907@gmail.com,9464832392,Mumbai,Powai,2022-12-06,23,Male
1857,Kabir Rao,kabir.rao694@gmail.com,9522641688,Chennai,Nungambakkam,2022-09-07,27,Male
1858,Pooja Chandra,pooja.chandra364@gmail.com,9747265048,Chandigarh,Sector 35,2021-06-20,49,Male
1859,Shivam Iyer,shivam.iyer526@gmail.com,9400911674,Indore,Palasia,2022-01-29,51,Male
1860,Ajay Srivastava,ajay.srivastava718@gmail.com,9429248031,Pune,Kothrud,2022-05-05,34,Female
1861,Vishal Agarwal,vishal.agarwal676@gmail.com,9186161536,Delhi,Karol Bagh,2023-07-28,39,Male
1862,Arjun Nair,arjun.nair310@gmail.com,9508742503,Visakhapatnam,Dwaraka Nagar,2021-02-09,30,Female
1863,Tanya Kapoor,tanya.kapoor714@gmail.com,9502805612,Delhi,Vasant Kunj,2022-07-08,39,Male
1864,Manoj Sen,manoj.sen966@gmail.com,9471771396,Kochi,Kakkanad,2021-09-29,34,Male
1865,Sneha Menon,sneha.menon936@gmail.com,9583048762,Lucknow,Alambagh,2021-06-20,23,Male
1866,Manoj Joshi,manoj.joshi826@gmail.com,9918259303,Mumbai,Borivali,2021-09-21,24,Female
1867,Dhruv Rao,dhruv.rao586@gmail.com,9960557964,Indore,Vijay Nagar,2021-11-12,33,Male
1868,Dhruv Sharma,dhruv.sharma892@gmail.com,9762993351,Mumbai,Kurla,2022-11-30,22,Female
1869,Naveen Chandra,naveen.chandra58@gmail.com,9856072762,Chandigarh,Sector 17,2021-09-07,26,Female
1870,Atharv Rao,atharv.rao4@gmail.com,9564897319,Bengaluru,Malleshwaram,2021-07-07,32,Female
1871,Sai Sethi,sai.sethi641@gmail.com,9668367500,Bengaluru,HSR Layout,2022-10-19,30,Female
1872,Pooja Sethi,pooja.sethi481@gmail.com,9409305817,Nagpur,Itwari,2022-01-17,55,Male
1873,Sandeep Rao,sandeep.rao181@gmail.com,9312300775,Bhopal,MP Nagar,2021-06-12,34,Female
1874,Girish Kamath,girish.kamath193@gmail.com,9300841312,Kolkata,Park Street,2021-06-05,38,Female
1875,Karan Malhotra,karan.malhotra519@gmail.com,9787833622,Coimbatore,Peelamedu,2023-04-25,36,Female
1876,Ritesh Tiwari,ritesh.tiwari8@gmail.com,9803131422,Indore,AB Road,2023-12-23,34,Male
1877,Karan Kumar,karan.kumar353@gmail.com,9886960612,Delhi,Connaught Place,2023-10-09,21,Male
1878,Vishal Patel,vishal.patel327@gmail.com,9731509036,Mysuru,VV Mohalla,2021-06-30,41,Male
1879,Kabir Kamath,kabir.kamath367@gmail.com,9896923287,Jaipur,C-Scheme,2023-07-13,48,Male
1880,Vijay Dubey,vijay.dubey234@gmail.com,9730532473,Nagpur,Wardha Road,2022-01-25,28,Male
1881,Sunita Bose,sunita.bose946@gmail.com,9954968700,Mysuru,Hebbal,2022-10-27,43,Female
1882,Praveen Ghosh,praveen.ghosh430@gmail.com,9126285005,Chennai,T Nagar,2023-03-01,26,Male
1883,Tanya Chandra,tanya.chandra15@gmail.com,9566413335,Chennai,Velachery,2023-01-19,29,Female
1884,Divya Banerjee,divya.banerjee484@gmail.com,9260953712,Hyderabad,Banjara Hills,2023-03-13,35,Male
1885,Pooja Verma,pooja.verma311@gmail.com,9990967517,Nagpur,Sadar,2021-11-21,53,Male
1886,Nisha Chatterjee,nisha.chatterjee444@gmail.com,9567193199,Nagpur,Itwari,2023-10-20,28,Female
1887,Ishaan Garg,ishaan.garg723@gmail.com,9611852999,Hyderabad,Banjara Hills,2022-10-25,36,Female
1888,Swati Subramaniam,swati.subramaniam503@gmail.com,9113923840,Nagpur,Sitabuldi,2023-05-03,37,Female
1889,Bhavna Chandra,bhavna.chandra627@gmail.com,9230832638,Lucknow,Indiranagar,2023-05-29,26,Male
1890,Tanvi Agarwal,tanvi.agarwal579@gmail.com,9608441503,Indore,AB Road,2023-01-27,22,Male
1891,Rajesh Chopra,rajesh.chopra968@gmail.com,9450255245,Kochi,Edapally,2022-03-05,32,Male
1892,Harish Pandey,harish.pandey716@gmail.com,9308711542,Vadodara,Sama,2022-11-10,26,Male
1893,Nisha Sethi,nisha.sethi833@gmail.com,9980099988,Coimbatore,Singanallur,2022-05-01,33,Female
1894,Harish Verma,harish.verma394@gmail.com,9905512878,Chandigarh,Mohali,2021-07-15,27,Male
1895,Simran Patel,simran.patel618@gmail.com,9881498108,Bhopal,TT Nagar,2023-08-06,35,Male
1896,Rajesh Kapoor,rajesh.kapoor373@gmail.com,9935112665,Kolkata,Ballygunge,2021-10-21,21,Female
1897,Deepa Das,deepa.das845@gmail.com,9766420568,Mumbai,Juhu,2022-12-31,48,Male
1898,Suresh Pandey,suresh.pandey620@gmail.com,9675858660,Chandigarh,Sector 43,2022-10-06,30,Female
1899,Raj Shukla,raj.shukla537@gmail.com,9957757046,Delhi,Vasant Kunj,2022-02-04,50,Male
1900,Deepa Kapoor,deepa.kapoor268@gmail.com,9319301062,Kochi,MG Road,2022-09-03,27,Male
1901,Vihaan Verma,vihaan.verma477@gmail.com,9933005577,Kochi,MG Road,2023-01-25,27,Female
1902,Tanya Hegde,tanya.hegde777@gmail.com,9437248366,Pune,Baner,2023-06-29,24,Male
1903,Naveen Pandey,naveen.pandey292@gmail.com,9274913716,Kolkata,Howrah,2023-07-18,55,Female
1904,Simran Verma,simran.verma566@gmail.com,9612283853,Hyderabad,Banjara Hills,2022-10-31,41,Female
1905,Preeti Ahuja,preeti.ahuja644@gmail.com,9566282719,Surat,Ring Road,2021-02-22,38,Female
1906,Priya Srivastava,priya.srivastava332@gmail.com,9707326507,Visakhapatnam,Dwaraka Nagar,2022-08-03,54,Male
1907,Manoj Singh,manoj.singh950@gmail.com,9172901335,Chennai,Velachery,2021-05-11,26,Female
1908,Rohan Subramaniam,rohan.subramaniam95@gmail.com,9910309537,Pune,Hadapsar,2022-04-27,41,Male
1909,Bhavna Patel,bhavna.patel505@gmail.com,9530097895,Kochi,Kakkanad,2021-05-23,52,Male
1910,Vinod Bose,vinod.bose834@gmail.com,9322537900,Surat,Vesu,2021-07-03,46,Female
1911,Nikhil Arora,nikhil.arora58@gmail.com,9792304249,Jaipur,Vaishali Nagar,2022-05-06,53,Male
1912,Sai Bajaj,sai.bajaj44@gmail.com,9335150429,Ahmedabad,CG Road,2021-03-28,32,Female
1913,Vikram Krishnan,vikram.krishnan775@gmail.com,9781107293,Chandigarh,Sector 35,2023-03-05,43,Male
1914,Manoj Arora,manoj.arora686@gmail.com,9867448567,Lucknow,Aliganj,2021-02-18,44,Male
1915,Kabir Gupta,kabir.gupta214@gmail.com,9346430177,Kolkata,Howrah,2021-03-15,55,Female
1916,Aarav Garg,aarav.garg522@gmail.com,9990171357,Bengaluru,Jayanagar,2023-01-24,28,Female
1917,Riya Reddy,riya.reddy273@gmail.com,9697282546,Vadodara,Alkapuri,2022-07-31,41,Male
1918,Neha Iyer,neha.iyer343@gmail.com,9310209048,Kolkata,Howrah,2022-06-09,38,Male
1919,Mohit Joshi,mohit.joshi457@gmail.com,9747861303,Lucknow,Aliganj,2021-03-01,50,Female
1920,Kavya Rao,kavya.rao824@gmail.com,9214600057,Hyderabad,Banjara Hills,2023-03-05,31,Female
1921,Megha Mehra,megha.mehra370@gmail.com,9597979740,Kolkata,Howrah,2022-09-14,21,Female
1922,Anjali Banerjee,anjali.banerjee13@gmail.com,9332383018,Bhopal,MP Nagar,2022-09-27,29,Male
1923,Kavya Menon,kavya.menon401@gmail.com,9746191764,Surat,Pal,2023-07-27,28,Female
1924,Sachin Hegde,sachin.hegde80@gmail.com,9761822587,Visakhapatnam,Gajuwaka,2022-05-24,24,Male
1925,Vihaan Rajan,vihaan.rajan953@gmail.com,9100010183,Delhi,Connaught Place,2022-07-16,37,Female
1926,Tanya Ahuja,tanya.ahuja55@gmail.com,9495190429,Coimbatore,Gandhipuram,2021-07-19,31,Female
1927,Ritesh Bhatia,ritesh.bhatia428@gmail.com,9801825549,Indore,Vijay Nagar,2022-07-28,19,Male
1928,Arjun Joshi,arjun.joshi468@gmail.com,9959591246,Lucknow,Gomti Nagar,2022-06-23,31,Male
1929,Vihaan Pillai,vihaan.pillai89@gmail.com,9878257769,Pune,Kothrud,2021-08-19,33,Female
1930,Lavanya Pandey,lavanya.pandey65@gmail.com,9885371301,Mumbai,Kurla,2023-09-10,27,Female
1931,Kabir Malhotra,kabir.malhotra510@gmail.com,9564379938,Surat,Adajan,2021-03-18,47,Female
1932,Priya Sharma,priya.sharma983@gmail.com,9926279823,Coimbatore,RS Puram,2021-05-10,35,Male
1933,Sachin Chatterjee,sachin.chatterjee987@gmail.com,9301938429,Jaipur,Malviya Nagar,2022-07-11,33,Female
1934,Aarav Bajaj,aarav.bajaj573@gmail.com,9854783521,Delhi,Rohini,2023-06-11,49,Female
1935,Sai Shukla,sai.shukla468@gmail.com,9981235165,Indore,Vijay Nagar,2023-01-23,48,Male
1936,Karan Chopra,karan.chopra329@gmail.com,9889409574,Indore,Rajwada,2021-10-26,40,Female
1937,Priya Shetty,priya.shetty356@gmail.com,9923896371,Surat,Pal,2023-08-16,36,Female
1938,Vijay Khanna,vijay.khanna985@gmail.com,9563546514,Vadodara,Akota,2023-01-08,23,Male
1939,Anjali Nair,anjali.nair462@gmail.com,9909282771,Chandigarh,Sector 35,2023-08-14,52,Female
1940,Reyansh Agarwal,reyansh.agarwal554@gmail.com,9779353705,Bhopal,Arera Colony,2022-12-01,28,Male
1941,Vikram Banerjee,vikram.banerjee902@gmail.com,9220130191,Surat,Adajan,2023-05-09,50,Male
1942,Reyansh Subramaniam,reyansh.subramaniam261@gmail.com,9691039645,Hyderabad,Madhapur,2021-01-09,28,Female
1943,Aishwarya Menon,aishwarya.menon562@gmail.com,9524085631,Hyderabad,Hitech City,2023-02-04,51,Female
1944,Meera Kamath,meera.kamath232@gmail.com,9787698723,Indore,Bhawarkuan,2021-08-06,47,Female
1945,Sneha Sethi,sneha.sethi820@gmail.com,9215750303,Mumbai,Borivali,2023-10-31,49,Female
1946,Dhruv Mehra,dhruv.mehra311@gmail.com,9986086066,Lucknow,Gomti Nagar,2023-04-12,31,Male
1947,Pranav Chatterjee,pranav.chatterjee303@gmail.com,9230003868,Mumbai,Bandra,2021-03-05,31,Female
1948,Dhruv Kumar,dhruv.kumar433@gmail.com,9483878046,Jaipur,Raja Park,2021-09-01,43,Male
1949,Megha Agarwal,megha.agarwal312@gmail.com,9560124009,Surat,Pal,2022-03-03,55,Female
1950,Reyansh Khanna,reyansh.khanna328@gmail.com,9477416987,Nagpur,Dharampeth,2023-10-21,19,Male
1951,Harish Kapoor,harish.kapoor706@gmail.com,9730420366,Vadodara,Alkapuri,2023-05-16,40,Female
1952,Vihaan Kapoor,vihaan.kapoor487@gmail.com,9370750852,Delhi,Dwarka,2021-06-27,52,Male
1953,Atharv Mishra,atharv.mishra768@gmail.com,9462261918,Hyderabad,Secunderabad,2023-02-17,33,Male
1954,Harish Gupta,harish.gupta222@gmail.com,9758973884,Chandigarh,Sector 35,2023-07-14,44,Male
1955,Vivaan Khanna,vivaan.khanna958@gmail.com,9643629617,Chennai,Nungambakkam,2021-02-27,46,Male
1956,Sanjay Rao,sanjay.rao821@gmail.com,9675163687,Mysuru,Chamundi Hill,2023-03-06,21,Male
1957,Raj Mehra,raj.mehra924@gmail.com,9585037029,Bhopal,TT Nagar,2021-12-23,36,Female
1958,Reyansh Shukla,reyansh.shukla113@gmail.com,9837453788,Visakhapatnam,Gajuwaka,2023-05-24,27,Male
1959,Pooja Pillai,pooja.pillai397@gmail.com,9932944604,Nagpur,Sitabuldi,2021-01-12,29,Female
1960,Reyansh Dubey,reyansh.dubey887@gmail.com,9833401240,Pune,Viman Nagar,2022-11-28,55,Female
1961,Nisha Sethi,nisha.sethi169@gmail.com,9249470567,Mysuru,VV Mohalla,2021-07-27,26,Male
1962,Vihaan Ghosh,vihaan.ghosh22@gmail.com,9860648163,Nagpur,Wardha Road,2023-05-31,51,Male
1963,Girish Mehta,girish.mehta286@gmail.com,9568464025,Kochi,Thrippunithura,2021-03-10,53,Female
1964,Kabir Kumar,kabir.kumar487@gmail.com,9530921552,Bengaluru,Whitefield,2023-01-03,50,Female
1965,Vikram Joshi,vikram.joshi585@gmail.com,9300565007,Mumbai,Andheri,2021-06-26,30,Female
1966,Girish Chopra,girish.chopra69@gmail.com,9948254067,Vadodara,Sama,2023-09-06,29,Male
1967,Akash Joshi,akash.joshi208@gmail.com,9258255838,Vadodara,Alkapuri,2022-04-21,37,Female
1968,Mohit Sharma,mohit.sharma808@gmail.com,9113062527,Indore,Vijay Nagar,2023-11-11,25,Male
1969,Lavanya Shetty,lavanya.shetty902@gmail.com,9971300408,Bhopal,MP Nagar,2022-09-14,26,Male
1970,Deepa Pillai,deepa.pillai490@gmail.com,9614037098,Kolkata,Salt Lake,2023-08-31,31,Male
1971,Priya Kapoor,priya.kapoor150@gmail.com,9816274216,Vadodara,Manjalpur,2021-05-26,26,Male
1972,Suresh Arora,suresh.arora75@gmail.com,9707906889,Bengaluru,HSR Layout,2023-11-18,28,Female
1973,Akash Chandra,akash.chandra417@gmail.com,9164073412,Indore,AB Road,2022-06-22,45,Male
1974,Simran Anand,simran.anand688@gmail.com,9880068334,Surat,Adajan,2022-01-30,41,Female
1975,Rajesh Gowda,rajesh.gowda630@gmail.com,9948758119,Ahmedabad,Satellite,2023-09-09,50,Female
1976,Karan Mishra,karan.mishra510@gmail.com,9930108912,Visakhapatnam,Steel Plant,2022-08-13,22,Female
1977,Vihaan Bose,vihaan.bose722@gmail.com,9934348952,Bengaluru,Jayanagar,2021-06-23,27,Male
1978,Puja Pandey,puja.pandey666@gmail.com,9966307123,Surat,Pal,2023-08-10,39,Male
1979,Rajan Gowda,rajan.gowda524@gmail.com,9623757850,Chandigarh,Sector 35,2023-08-21,42,Male
1980,Vikram Pillai,vikram.pillai999@gmail.com,9467659963,Chandigarh,Sector 17,2023-09-30,52,Male
1981,Kabir Tiwari,kabir.tiwari609@gmail.com,9651385662,Jaipur,C-Scheme,2022-08-15,32,Male
1982,Simran Mishra,simran.mishra996@gmail.com,9428938270,Coimbatore,Gandhipuram,2022-12-15,30,Male
1983,Deepak Khanna,deepak.khanna613@gmail.com,9555103445,Kochi,Kakkanad,2022-06-25,30,Male
1984,Vikram Anand,vikram.anand730@gmail.com,9682801204,Lucknow,Gomti Nagar,2023-01-11,53,Male
1985,Kavya Mukherjee,kavya.mukherjee121@gmail.com,9878025484,Coimbatore,Singanallur,2021-12-22,36,Female
1986,Kavya Gowda,kavya.gowda384@gmail.com,9363747299,Chandigarh,Sector 22,2023-10-15,43,Female
1987,Lavanya Kamath,lavanya.kamath150@gmail.com,9373509648,Mysuru,Gokulam,2022-12-01,22,Male
1988,Raj Kapoor,raj.kapoor69@gmail.com,9302859986,Vadodara,Akota,2021-01-07,34,Female
1989,Naveen Hegde,naveen.hegde582@gmail.com,9551501133,Coimbatore,Peelamedu,2023-11-13,30,Male
1990,Sai Sen,sai.sen488@gmail.com,9569410109,Nagpur,Itwari,2021-08-10,42,Male
1991,Raj Nair,raj.nair779@gmail.com,9960389089,Pune,Kothrud,2023-01-11,21,Male
1992,Kabir Pandey,kabir.pandey131@gmail.com,9941674691,Hyderabad,Madhapur,2022-07-04,24,Female
1993,Kavya Gupta,kavya.gupta115@gmail.com,9462501562,Coimbatore,RS Puram,2021-01-21,35,Male
1994,Vishal Mishra,vishal.mishra951@gmail.com,9693366694,Ahmedabad,Satellite,2022-07-01,40,Female
1995,Rahul Verma,rahul.verma781@gmail.com,9336086093,Vadodara,Manjalpur,2022-10-11,28,Female
1996,Kavya Naidu,kavya.naidu94@gmail.com,9713364569,Visakhapatnam,Dwaraka Nagar,2021-11-25,35,Female
1997,Raj Mehta,raj.mehta248@gmail.com,9593391468,Ahmedabad,CG Road,2022-03-29,28,Female
1998,Meera Pandey,meera.pandey688@gmail.com,9431243167,Hyderabad,Banjara Hills,2022-05-05,45,Male
1999,Neha Ghosh,neha.ghosh868@gmail.com,9188043753,Kolkata,Salt Lake,2021-07-25,44,Female
2000,Sandeep Reddy,sandeep.reddy24@gmail.com,9681178463,Surat,Ring Road,2023-02-18,35,Female
