order_item_id,order_id,menu_item_id,quantity,item_price,subtotal
1,1,28,1,80,80
2,1,29,1,180,180
3,1,30,2,280,560
4,2,3528,3,500,1500
5,2,3530,1,350,350
6,2,3527,1,150,150
7,2,3520,1,150,150
8,3,2997,2,150,300
9,3,2999,2,300,600
10,4,806,3,400,1200
11,4,811,2,350,700
12,4,816,2,180,360
13,5,3041,3,80,240
14,5,3043,1,180,180
15,5,3044,3,350,1050
16,6,3311,2,100,200
17,7,1510,3,100,300
18,8,1177,2,250,500
19,9,2419,3,200,600
20,9,2417,3,350,1050
21,9,2416,2,220,440
22,10,49,2,300,600
23,10,50,1,400,400
24,10,52,3,250,750
25,11,3857,3,180,540
26,11,3866,1,450,450
27,11,3863,3,400,1200
28,11,3865,2,350,700
29,12,937,1,80,80
30,13,4060,2,200,400
31,13,4065,3,350,1050
32,14,2456,2,220,440
33,14,2459,1,450,450
34,15,3219,3,80,240
35,15,3220,3,400,1200
36,15,3221,3,500,1500
37,15,3217,2,80,160
38,16,2862,2,200,400
39,17,3856,2,150,300
40,18,3694,3,220,660
41,18,3697,2,280,560
42,19,3314,1,350,350
43,19,3316,1,250,250
44,19,3317,3,180,540
45,19,3319,1,400,400
46,20,1774,2,500,1000
47,20,1775,2,450,900
48,21,1356,2,350,700
49,21,1359,3,450,1350
50,21,1358,3,220,660
51,21,1354,3,300,900
52,22,3304,3,500,1500
53,23,1913,3,250,750
54,23,1909,2,120,240
55,23,1910,1,350,350
56,24,2622,1,280,280
57,24,2620,1,100,100
58,24,2623,1,80,80
59,25,239,2,180,360
60,25,240,3,350,1050
61,26,3400,3,120,360
62,26,3399,3,450,1350
63,26,3402,1,200,200
64,27,3551,1,250,250
65,27,3552,2,400,800
66,28,2692,2,400,800
67,29,2696,3,300,900
68,29,2694,1,280,280
69,30,2850,3,80,240
70,30,2851,2,100,200
71,30,2853,3,250,750
72,31,2533,3,220,660
73,31,2534,1,350,350
74,32,570,3,220,660
75,32,574,2,200,400
76,32,576,2,100,200
77,33,3393,3,200,600
78,33,3395,3,300,900
79,33,3394,1,300,300
80,34,3570,1,450,450
81,34,3564,1,80,80
82,35,1971,2,400,800
83,35,1973,1,180,180
84,35,1965,3,500,1500
85,35,1975,1,400,400
86,36,3919,2,150,300
87,36,3921,2,100,200
88,36,3918,2,280,560
89,37,50,3,400,1200
90,37,51,1,100,100
91,37,49,1,300,300
92,37,48,2,150,300
93,38,2101,2,250,500
94,38,2095,2,500,1000
95,38,2099,3,150,450
96,38,2097,2,220,440
97,39,2934,2,150,300
98,39,2929,2,180,360
99,39,2938,3,450,1350
100,40,854,2,400,800
101,40,858,3,80,240
102,40,853,3,80,240
103,40,860,2,100,200
104,41,2697,2,200,400
105,41,2700,3,80,240
106,41,2698,3,400,1200
107,41,2699,3,350,1050
108,42,3339,1,120,120
109,43,146,3,100,300
110,44,2557,1,400,400
111,44,2563,1,200,200
112,44,2562,2,400,800
113,44,2564,2,280,560
114,45,648,3,80,240
115,45,650,1,400,400
116,45,646,1,400,400
117,46,2990,2,450,900
118,46,2988,2,300,600
119,47,1252,3,500,1500
120,48,3750,3,180,540
121,49,718,1,100,100
122,49,713,3,450,1350
123,50,1170,1,450,450
124,50,1169,1,350,350
125,50,1164,3,200,600
126,50,1166,1,80,80
127,51,1896,2,280,560
128,51,1895,1,100,100
129,51,1893,2,450,900
130,52,3044,3,350,1050
131,53,231,1,400,400
132,53,238,2,500,1000
133,53,233,2,300,600
134,53,236,3,180,540
135,54,55,2,450,900
136,55,936,2,500,1000
137,55,934,1,80,80
138,55,938,2,220,440
139,56,1920,2,500,1000
140,56,1925,2,350,700
141,56,1918,2,100,200
142,56,1915,1,150,150
143,57,3324,1,400,400
144,58,938,3,220,660
145,58,937,1,80,80
146,58,933,2,100,200
147,58,934,2,80,160
148,59,2682,3,280,840
149,59,2684,1,250,250
150,60,3604,3,450,1350
151,61,2393,3,350,1050
152,62,3534,2,300,600
153,62,3532,2,180,360
154,62,3535,3,450,1350
155,63,2891,1,350,350
156,63,2890,2,200,400
157,63,2898,3,400,1200
158,64,3586,3,100,300
159,64,3588,2,220,440
160,64,3590,2,220,440
161,65,2660,2,200,400
162,66,971,2,250,500
163,66,974,3,220,660
164,66,968,2,120,240
165,66,969,1,300,300
166,67,3872,3,120,360
167,67,3868,2,100,200
168,67,3867,2,300,600
169,67,3869,2,500,1000
170,68,1698,3,500,1500
171,69,499,3,80,240
172,69,504,1,150,150
173,70,2130,2,200,400
174,70,2129,3,180,540
175,70,2124,3,80,240
176,70,2120,1,100,100
177,71,3676,2,150,300
178,72,842,3,100,300
179,72,836,3,350,1050
180,72,838,3,100,300
181,73,305,1,80,80
182,73,300,3,180,540
183,73,306,2,450,900
184,73,297,1,100,100
185,74,273,2,220,440
186,75,2154,1,120,120
187,75,2151,1,400,400
188,75,2150,3,200,600
189,75,2153,1,450,450
190,76,517,3,500,1500
191,77,577,3,500,1500
192,77,575,2,180,360
193,77,573,1,350,350
194,78,2896,3,300,900
195,79,1518,1,280,280
196,80,3414,1,220,220
197,80,3417,3,500,1500
198,80,3411,3,100,300
199,80,3413,2,200,400
200,81,315,3,200,600
201,81,313,3,300,900
202,82,3602,3,350,1050
203,82,3604,3,450,1350
204,82,3607,3,500,1500
205,82,3608,3,100,300
206,83,3023,1,300,300
207,83,3024,3,200,600
208,83,3021,2,120,240
209,83,3026,1,150,150
210,84,2718,1,220,220
211,84,2720,2,100,200
212,84,2716,1,100,100
213,84,2712,3,280,840
214,85,2759,3,200,600
215,85,2762,1,280,280
216,85,2752,2,400,800
217,85,2756,1,100,100
218,86,2307,3,300,900
219,87,2681,1,120,120
220,87,2680,3,500,1500
221,88,538,3,120,360
222,88,537,1,220,220
223,88,541,2,400,800
224,89,3291,2,300,600
225,89,3292,3,500,1500
226,90,770,3,100,300
227,91,250,2,100,200
228,91,251,1,450,450
229,91,249,2,280,560
230,91,253,3,150,450
231,92,361,3,120,360
232,92,360,2,120,240
233,92,359,2,350,700
234,93,1054,1,220,220
235,93,1053,2,80,160
236,94,3202,3,500,1500
237,94,3210,1,80,80
238,95,3057,1,80,80
239,95,3053,3,400,1200
240,95,3055,3,280,840
241,96,2325,2,280,560
242,96,2323,3,450,1350
243,97,2496,2,500,1000
244,97,2489,2,120,240
245,98,1604,2,120,240
246,98,1605,2,120,240
247,99,2158,1,450,450
248,100,2042,3,280,840
249,101,804,2,180,360
250,101,801,3,220,660
251,102,2393,3,350,1050
252,102,2396,1,100,100
253,103,3708,3,200,600
254,104,2899,1,280,280
255,104,2895,3,300,900
256,105,514,1,180,180
257,106,2032,2,250,500
258,106,2029,1,120,120
259,106,2031,3,220,660
260,106,2030,2,120,240
261,107,1052,2,280,560
262,107,1058,2,100,200
263,107,1054,2,220,440
264,108,2788,2,180,360
265,109,2326,3,280,840
266,109,2329,3,150,450
267,109,2327,1,80,80
268,109,2328,1,100,100
269,110,2603,3,100,300
270,110,2599,3,300,900
271,111,3833,1,200,200
272,111,3826,1,500,500
273,111,3830,1,120,120
274,112,4113,3,350,1050
275,113,3200,1,500,500
276,113,3194,3,400,1200
277,113,3196,3,450,1350
278,113,3195,3,250,750
279,114,2972,3,350,1050
280,114,2970,3,200,600
281,115,4243,3,150,450
282,115,4242,2,500,1000
283,116,3745,2,80,160
284,116,3748,1,450,450
285,116,3747,2,120,240
286,117,4274,2,220,440
287,117,4276,1,280,280
288,117,4275,2,280,560
289,118,3578,3,100,300
290,118,3577,1,200,200
291,118,3574,1,350,350
292,118,3576,3,500,1500
293,119,4280,3,280,840
294,119,4284,1,400,400
295,119,4281,2,220,440
296,119,4279,3,250,750
297,120,2457,3,80,240
298,120,2459,1,450,450
299,121,2419,3,200,600
300,121,2422,3,80,240
301,121,2421,3,120,360
302,122,1492,3,450,1350
303,122,1495,1,500,500
304,122,1493,1,220,220
305,123,1865,1,220,220
306,123,1860,2,280,560
307,123,1864,2,280,560
308,124,3408,1,150,150
309,125,2674,1,120,120
310,125,2677,1,220,220
311,125,2675,3,120,360
312,126,2689,3,80,240
313,127,2712,2,280,560
314,128,1692,1,150,150
315,128,1689,2,150,300
316,129,4157,2,180,360
317,129,4151,2,200,400
318,129,4152,3,200,600
319,130,1904,2,450,900
320,130,1905,3,120,360
321,130,1907,2,180,360
322,130,1899,2,120,240
323,131,2064,2,100,200
324,131,2060,3,350,1050
325,131,2058,1,250,250
326,132,483,2,300,600
327,132,480,1,220,220
328,132,484,3,180,540
329,133,1806,2,80,160
330,133,1811,2,250,500
331,133,1807,1,120,120
332,134,3330,3,280,840
333,134,3333,2,350,700
334,135,840,1,250,250
335,136,3531,3,350,1050
336,136,3536,2,450,900
337,137,2559,1,200,200
338,137,2563,3,200,600
339,137,2564,2,280,560
340,138,3164,3,100,300
341,138,3165,3,400,1200
342,139,2998,1,280,280
343,139,2997,3,150,450
344,139,3000,3,250,750
345,140,4171,3,450,1350
346,140,4170,2,250,500
347,140,4174,2,180,360
348,141,802,2,80,160
349,141,804,1,180,180
350,141,803,1,100,100
351,142,3435,1,220,220
352,142,3431,2,150,300
353,142,3437,1,180,180
354,143,3179,3,100,300
355,143,3184,2,80,160
356,144,3839,2,220,440
357,145,1069,3,150,450
358,145,1072,3,220,660
359,146,3345,3,250,750
360,146,3343,2,200,400
361,146,3346,3,400,1200
362,146,3341,1,350,350
363,147,1449,1,200,200
364,147,1447,3,200,600
365,147,1448,2,220,440
366,148,880,2,80,160
367,149,3106,2,450,900
368,149,3112,2,280,560
369,149,3110,2,200,400
370,150,3789,1,180,180
371,150,3798,3,250,750
372,150,3795,1,100,100
373,151,3902,3,120,360
374,151,3897,3,250,750
375,151,3895,1,450,450
376,152,3261,3,500,1500
377,152,3266,2,200,400
378,152,3265,1,280,280
379,152,3267,2,150,300
380,153,3345,1,250,250
381,153,3343,2,200,400
382,154,148,1,180,180
383,154,149,3,450,1350
384,154,153,1,280,280
385,154,154,3,300,900
386,155,2268,1,300,300
387,156,2107,1,180,180
388,156,2105,1,450,450
389,157,3545,3,220,660
390,157,3541,3,200,600
391,157,3549,2,200,400
392,157,3542,2,220,440
393,158,170,1,220,220
394,158,168,1,120,120
395,159,3633,1,250,250
396,159,3640,3,100,300
397,159,3631,3,180,540
398,160,2644,3,300,900
399,160,2638,2,500,1000
400,161,127,2,180,360
401,161,125,2,220,440
402,161,124,1,400,400
403,162,496,3,500,1500
404,162,494,3,400,1200
405,163,867,3,280,840
406,164,4023,3,100,300
407,164,4012,1,80,80
408,165,3121,1,250,250
409,165,3119,2,120,240
410,166,1456,1,220,220
411,166,1453,1,100,100
412,166,1457,2,120,240
413,167,1924,3,250,750
414,167,1925,2,350,700
415,167,1915,1,150,150
416,168,1832,1,350,350
417,168,1835,2,250,500
418,168,1836,1,400,400
419,169,3223,3,120,360
420,170,2250,3,350,1050
421,170,2248,2,500,1000
422,170,2249,2,150,300
423,170,2251,3,150,450
424,171,1031,1,180,180
425,172,2236,1,120,120
426,173,3692,2,350,700
427,174,1977,2,450,900
428,174,1979,1,300,300
429,174,1978,1,200,200
430,175,3863,3,400,1200
431,176,855,3,500,1500
432,176,856,2,450,900
433,177,1889,3,180,540
434,177,1890,1,220,220
435,177,1893,1,450,450
436,177,1896,1,280,280
437,178,2126,1,180,180
438,179,4247,2,500,1000
439,179,4254,1,450,450
440,179,4246,1,220,220
441,179,4249,1,150,150
442,180,4243,1,150,150
443,180,4244,3,500,1500
444,180,4241,1,450,450
445,181,1817,3,450,1350
446,181,1813,3,80,240
447,182,2085,3,400,1200
448,182,2076,2,200,400
449,182,2082,2,350,700
450,182,2086,1,280,280
451,183,2549,3,180,540
452,183,2543,3,450,1350
453,183,2544,3,500,1500
454,183,2546,3,250,750
455,184,4235,3,100,300
456,185,886,3,350,1050
457,185,884,1,150,150
458,186,1029,3,150,450
459,187,1978,3,200,600
460,187,1980,1,280,280
461,188,1074,2,300,600
462,189,1774,3,500,1500
463,189,1775,3,450,1350
464,190,3377,3,120,360
465,191,3045,2,150,300
466,191,3047,1,300,300
467,191,3049,3,200,600
468,192,3588,3,220,660
469,192,3586,1,100,100
470,192,3590,1,220,220
471,192,3589,1,200,200
472,193,850,1,150,150
473,194,2596,3,400,1200
474,195,2863,2,350,700
475,196,3110,3,200,600
476,196,3109,2,180,360
477,196,3104,2,500,1000
478,196,3113,1,200,200
479,197,212,1,200,200
480,197,218,3,100,300
481,197,217,1,280,280
482,198,4056,1,280,280
483,199,2104,2,450,900
484,199,2105,3,450,1350
485,199,2107,2,180,360
486,200,4260,2,180,360
487,201,3155,2,150,300
488,201,3157,3,280,840
489,201,3158,1,120,120
490,201,3156,2,300,600
491,202,2962,1,120,120
492,202,2963,3,220,660
493,203,2748,2,220,440
494,203,2747,2,150,300
495,203,2749,3,220,660
496,204,3047,3,300,900
497,204,3050,2,180,360
498,204,3045,3,150,450
499,204,3048,2,400,800
500,205,2217,1,80,80
501,205,2219,2,80,160
502,205,2218,3,180,540
503,206,2024,1,500,500
504,206,2020,3,250,750
505,206,2021,1,250,250
506,206,2022,1,280,280
507,207,1881,1,200,200
508,207,1877,3,500,1500
509,207,1885,2,220,440
510,207,1879,3,500,1500
511,208,3835,2,220,440
512,208,3833,2,200,400
513,208,3825,2,250,500
514,209,3314,3,350,1050
515,209,3313,1,450,450
516,209,3317,3,180,540
517,209,3316,3,250,750
518,210,1974,1,80,80
519,210,1973,2,180,360
520,210,1975,1,400,400
521,210,1967,3,120,360
522,211,766,1,80,80
523,211,771,2,500,1000
524,211,770,3,100,300
525,211,769,1,500,500
526,212,92,3,250,750
527,212,90,2,250,500
528,212,91,3,80,240
529,213,2765,1,220,220
530,214,1869,2,250,500
531,214,1873,1,220,220
532,214,1871,3,100,300
533,215,3038,1,280,280
534,216,1187,3,120,360
535,216,1190,1,400,400
536,216,1183,1,400,400
537,217,613,2,120,240
538,218,3455,1,250,250
539,219,2391,2,350,700
540,220,1823,3,150,450
541,220,1820,2,250,500
542,221,3841,2,250,500
543,221,3840,1,250,250
544,222,2812,2,350,700
545,222,2815,1,280,280
546,222,2820,1,220,220
547,223,3856,3,150,450
548,223,3864,2,280,560
549,223,3866,1,450,450
550,223,3858,1,300,300
551,224,1999,2,100,200
552,224,1998,2,220,440
553,224,1997,2,350,700
554,225,1037,3,300,900
555,225,1033,3,180,540
556,225,1032,2,280,560
557,225,1035,1,250,250
558,226,2407,1,200,200
559,226,2403,1,120,120
560,226,2406,3,250,750
561,226,2398,2,100,200
562,227,2281,3,500,1500
563,228,2518,1,80,80
564,228,2520,2,150,300
565,228,2514,2,450,900
566,229,1717,2,220,440
567,230,2914,3,300,900
568,230,2915,1,100,100
569,231,2252,2,300,600
570,232,2521,1,180,180
571,232,2513,3,280,840
572,233,1781,2,100,200
573,233,1782,2,250,500
574,233,1776,3,120,360
575,233,1780,1,500,500
576,234,348,3,150,450
577,234,351,3,280,840
578,234,347,2,250,500
579,235,2849,1,250,250
580,235,2850,2,80,160
581,236,3031,3,80,240
582,236,3032,2,100,200
583,236,3030,3,280,840
584,237,1034,1,150,150
585,237,1032,3,280,840
586,237,1037,2,300,600
587,237,1033,1,180,180
588,238,3567,2,280,560
589,238,3563,1,100,100
590,238,3572,2,150,300
591,238,3570,2,450,900
592,239,4175,3,450,1350
593,239,4176,1,400,400
594,240,1699,1,80,80
595,240,1701,1,250,250
596,241,523,1,250,250
597,241,522,1,180,180
598,242,2995,1,400,400
599,242,2997,1,150,150
600,243,558,3,220,660
601,243,551,3,300,900
602,243,553,2,450,900
603,243,559,1,80,80
604,244,3418,1,150,150
605,245,510,3,150,450
606,245,516,2,200,400
607,245,513,2,350,700
608,245,511,3,280,840
609,246,1067,2,500,1000
610,246,1063,2,280,560
611,246,1066,1,200,200
612,246,1064,1,220,220
613,247,3719,2,220,440
614,248,1412,1,180,180
615,248,1413,1,400,400
616,248,1411,2,200,400
617,249,2716,3,100,300
618,249,2710,2,450,900
619,250,847,3,280,840
620,250,845,3,500,1500
621,250,848,3,150,450
622,251,2522,2,400,800
623,252,3781,3,150,450
624,252,3783,1,300,300
625,252,3782,1,300,300
626,253,2308,1,180,180
627,253,2307,2,300,600
628,253,2306,2,220,440
629,254,4227,2,450,900
630,254,4220,3,400,1200
631,255,1631,3,180,540
632,255,1633,3,120,360
633,256,7,3,300,900
634,256,13,1,80,80
635,257,2499,2,350,700
636,257,2505,2,280,560
637,257,2503,3,350,1050
638,257,2500,1,300,300
639,258,4103,3,80,240
640,258,4106,2,80,160
641,259,317,3,400,1200
642,259,316,1,220,220
643,259,319,3,400,1200
644,259,320,1,220,220
645,260,3260,1,180,180
646,260,3265,3,280,840
647,261,1691,1,280,280
648,261,1692,3,150,450
649,261,1690,3,200,600
650,261,1689,2,150,300
651,262,946,2,80,160
652,262,949,2,120,240
653,262,947,2,350,700
654,262,948,3,120,360
655,263,3346,2,400,800
656,263,3344,3,180,540
657,264,1451,2,300,600
658,264,1454,3,250,750
659,264,1453,3,100,300
660,265,4029,1,180,180
661,266,3982,2,250,500
662,266,3985,2,400,800
663,267,127,3,180,540
664,267,126,3,280,840
665,267,125,3,220,660
666,268,2716,2,100,200
667,268,2719,1,120,120
668,268,2717,1,220,220
669,268,2710,1,450,450
670,269,2016,2,120,240
671,269,2014,3,280,840
672,270,2456,3,220,660
673,271,3653,1,280,280
674,271,3651,3,150,450
675,272,3254,1,300,300
676,272,3250,2,180,360
677,273,4147,2,100,200
678,274,568,3,280,840
679,274,565,3,300,900
680,274,562,3,80,240
681,274,564,2,80,160
682,275,3870,1,150,150
683,275,3867,2,300,600
684,275,3869,3,500,1500
685,275,3872,2,120,240
686,276,945,2,100,200
687,277,579,3,80,240
688,277,585,1,500,500
689,277,584,3,100,300
690,278,3720,2,150,300
691,278,3723,2,150,300
692,278,3727,1,100,100
693,279,4286,3,80,240
694,279,4289,3,200,600
695,279,4288,1,250,250
696,280,3871,1,250,250
697,281,3207,1,350,350
698,281,3211,2,400,800
699,281,3213,2,80,160
700,281,3204,1,300,300
701,282,30,2,280,560
702,283,2696,2,300,600
703,284,1439,1,400,400
704,284,1442,1,350,350
705,284,1437,2,180,360
706,284,1438,1,400,400
707,285,3594,1,350,350
708,286,460,3,150,450
709,286,461,3,100,300
710,287,3337,1,120,120
711,287,3332,3,200,600
712,287,3338,2,80,160
713,288,561,2,350,700
714,288,562,3,80,240
715,288,569,2,120,240
716,288,568,2,280,560
717,289,2395,3,400,1200
718,290,2985,3,180,540
719,290,2981,2,150,300
720,290,2983,3,350,1050
721,290,2984,2,450,900
722,291,2184,1,100,100
723,292,686,3,350,1050
724,293,2331,2,400,800
725,293,2337,2,100,200
726,294,185,2,180,360
727,294,181,3,80,240
728,294,178,1,100,100
729,294,184,1,150,150
730,295,2281,1,500,500
731,296,1236,2,220,440
732,296,1237,2,500,1000
733,296,1233,1,500,500
734,296,1238,3,80,240
735,297,1343,2,120,240
736,297,1346,3,180,540
737,297,1352,3,150,450
738,297,1344,3,150,450
739,298,2,2,150,300
740,298,6,3,200,600
741,298,1,2,100,200
742,298,4,1,280,280
743,299,2511,1,120,120
744,300,3048,2,400,800
745,301,3738,2,450,900
746,301,3736,3,300,900
747,301,3742,3,200,600
748,301,3737,1,80,80
749,302,3476,1,80,80
750,302,3481,2,200,400
751,302,3479,1,200,200
752,303,2087,2,400,800
753,303,2094,3,450,1350
754,303,2093,3,280,840
755,304,353,2,250,500
756,305,3502,1,100,100
757,305,3509,2,450,900
758,305,3506,2,120,240
759,306,1035,2,250,500
760,306,1036,1,300,300
761,307,2473,3,450,1350
762,307,2471,3,80,240
763,308,2050,2,100,200
764,308,2052,2,280,560
765,308,2049,1,280,280
766,309,1533,1,180,180
767,310,4278,2,220,440
768,311,3336,1,220,220
769,312,3049,2,200,400
770,312,3048,1,400,400
771,312,3047,3,300,900
772,312,3052,2,180,360
773,313,1114,1,300,300
774,313,1111,1,150,150
775,313,1112,2,450,900
776,314,3552,1,400,400
777,314,3550,1,350,350
778,314,3551,2,250,500
779,315,3047,3,300,900
780,315,3052,3,180,540
781,316,3860,1,300,300
782,316,3864,1,280,280
783,316,3862,1,220,220
784,316,3863,1,400,400
785,317,3882,2,150,300
786,317,3881,2,80,160
787,317,3876,1,200,200
788,317,3878,3,250,750
789,318,243,1,100,100
790,318,240,1,350,350
791,318,241,3,100,300
792,318,242,2,150,300
793,319,3590,3,220,660
794,320,1042,2,80,160
795,320,1043,1,450,450
796,321,1388,1,150,150
797,322,473,1,400,400
798,323,2567,2,200,400
799,323,2558,2,450,900
800,323,2565,2,350,700
801,324,3818,1,200,200
802,324,3817,3,200,600
803,325,1795,2,300,600
804,325,1793,3,80,240
805,326,3646,1,300,300
806,326,3647,2,350,700
807,327,1174,3,150,450
808,328,3055,2,280,560
809,328,3056,2,200,400
810,328,3057,3,80,240
811,328,3054,2,500,1000
812,329,3157,1,280,280
813,329,3154,1,180,180
814,330,1227,1,220,220
815,330,1224,1,280,280
816,331,1231,2,500,1000
817,331,1235,1,80,80
818,332,1909,2,120,240
819,332,1913,1,250,250
820,332,1911,1,450,450
821,332,1910,2,350,700
822,333,2867,2,200,400
823,333,2868,2,280,560
824,333,2874,3,220,660
825,334,3796,1,200,200
826,334,3798,3,250,750
827,334,3789,2,180,360
828,335,3286,3,180,540
829,335,3283,1,200,200
830,335,3281,1,400,400
831,335,3285,3,350,1050
832,336,877,2,400,800
833,336,876,3,500,1500
834,336,879,3,100,300
835,337,3416,1,400,400
836,338,1057,1,120,120
837,338,1056,3,120,360
838,339,3714,1,300,300
839,339,3716,2,100,200
840,339,3713,3,400,1200
841,340,2317,1,200,200
842,340,2321,2,300,600
843,341,1708,1,300,300
844,341,1703,3,220,660
845,341,1704,1,120,120
846,342,1712,1,100,100
847,342,1714,1,150,150
848,342,1715,1,300,300
849,343,4158,2,500,1000
850,343,4159,2,100,200
851,343,4154,2,400,800
852,344,3493,3,450,1350
853,344,3495,2,250,500
854,344,3498,2,450,900
855,345,945,1,100,100
856,346,322,3,200,600
857,347,3953,2,200,400
858,348,112,1,280,280
859,349,918,3,350,1050
860,349,919,1,250,250
861,349,915,3,120,360
862,350,2267,2,220,440
863,350,2266,3,200,600
864,351,2392,1,400,400
865,352,4182,3,350,1050
866,352,4179,2,300,600
867,352,4181,2,150,300
868,352,4175,2,450,900
869,353,156,2,250,500
870,353,157,1,400,400
871,353,159,3,150,450
872,353,155,3,200,600
873,354,3474,3,180,540
874,354,3481,1,200,200
875,355,3913,1,220,220
876,356,2750,3,350,1050
877,356,2749,1,220,220
878,357,1332,2,450,900
879,357,1334,2,180,360
880,357,1341,3,500,1500
881,357,1340,1,100,100
882,358,2204,3,280,840
883,359,189,1,100,100
884,359,190,1,200,200
885,360,1858,1,180,180
886,360,1859,2,200,400
887,360,1861,3,150,450
888,361,1172,1,500,500
889,361,1173,3,120,360
890,361,1178,3,280,840
891,362,1272,1,300,300
892,362,1276,1,450,450
893,363,210,2,180,360
894,363,211,1,120,120
895,364,2990,1,450,450
896,364,2989,2,220,440
897,365,2587,3,280,840
898,366,2594,2,180,360
899,367,1713,2,350,700
900,367,1711,3,350,1050
901,368,1011,1,280,280
902,368,1007,1,80,80
903,368,1012,1,150,150
904,369,2362,1,100,100
905,369,2355,3,250,750
906,369,2364,3,350,1050
907,369,2358,3,120,360
908,370,1783,3,180,540
909,371,3589,1,200,200
910,371,3586,2,100,200
911,371,3587,3,300,900
912,372,3465,2,300,600
913,372,3469,3,150,450
914,372,3468,1,80,80
915,373,1703,1,220,220
916,374,2145,3,280,840
917,374,2148,2,180,360
918,374,2146,3,200,600
919,374,2147,2,200,400
920,375,3192,2,400,800
921,376,3247,2,500,1000
922,376,3238,3,400,1200
923,376,3240,1,220,220
924,377,3678,3,300,900
925,377,3677,2,200,400
926,377,3675,2,500,1000
927,377,3682,1,500,500
928,378,30,1,280,280
929,379,2942,3,400,1200
930,379,2947,1,280,280
931,379,2945,1,180,180
932,379,2950,3,220,660
933,380,418,1,80,80
934,380,417,1,200,200
935,381,1698,1,500,500
936,382,1914,2,350,700
937,382,1921,2,400,800
938,382,1923,2,180,360
939,382,1916,3,450,1350
940,383,2448,1,150,150
941,383,2447,2,250,500
942,384,3928,3,250,750
943,384,3930,1,250,250
944,384,3931,3,80,240
945,385,3530,2,350,700
946,385,3523,3,450,1350
947,385,3522,1,300,300
948,385,3526,3,400,1200
949,386,841,1,150,150
950,386,843,1,200,200
951,386,836,2,350,700
952,386,842,1,100,100
953,387,3834,2,180,360
954,387,3833,3,200,600
955,387,3829,2,100,200
956,388,3062,3,80,240
957,388,3066,2,180,360
958,388,3061,2,100,200
959,388,3058,2,400,800
960,389,1098,2,80,160
961,389,1099,3,350,1050
962,389,1101,3,280,840
963,389,1097,1,250,250
964,390,1047,3,350,1050
965,391,1922,1,120,120
966,392,2561,3,150,450
967,392,2556,2,500,1000
968,392,2562,1,400,400
969,393,3098,3,350,1050
970,393,3100,2,250,500
971,394,820,3,80,240
972,394,819,3,500,1500
973,395,236,3,180,540
974,396,2515,3,80,240
975,396,2511,2,120,240
976,396,2514,2,450,900
977,397,639,3,220,660
978,397,635,1,250,250
979,398,1552,2,200,400
980,398,1557,1,80,80
981,398,1558,2,180,360
982,398,1561,2,120,240
983,399,2361,3,450,1350
984,400,3697,2,280,560
985,400,3694,2,220,440
986,400,3696,3,500,1500
987,400,3695,3,120,360
988,401,1625,3,100,300
989,401,1627,1,150,150
990,402,1174,3,150,450
991,402,1175,2,300,600
992,403,2446,3,200,600
993,403,2448,1,150,150
994,403,2451,1,120,120
995,403,2453,2,250,500
996,404,952,1,500,500
997,404,956,1,80,80
998,404,958,1,200,200
999,405,1426,2,150,300
1000,405,1417,1,150,150
1001,405,1416,2,80,160
1002,406,3019,3,450,1350
1003,406,3014,2,450,900
1004,407,243,3,100,300
1005,407,241,2,100,200
1006,408,3276,3,120,360
1007,409,2669,2,80,160
1008,409,2665,2,200,400
1009,410,3063,3,300,900
1010,410,3062,1,80,80
1011,410,3065,1,250,250
1012,410,3058,3,400,1200
1013,411,764,1,200,200
1014,412,1091,2,120,240
1015,412,1085,2,350,700
1016,412,1084,2,400,800
1017,412,1093,1,120,120
1018,413,624,1,200,200
1019,413,627,2,220,440
1020,413,625,2,250,500
1021,413,626,3,120,360
1022,414,1405,1,180,180
1023,414,1412,3,180,540
1024,414,1406,2,100,200
1025,415,227,3,280,840
1026,415,229,3,80,240
1027,416,921,1,350,350
1028,416,923,3,450,1350
1029,416,928,2,300,600
1030,416,925,2,400,800
1031,417,2426,1,100,100
1032,417,2432,2,120,240
1033,417,2424,2,150,300
1034,418,1664,3,400,1200
1035,418,1661,3,350,1050
1036,418,1668,2,180,360
1037,418,1662,3,280,840
1038,419,1374,1,280,280
1039,419,1376,2,150,300
1040,420,1597,1,350,350
1041,420,1592,2,450,900
1042,420,1598,1,450,450
1043,421,1735,3,250,750
1044,422,1150,3,150,450
1045,422,1147,2,280,560
1046,422,1148,1,80,80
1047,422,1149,2,400,800
1048,423,1184,2,100,200
1049,424,953,1,300,300
1050,424,955,1,80,80
1051,424,954,2,220,440
1052,425,2676,2,220,440
1053,425,2674,1,120,120
1054,425,2675,1,120,120
1055,425,2673,3,400,1200
1056,426,1900,1,450,450
1057,426,1906,2,120,240
1058,426,1907,1,180,180
1059,426,1904,2,450,900
1060,427,3031,3,80,240
1061,427,3033,2,180,360
1062,427,3030,3,280,840
1063,428,1360,3,400,1200
1064,429,1447,2,200,400
1065,429,1450,2,300,600
1066,429,1449,2,200,400
1067,429,1444,3,500,1500
1068,430,620,3,120,360
1069,430,613,3,120,360
1070,431,2675,1,120,120
1071,431,2674,2,120,240
1072,431,2677,2,220,440
1073,432,3867,2,300,600
1074,432,3869,2,500,1000
1075,432,3868,3,100,300
1076,433,1666,3,350,1050
1077,433,1670,1,500,500
1078,433,1661,2,350,700
1079,434,3002,1,450,450
1080,434,3007,1,200,200
1081,434,3003,2,120,240
1082,434,3004,3,100,300
1083,435,4315,1,450,450
1084,435,4314,1,350,350
1085,436,1163,3,180,540
1086,436,1165,2,120,240
1087,437,3560,2,350,700
1088,437,3561,2,100,200
1089,438,777,1,120,120
1090,438,785,2,220,440
1091,438,781,2,120,240
1092,439,3637,2,120,240
1093,439,3632,1,100,100
1094,439,3630,3,180,540
1095,440,518,1,120,120
1096,440,512,1,250,250
1097,441,2008,3,400,1200
1098,442,1513,2,400,800
1099,442,1511,1,450,450
1100,442,1509,3,450,1350
1101,442,1510,3,100,300
1102,443,299,1,500,500
1103,443,304,2,150,300
1104,443,296,3,400,1200
1105,444,1993,1,200,200
1106,444,1994,1,100,100
1107,444,1990,2,450,900
1108,444,1992,2,120,240
1109,445,1023,1,120,120
1110,445,1026,2,150,300
1111,446,3001,1,120,120
1112,446,3011,3,280,840
1113,446,3002,3,450,1350
1114,446,3005,1,300,300
1115,447,3017,2,200,400
1116,448,466,1,400,400
1117,448,468,1,450,450
1118,448,471,1,220,220
1119,448,464,1,150,150
1120,449,2995,1,400,400
1121,449,2993,2,250,500
1122,449,2996,2,280,560
1123,449,2998,2,280,560
1124,450,3278,2,200,400
1125,450,3277,1,150,150
1126,451,1900,2,450,900
1127,451,1902,2,180,360
1128,452,91,2,80,160
1129,452,94,1,300,300
1130,452,92,1,250,250
1131,452,93,1,300,300
1132,453,1978,2,200,400
1133,453,1977,3,450,1350
1134,453,1980,3,280,840
1135,454,1007,3,80,240
1136,454,1012,2,150,300
1137,455,1733,1,250,250
1138,455,1729,2,180,360
1139,455,1731,3,250,750
1140,455,1732,1,500,500
1141,456,698,1,100,100
1142,456,689,1,220,220
1143,456,697,3,350,1050
1144,456,696,3,200,600
1145,457,454,3,200,600
1146,457,450,2,500,1000
1147,458,3917,3,300,900
1148,458,3912,1,100,100
1149,458,3907,3,220,660
1150,458,3914,3,250,750
1151,459,2811,3,120,360
1152,459,2808,3,400,1200
1153,459,2810,1,400,400
1154,459,2809,3,450,1350
1155,460,2244,2,120,240
1156,460,2247,3,450,1350
1157,461,2291,3,200,600
1158,461,2288,2,220,440
1159,461,2287,2,100,200
1160,461,2290,1,120,120
1161,462,1765,3,300,900
1162,462,1764,3,450,1350
1163,463,2488,2,500,1000
1164,463,2489,2,120,240
1165,463,2498,3,500,1500
1166,463,2490,3,100,300
1167,464,649,3,200,600
1168,464,650,2,400,800
1169,465,1943,3,450,1350
1170,465,1937,3,350,1050
1171,465,1938,3,150,450
1172,465,1939,3,300,900
1173,466,2476,2,500,1000
1174,466,2472,2,450,900
1175,466,2475,2,220,440
1176,466,2474,1,100,100
1177,467,3023,3,300,900
1178,467,3027,3,450,1350
1179,467,3021,1,120,120
1180,468,3528,1,500,500
1181,468,3524,2,400,800
1182,468,3520,1,150,150
1183,469,1730,2,220,440
1184,469,1734,2,450,900
1185,469,1733,3,250,750
1186,470,659,2,250,500
1187,470,660,1,280,280
1188,471,1067,3,500,1500
1189,471,1065,3,220,660
1190,472,762,3,120,360
1191,473,1601,3,400,1200
1192,474,1149,1,400,400
1193,474,1151,1,350,350
1194,474,1147,3,280,840
1195,475,3164,3,100,300
1196,475,3162,3,150,450
1197,476,514,3,180,540
1198,476,509,1,100,100
1199,476,518,2,120,240
1200,476,516,2,200,400
1201,477,3214,1,400,400
1202,477,3222,1,100,100
1203,478,3562,1,100,100
1204,479,4047,2,180,360
1205,480,2207,3,300,900
1206,480,2208,3,120,360
1207,480,2210,1,220,220
1208,481,3638,1,220,220
1209,482,1663,1,150,150
1210,483,1866,2,250,500
1211,483,1858,3,180,540
1212,484,590,3,120,360
1213,484,591,3,400,1200
1214,485,3578,2,100,200
1215,485,3575,2,350,700
1216,485,3576,1,500,500
1217,486,2404,2,150,300
1218,486,2407,2,200,400
1219,487,137,2,200,400
1220,488,2830,1,300,300
1221,488,2828,3,180,540
1222,489,3824,2,450,900
1223,490,2209,3,300,900
1224,490,2211,2,450,900
1225,491,2826,2,100,200
1226,491,2829,1,450,450
1227,491,2822,3,100,300
1228,492,949,1,120,120
1229,492,945,2,100,200
1230,492,947,1,350,350
1231,492,946,1,80,80
1232,493,3559,2,450,900
1233,493,3555,3,300,900
1234,493,3560,2,350,700
1235,493,3561,1,100,100
1236,494,2989,3,220,660
1237,495,2920,3,400,1200
1238,495,2918,1,400,400
1239,495,2921,3,280,840
1240,495,2922,1,150,150
1241,496,1288,1,150,150
1242,496,1292,1,120,120
1243,497,1200,1,150,150
1244,497,1208,1,80,80
1245,497,1203,1,100,100
1246,498,969,1,300,300
1247,499,2609,3,500,1500
1248,499,2614,1,400,400
1249,499,2608,1,500,500
1250,499,2606,3,120,360
1251,500,4005,1,180,180
1252,501,3856,1,150,150
1253,501,3857,1,180,180
1254,501,3863,2,400,800
1255,502,1143,2,300,600
1256,502,1142,3,150,450
1257,502,1140,3,250,750
1258,503,3685,3,180,540
1259,503,3689,1,220,220
1260,503,3691,3,80,240
1261,504,545,1,280,280
1262,504,546,2,200,400
1263,505,1787,1,280,280
1264,505,1786,3,180,540
1265,505,1789,1,120,120
1266,506,1538,3,400,1200
1267,506,1537,2,220,440
1268,506,1539,3,300,900
1269,506,1529,3,150,450
1270,507,3904,3,450,1350
1271,508,3545,1,220,220
1272,509,4013,2,200,400
1273,510,2040,2,250,500
1274,511,1090,2,400,800
1275,512,1682,3,220,660
1276,512,1683,3,500,1500
1277,512,1684,3,300,900
1278,513,806,3,400,1200
1279,513,812,3,120,360
1280,514,122,2,500,1000
1281,514,118,2,180,360
1282,515,3159,3,500,1500
1283,515,3161,3,300,900
1284,515,3162,2,150,300
1285,516,4139,2,200,400
1286,516,4141,2,180,360
1287,517,1447,3,200,600
1288,517,1449,2,200,400
1289,517,1444,3,500,1500
1290,517,1450,2,300,600
1291,518,688,1,280,280
1292,518,685,3,450,1350
1293,519,1475,3,300,900
1294,519,1473,1,220,220
1295,520,1420,1,220,220
1296,521,3871,1,250,250
1297,521,3869,3,500,1500
1298,521,3868,3,100,300
1299,522,1523,3,80,240
1300,523,3345,1,250,250
1301,523,3341,1,350,350
1302,523,3344,2,180,360
1303,523,3342,2,250,500
1304,524,2798,2,300,600
1305,525,2579,2,280,560
1306,525,2578,3,350,1050
1307,526,2854,1,500,500
1308,526,2855,1,450,450
1309,526,2853,2,250,500
1310,527,213,3,450,1350
1311,528,334,2,280,560
1312,528,337,2,220,440
1313,528,338,1,450,450
1314,528,330,2,200,400
1315,529,1632,3,280,840
1316,529,1634,2,350,700
1317,530,4007,3,220,660
1318,530,4005,2,180,360
1319,530,4010,2,250,500
1320,530,4008,2,180,360
1321,531,1878,2,400,800
1322,532,2514,3,450,1350
1323,532,2520,1,150,150
1324,532,2512,3,250,750
1325,533,775,2,280,560
1326,533,776,2,180,360
1327,533,779,1,300,300
1328,533,784,3,120,360
1329,534,2581,1,450,450
1330,535,3806,1,500,500
1331,535,3804,3,150,450
1332,535,3809,1,150,150
1333,535,3805,1,450,450
1334,536,1811,1,250,250
1335,536,1807,2,120,240
1336,536,1810,3,180,540
1337,537,713,1,450,450
1338,538,946,1,80,80
1339,538,950,2,300,600
1340,538,949,1,120,120
1341,538,948,2,120,240
1342,539,1436,1,220,220
1343,539,1433,3,220,660
1344,539,1440,3,150,450
1345,539,1441,1,450,450
1346,540,4316,2,80,160
1347,541,1481,1,250,250
1348,541,1482,1,220,220
1349,541,1487,2,500,1000
1350,541,1486,2,280,560
1351,542,127,3,180,540
1352,542,126,1,280,280
1353,542,125,2,220,440
1354,543,300,3,180,540
1355,544,2686,1,250,250
1356,545,2941,1,220,220
1357,545,2944,1,350,350
1358,545,2946,3,100,300
1359,545,2940,3,180,540
1360,546,1994,2,100,200
1361,546,1993,2,200,400
1362,546,1991,1,500,500
1363,547,3475,1,80,80
1364,548,2206,1,120,120
1365,548,2202,1,250,250
1366,548,2201,2,450,900
1367,548,2204,1,280,280
1368,549,1171,3,100,300
1369,549,1164,2,200,400
1370,549,1169,3,350,1050
1371,549,1165,3,120,360
1372,550,3980,2,200,400
1373,551,2466,1,250,250
1374,551,2465,2,300,600
1375,551,2468,1,250,250
1376,551,2467,1,220,220
1377,552,3891,3,400,1200
1378,552,3892,1,500,500
1379,552,3890,3,250,750
1380,553,374,1,120,120
1381,553,381,3,250,750
1382,554,1688,3,200,600
1383,554,1692,2,150,300
1384,554,1690,1,200,200
1385,555,3410,1,220,220
1386,556,586,2,100,200
1387,556,590,1,120,120
1388,556,589,3,220,660
1389,557,3341,3,350,1050
1390,557,3344,2,180,360
1391,557,3345,3,250,750
1392,557,3342,1,250,250
1393,558,2207,1,300,300
1394,559,3778,2,180,360
1395,560,1057,2,120,240
1396,560,1061,1,400,400
1397,561,2413,2,150,300
1398,562,4280,2,280,560
1399,562,4282,1,450,450
1400,563,1443,1,300,300
1401,563,1445,1,200,200
1402,564,3383,2,280,560
1403,565,4153,2,350,700
1404,565,4150,1,300,300
1405,566,1002,2,500,1000
1406,566,1000,1,450,450
1407,566,1003,2,300,600
1408,567,273,3,220,660
1409,567,271,3,400,1200
1410,567,267,2,280,560
1411,568,760,2,350,700
1412,568,757,2,300,600
1413,568,756,3,280,840
1414,568,759,3,150,450
1415,569,1296,2,500,1000
1416,569,1295,3,350,1050
1417,569,1290,3,280,840
1418,570,3348,2,100,200
1419,571,3656,1,280,280
1420,571,3658,2,180,360
1421,571,3659,1,220,220
1422,571,3657,2,120,240
1423,572,2032,1,250,250
1424,572,2028,2,250,500
1425,573,3337,1,120,120
1426,573,3334,2,200,400
1427,573,3339,1,120,120
1428,574,3879,1,450,450
1429,574,3873,2,400,800
1430,574,3881,3,80,240
1431,574,3883,3,120,360
1432,575,3629,3,350,1050
1433,575,3639,2,500,1000
1434,575,3630,1,180,180
1435,576,2167,2,100,200
1436,576,2164,1,220,220
1437,576,2166,2,220,440
1438,577,656,3,350,1050
1439,577,657,3,350,1050
1440,577,652,3,250,750
1441,578,1663,2,150,300
1442,579,3889,3,80,240
1443,579,3884,2,180,360
1444,580,1574,1,280,280
1445,580,1578,3,80,240
1446,580,1569,1,120,120
1447,580,1577,1,280,280
1448,581,2886,3,300,900
1449,581,2887,1,80,80
1450,582,1903,3,100,300
1451,582,1900,2,450,900
1452,582,1904,1,450,450
1453,583,1628,1,100,100
1454,583,1625,1,100,100
1455,583,1629,1,500,500
1456,583,1626,1,500,500
1457,584,970,3,120,360
1458,584,968,1,120,120
1459,584,974,2,220,440
1460,585,3300,2,200,400
1461,585,3298,2,400,800
1462,586,1426,2,150,300
1463,586,1420,1,220,220
1464,586,1416,1,80,80
1465,587,2392,1,400,400
1466,588,460,2,150,300
1467,588,459,2,80,160
1468,589,784,1,120,120
1469,589,780,1,500,500
1470,589,781,3,120,360
1471,589,776,1,180,180
1472,590,3321,3,100,300
1473,590,3320,1,300,300
1474,590,3323,2,450,900
1475,591,3139,2,350,700
1476,591,3142,3,200,600
1477,592,3027,3,450,1350
1478,592,3023,3,300,900
1479,592,3024,2,200,400
1480,592,3025,3,300,900
1481,593,2328,2,100,200
1482,593,2326,2,280,560
1483,593,2323,2,450,900
1484,593,2324,1,220,220
1485,594,639,2,220,440
1486,594,638,3,500,1500
1487,594,635,1,250,250
1488,595,1868,3,300,900
1489,596,1278,1,400,400
1490,596,1286,3,500,1500
1491,596,1284,1,450,450
1492,596,1280,3,100,300
1493,597,737,1,220,220
1494,597,742,1,150,150
1495,598,1747,1,120,120
1496,598,1749,1,350,350
1497,598,1744,1,80,80
1498,598,1748,1,150,150
1499,599,55,2,450,900
1500,599,59,2,250,500
1501,599,53,2,450,900
1502,599,54,1,400,400
1503,600,2510,1,500,500
1504,601,4170,2,250,500
1505,602,602,1,500,500
1506,603,1668,2,180,360
1507,604,149,1,450,450
1508,604,153,1,280,280
1509,604,146,2,100,200
1510,604,154,2,300,600
1511,605,434,2,500,1000
1512,605,432,1,500,500
1513,605,436,1,350,350
1514,606,2747,2,150,300
1515,606,2750,2,350,700
1516,607,3963,1,400,400
1517,607,3967,1,500,500
1518,607,3969,2,450,900
1519,608,2038,2,120,240
1520,609,402,2,120,240
1521,609,393,2,250,500
1522,609,397,3,350,1050
1523,610,3354,3,180,540
1524,610,3347,1,350,350
1525,610,3349,2,200,400
1526,611,3441,1,500,500
1527,612,1940,3,400,1200
1528,613,987,3,220,660
1529,613,982,1,80,80
1530,613,984,3,350,1050
1531,614,3326,2,280,560
1532,614,3328,3,450,1350
1533,614,3329,3,350,1050
1534,615,4041,2,200,400
1535,615,4039,3,450,1350
1536,615,4037,2,400,800
1537,616,2465,2,300,600
1538,616,2462,3,220,660
1539,616,2463,3,280,840
1540,617,2882,2,400,800
1541,618,3762,3,280,840
1542,618,3763,3,280,840
1543,618,3758,2,400,800
1544,619,2698,1,400,400
1545,620,289,3,220,660
1546,620,285,1,150,150
1547,620,294,2,180,360
1548,621,2222,3,450,1350
1549,621,2219,1,80,80
1550,621,2218,2,180,360
1551,622,15,3,300,900
1552,622,17,1,100,100
1553,622,20,1,80,80
1554,623,6,2,200,400
1555,623,4,2,280,560
1556,623,1,3,100,300
1557,624,2572,1,100,100
1558,625,1456,3,220,660
1559,625,1458,3,250,750
1560,626,1875,2,300,600
1561,626,1874,1,100,100
1562,626,1876,2,500,1000
1563,627,2140,2,500,1000
1564,627,2142,2,500,1000
1565,627,2141,3,120,360
1566,628,573,3,350,1050
1567,628,571,2,280,560
1568,628,577,2,500,1000
1569,629,3565,1,350,350
1570,629,3568,3,350,1050
1571,630,2534,3,350,1050
1572,630,2532,1,250,250
1573,630,2533,2,220,440
1574,630,2530,3,250,750
1575,631,3431,1,150,150
1576,631,3433,2,280,560
1577,631,3436,3,350,1050
1578,632,3295,2,400,800
1579,633,3927,1,80,80
1580,633,3926,2,200,400
1581,633,3925,1,250,250
1582,633,3928,1,250,250
1583,634,270,1,300,300
1584,635,2355,1,250,250
1585,636,3656,1,280,280
1586,636,3657,2,120,240
1587,636,3658,1,180,180
1588,636,3655,2,250,500
1589,637,2538,2,450,900
1590,637,2536,1,500,500
1591,637,2539,1,300,300
1592,638,1483,1,250,250
1593,638,1485,2,100,200
1594,638,1482,2,220,440
1595,639,1627,1,150,150
1596,639,1626,3,500,1500
1597,639,1629,1,500,500
1598,640,12,3,100,300
1599,640,7,3,300,900
1600,640,10,3,120,360
1601,640,9,1,250,250
1602,641,512,1,250,250
1603,641,510,1,150,150
1604,641,517,3,500,1500
1605,641,518,1,120,120
1606,642,2308,2,180,360
1607,642,2303,1,450,450
1608,642,2304,1,350,350
1609,643,2131,3,350,1050
1610,643,2135,1,150,150
1611,643,2132,2,500,1000
1612,643,2134,3,300,900
1613,644,4165,3,100,300
1614,644,4168,2,400,800
1615,644,4164,2,300,600
1616,644,4167,3,250,750
1617,645,612,1,180,180
1618,645,604,1,120,120
1619,645,610,3,100,300
1620,646,7,3,300,900
1621,646,11,3,180,540
1622,647,190,1,200,200
1623,647,189,2,100,200
1624,648,2,1,150,150
1625,648,6,1,200,200
1626,648,1,2,100,200
1627,649,3504,1,80,80
1628,649,3505,1,300,300
1629,649,3506,3,120,360
1630,649,3509,2,450,900
1631,650,2029,2,120,240
1632,651,266,2,280,560
1633,651,273,3,220,660
1634,651,272,1,250,250
1635,651,271,1,400,400
1636,652,3933,1,220,220
1637,653,1550,3,500,1500
1638,653,1542,3,120,360
1639,653,1541,3,100,300
1640,654,576,2,100,200
1641,654,570,1,220,220
1642,655,1005,2,220,440
1643,655,1006,2,200,400
1644,656,713,2,450,900
1645,656,714,1,500,500
1646,656,719,1,80,80
1647,656,712,2,220,440
1648,657,800,2,120,240
1649,658,1391,3,450,1350
1650,658,1385,1,300,300
1651,659,4190,1,450,450
1652,660,2561,1,150,150
1653,661,1690,1,200,200
1654,661,1688,3,200,600
1655,662,3820,1,100,100
1656,662,3822,2,180,360
1657,662,3823,2,300,600
1658,663,3830,1,120,120
1659,663,3835,1,220,220
1660,663,3827,2,200,400
1661,663,3834,1,180,180
1662,664,3359,3,350,1050
1663,664,3362,2,150,300
1664,664,3360,2,500,1000
1665,665,3574,3,350,1050
1666,665,3575,3,350,1050
1667,665,3578,2,100,200
1668,665,3577,3,200,600
1669,666,454,2,200,400
1670,667,3476,3,80,240
1671,667,3478,1,450,450
1672,667,3480,3,100,300
1673,668,2293,1,100,100
1674,669,1235,2,80,160
1675,669,1231,2,500,1000
1676,670,1504,3,100,300
1677,670,1508,1,150,150
1678,670,1505,1,250,250
1679,671,1339,3,200,600
1680,671,1334,3,180,540
1681,671,1332,3,450,1350
1682,671,1335,3,100,300
1683,672,632,1,80,80
1684,672,629,3,150,450
1685,672,631,2,180,360
1686,673,1418,3,120,360
1687,673,1422,2,100,200
1688,674,3297,2,300,600
1689,675,2533,2,220,440
1690,676,3868,2,100,200
1691,676,3869,2,500,1000
1692,676,3867,2,300,600
1693,677,4056,2,280,560
1694,677,4054,2,250,500
1695,678,2388,2,80,160
1696,678,2391,1,350,350
1697,679,1173,3,120,360
1698,679,1172,3,500,1500
1699,679,1176,3,350,1050
1700,679,1174,3,150,450
1701,680,1692,2,150,300
1702,681,1036,2,300,600
1703,681,1037,2,300,600
1704,682,3100,2,250,500
1705,682,3098,1,350,350
1706,682,3099,2,150,300
1707,682,3097,2,220,440
1708,683,3000,2,250,500
1709,683,2998,2,280,560
1710,684,3341,3,350,1050
1711,685,296,2,400,800
1712,685,302,1,80,80
1713,686,4277,3,150,450
1714,686,4276,3,280,840
1715,686,4274,1,220,220
1716,687,412,3,180,540
1717,687,411,2,120,240
1718,687,404,1,100,100
1719,688,2446,2,200,400
1720,688,2453,2,250,500
1721,688,2452,3,300,900
1722,689,2835,2,200,400
1723,689,2836,2,450,900
1724,689,2840,1,180,180
1725,689,2831,1,280,280
1726,690,1600,3,280,840
1727,691,3546,2,500,1000
1728,692,2324,2,220,440
1729,692,2327,3,80,240
1730,693,1253,2,100,200
1731,693,1256,3,350,1050
1732,693,1248,1,80,80
1733,693,1257,3,250,750
1734,694,1692,3,150,450
1735,695,333,2,450,900
1736,695,335,1,200,200
1737,696,2268,3,300,900
1738,696,2270,1,250,250
1739,697,4292,1,80,80
1740,697,4295,3,200,600
1741,698,2710,3,450,1350
1742,698,2718,3,220,660
1743,699,1675,3,180,540
1744,699,1673,2,280,560
1745,699,1674,3,450,1350
1746,700,2412,1,300,300
1747,700,2414,3,80,240
1748,701,237,3,200,600
1749,701,231,2,400,800
1750,701,235,3,220,660
1751,702,1963,2,220,440
1752,702,1959,2,100,200
1753,703,2904,3,450,1350
1754,703,2906,1,200,200
1755,703,2900,3,350,1050
1756,703,2907,1,400,400
1757,704,181,3,80,240
1758,704,182,1,400,400
1759,704,183,1,220,220
1760,705,4171,2,450,900
1761,705,4172,1,250,250
1762,705,4173,2,80,160
1763,705,4174,2,180,360
1764,706,1083,1,100,100
1765,707,2599,3,300,900
1766,707,2598,2,350,700
1767,707,2603,3,100,300
1768,708,3465,3,300,900
1769,708,3468,2,80,160
1770,708,3470,2,180,360
1771,709,3727,2,100,200
1772,710,3562,2,100,200
1773,710,3563,2,100,200
1774,710,3569,3,500,1500
1775,711,1601,2,400,800
1776,711,1602,2,100,200
1777,711,1604,3,120,360
1778,712,3300,3,200,600
1779,712,3299,1,500,500
1780,713,1171,2,100,200
1781,713,1164,2,200,400
1782,713,1170,1,450,450
1783,714,1741,1,350,350
1784,714,1739,1,200,200
1785,715,2771,2,180,360
1786,715,2770,2,200,400
1787,716,320,2,220,440
1788,716,316,2,220,440
1789,716,317,1,400,400
1790,716,318,1,450,450
1791,717,3037,2,250,500
1792,717,3035,1,450,450
1793,717,3036,1,150,150
1794,717,3038,2,280,560
1795,718,1726,1,180,180
1796,718,1719,3,220,660
1797,718,1722,2,200,400
1798,718,1718,3,120,360
1799,719,3056,2,200,400
1800,720,3634,2,220,440
1801,720,3640,3,100,300
1802,720,3637,3,120,360
1803,721,249,2,280,560
1804,722,2309,3,350,1050
1805,722,2312,2,120,240
1806,722,2313,2,280,560
1807,722,2310,1,300,300
1808,723,663,3,200,600
1809,723,671,1,400,400
1810,724,3451,1,200,200
1811,724,3450,3,180,540
1812,724,3452,3,400,1200
1813,725,2309,1,350,350
1814,725,2312,3,120,360
1815,725,2313,1,280,280
1816,725,2311,1,100,100
1817,726,3746,2,200,400
1818,726,3745,1,80,80
1819,727,4080,1,120,120
1820,727,4087,3,500,1500
1821,727,4082,2,400,800
1822,727,4079,1,220,220
1823,728,1368,3,120,360
1824,729,2824,1,250,250
1825,729,2826,1,100,100
1826,730,3229,3,80,240
1827,730,3226,3,180,540
1828,730,3228,1,220,220
1829,730,3227,1,500,500
1830,731,1947,1,80,80
1831,731,1949,3,220,660
1832,732,4118,3,150,450
1833,733,1067,1,500,500
1834,734,3319,3,400,1200
1835,734,3315,3,300,900
1836,735,4289,1,200,200
1837,736,1925,2,350,700
1838,736,1918,1,100,100
1839,737,1991,2,500,1000
1840,737,1990,2,450,900
1841,737,1994,3,100,300
1842,738,1711,3,350,1050
1843,739,1211,1,200,200
1844,739,1210,1,220,220
1845,740,3993,1,80,80
1846,740,3995,2,350,700
1847,740,3992,2,280,560
1848,741,2363,3,200,600
1849,742,3270,1,80,80
1850,742,3268,3,180,540
1851,742,3273,3,500,1500
1852,743,273,2,220,440
1853,744,2687,3,450,1350
1854,744,2685,3,350,1050
1855,744,2686,2,250,500
1856,745,4181,2,150,300
1857,745,4182,2,350,700
1858,745,4177,1,180,180
1859,746,2620,2,100,200
1860,746,2619,1,100,100
1861,746,2618,3,250,750
1862,746,2616,1,220,220
1863,747,823,3,300,900
1864,748,1800,3,120,360
1865,748,1798,1,120,120
1866,749,3326,2,280,560
1867,749,3327,2,80,160
1868,749,3329,2,350,700
1869,749,3325,1,500,500
1870,750,4301,3,100,300
1871,751,1980,1,280,280
1872,752,2191,2,350,700
1873,753,2807,1,220,220
1874,753,2811,1,120,120
1875,754,862,1,180,180
1876,754,870,1,400,400
1877,754,864,1,180,180
1878,754,861,2,200,400
1879,755,3842,2,450,900
1880,756,1977,1,450,450
1881,756,1978,3,200,600
1882,756,1979,3,300,900
1883,756,1976,3,180,540
1884,757,789,2,300,600
1885,758,2076,1,200,200
1886,758,2086,2,280,560
1887,758,2082,1,350,350
1888,759,940,2,80,160
1889,759,942,2,400,800
1890,760,1947,3,80,240
1891,760,1954,3,350,1050
1892,760,1953,2,200,400
1893,760,1946,3,100,300
1894,761,4136,1,100,100
1895,761,4138,2,150,300
1896,762,2959,2,120,240
1897,763,4024,1,80,80
1898,763,4027,1,200,200
1899,763,4031,3,100,300
1900,764,190,1,200,200
1901,765,3255,3,300,900
1902,766,1615,2,120,240
1903,767,3853,3,350,1050
1904,768,3933,3,220,660
1905,769,3062,1,80,80
1906,769,3064,2,220,440
1907,769,3060,3,220,660
1908,770,1439,1,400,400
1909,770,1438,1,400,400
1910,771,1130,1,200,200
1911,771,1127,2,200,400
1912,771,1131,1,120,120
1913,772,2600,3,120,360
1914,772,2603,1,100,100
1915,773,1657,1,80,80
1916,773,1658,1,220,220
1917,773,1654,2,150,300
1918,774,4215,2,150,300
1919,774,4213,2,80,160
1920,775,1678,3,400,1200
1921,775,1676,3,250,750
1922,775,1672,2,150,300
1923,776,641,1,400,400
1924,777,1994,1,100,100
1925,778,2213,2,250,500
1926,778,2223,1,400,400
1927,779,4157,2,180,360
1928,779,4150,2,300,600
1929,779,4151,2,200,400
1930,780,436,1,350,350
1931,781,3216,3,180,540
1932,781,3223,2,120,240
1933,781,3217,1,80,80
1934,782,2660,3,200,600
1935,783,2088,1,180,180
1936,783,2091,1,200,200
1937,783,2090,2,280,560
1938,783,2094,3,450,1350
1939,784,1908,1,80,80
1940,785,856,3,450,1350
1941,786,36,2,450,900
1942,787,3870,2,150,300
1943,787,3871,2,250,500
1944,787,3869,3,500,1500
1945,787,3872,3,120,360
1946,788,3052,3,180,540
1947,789,3874,2,120,240
1948,789,3881,1,80,80
1949,789,3877,3,300,900
1950,789,3873,1,400,400
1951,790,1284,3,450,1350
1952,791,3468,3,80,240
1953,791,3469,1,150,150
1954,792,1770,2,450,900
1955,793,310,1,150,150
1956,793,308,3,180,540
1957,794,2342,1,250,250
1958,794,2344,2,100,200
1959,795,1747,3,120,360
1960,796,2318,3,280,840
1961,796,2317,2,200,400
1962,796,2316,2,500,1000
1963,797,1135,1,180,180
1964,797,1132,1,180,180
1965,797,1130,2,200,400
1966,798,1678,3,400,1200
1967,799,4217,2,100,200
1968,799,4213,3,80,240
1969,799,4216,3,220,660
1970,800,3492,3,280,840
1971,800,3482,2,180,360
1972,800,3486,3,80,240
1973,800,3488,1,80,80
1974,801,2103,3,150,450
1975,802,4131,1,80,80
1976,802,4127,2,350,700
1977,802,4128,1,120,120
1978,803,1952,1,120,120
1979,803,1947,1,80,80
1980,803,1951,2,80,160
1981,804,2711,2,150,300
1982,804,2715,2,400,800
1983,805,161,1,120,120
1984,805,162,2,450,900
1985,805,163,2,280,560
1986,805,166,3,100,300
1987,806,2342,2,250,500
1988,807,3647,3,350,1050
1989,807,3645,1,400,400
1990,807,3642,1,280,280
1991,808,2614,3,400,1200
1992,808,2609,3,500,1500
1993,808,2610,3,80,240
1994,808,2607,2,250,500
1995,809,1165,2,120,240
1996,809,1167,3,400,1200
1997,809,1168,2,180,360
1998,809,1164,1,200,200
1999,810,1593,3,450,1350
2000,811,2196,1,350,350
2001,811,2198,1,350,350
2002,812,2582,2,220,440
2003,812,2585,2,250,500
2004,813,1845,1,200,200
2005,813,1846,2,500,1000
2006,814,23,3,180,540
2007,814,25,2,120,240
2008,814,26,2,100,200
2009,814,24,1,180,180
2010,815,984,2,350,700
2011,816,2093,2,280,560
2012,816,2092,3,350,1050
2013,816,2091,1,200,200
2014,816,2090,2,280,560
2015,817,461,3,100,300
2016,817,455,1,150,150
2017,817,458,1,150,150
2018,817,460,3,150,450
2019,818,3532,3,180,540
2020,819,4175,1,450,450
2021,820,3282,1,200,200
2022,820,3281,1,400,400
2023,820,3285,1,350,350
2024,821,183,1,220,220
2025,821,185,1,180,180
2026,822,3386,3,150,450
2027,822,3389,3,220,660
2028,822,3388,2,220,440
2029,823,2424,3,150,450
2030,823,2426,2,100,200
2031,823,2432,1,120,120
2032,823,2425,3,280,840
2033,824,668,3,300,900
2034,824,667,3,450,1350
2035,825,3277,3,150,450
2036,825,3280,2,220,440
2037,825,3278,1,200,200
2038,826,2383,2,350,700
2039,826,2385,2,220,440
2040,826,2382,3,250,750
2041,827,4007,3,220,660
2042,827,4006,3,250,750
2043,827,4009,1,300,300
2044,828,1990,1,450,450
2045,828,1994,3,100,300
2046,828,1991,3,500,1500
2047,829,4157,3,180,540
2048,829,4158,1,500,500
2049,829,4150,1,300,300
2050,829,4155,2,120,240
2051,830,3406,3,120,360
2052,830,3410,2,220,440
2053,831,3843,3,150,450
2054,831,3837,3,120,360
2055,831,3840,2,250,500
2056,831,3841,1,250,250
2057,832,1741,3,350,1050
2058,832,1738,3,200,600
2059,832,1743,2,80,160
2060,833,301,1,220,220
2061,833,303,3,80,240
2062,833,306,3,450,1350
2063,834,1501,2,220,440
2064,834,1496,1,150,150
2065,834,1498,2,250,500
2066,835,1441,3,450,1350
2067,835,1438,1,400,400
2068,836,427,2,180,360
2069,836,428,1,120,120
2070,837,3913,2,220,440
2071,837,3907,3,220,660
2072,838,1887,2,280,560
2073,838,1884,1,300,300
2074,839,1427,1,280,280
2075,839,1430,3,400,1200
2076,839,1432,3,350,1050
2077,840,2879,2,250,500
2078,841,316,1,220,220
2079,842,1747,1,120,120
2080,843,269,3,450,1350
2081,843,272,1,250,250
2082,844,4160,3,350,1050
2083,844,4164,2,300,600
2084,844,4167,3,250,750
2085,845,2251,1,150,150
2086,846,492,2,100,200
2087,846,494,1,400,400
2088,847,2198,1,350,350
2089,847,2192,3,150,450
2090,848,2023,2,250,500
2091,848,2022,2,280,560
2092,848,2024,2,500,1000
2093,849,1389,3,250,750
2094,849,1383,3,150,450
2095,849,1386,2,200,400
2096,850,2618,2,250,500
2097,850,2617,1,500,500
2098,850,2619,1,100,100
2099,851,3790,2,250,500
2100,851,3796,2,200,400
2101,851,3798,1,250,250
2102,852,3269,3,150,450
2103,853,2287,3,100,300
2104,853,2290,2,120,240
2105,853,2289,3,350,1050
2106,854,2805,1,220,220
2107,854,2795,1,80,80
2108,854,2797,3,220,660
2109,854,2799,3,250,750
2110,855,182,2,400,800
2111,855,179,2,80,160
2112,855,184,2,150,300
2113,856,3229,3,80,240
2114,857,2077,3,250,750
2115,857,2075,2,400,800
2116,858,2282,1,120,120
2117,858,2277,2,250,500
2118,858,2276,3,200,600
2119,858,2281,2,500,1000
2120,859,589,2,220,440
2121,859,590,1,120,120
2122,859,591,2,400,800
2123,860,2389,3,400,1200
2124,860,2391,1,350,350
2125,860,2392,3,400,1200
2126,860,2387,3,220,660
2127,861,2387,2,220,440
2128,861,2392,1,400,400
2129,861,2389,2,400,800
2130,861,2390,3,100,300
2131,862,3710,2,400,800
2132,862,3716,3,100,300
2133,862,3712,1,120,120
2134,863,2233,2,180,360
2135,863,2230,1,180,180
2136,863,2229,3,300,900
2137,864,999,2,400,800
2138,865,3250,2,180,360
2139,866,1971,2,400,800
2140,866,1973,3,180,540
2141,866,1974,2,80,160
2142,867,1012,1,150,150
2143,867,1006,2,200,400
2144,868,112,1,280,280
2145,868,116,1,300,300
2146,868,110,1,80,80
2147,869,4292,1,80,80
2148,869,4294,1,180,180
2149,870,4059,2,200,400
2150,871,538,2,120,240
2151,872,4177,2,180,360
2152,872,4181,1,150,150
2153,872,4176,1,400,400
2154,873,1987,2,80,160
2155,873,1986,2,100,200
2156,873,1988,3,300,900
2157,874,2505,2,280,560
2158,875,1293,3,200,600
2159,875,1289,1,280,280
2160,875,1291,3,400,1200
2161,876,1224,1,280,280
2162,877,2630,2,400,800
2163,877,2624,1,150,150
2164,877,2627,1,250,250
2165,878,2769,3,220,660
2166,878,2765,2,220,440
2167,878,2770,2,200,400
2168,879,2277,3,250,750
2169,880,1093,3,120,360
2170,881,596,3,450,1350
2171,881,593,2,250,500
2172,881,595,1,250,250
2173,882,1460,2,280,560
2174,882,1470,2,150,300
2175,882,1464,2,250,500
2176,883,1640,1,500,500
2177,884,92,2,250,500
2178,885,3878,3,250,750
2179,885,3876,1,200,200
2180,885,3882,2,150,300
2181,885,3883,3,120,360
2182,886,1603,2,500,1000
2183,886,1604,3,120,360
2184,886,1601,1,400,400
2185,886,1602,3,100,300
2186,887,2832,2,350,700
2187,887,2833,2,180,360
2188,888,3505,2,300,600
2189,888,3507,3,180,540
2190,888,3502,1,100,100
2191,889,3164,1,100,100
2192,889,3161,1,300,300
2193,890,3354,1,180,180
2194,890,3348,1,100,100
2195,890,3352,2,100,200
2196,891,4245,3,80,240
2197,891,4242,2,500,1000
2198,891,4244,3,500,1500
2199,891,4241,2,450,900
2200,892,1419,3,80,240
2201,893,2363,3,200,600
2202,893,2364,2,350,700
2203,894,2593,3,80,240
2204,894,2596,3,400,1200
2205,894,2587,2,280,560
2206,895,2859,3,250,750
2207,895,2857,1,120,120
2208,895,2858,2,200,400
2209,895,2861,1,100,100
2210,896,1843,2,450,900
2211,896,1844,2,300,600
2212,896,1842,1,300,300
2213,896,1847,3,100,300
2214,897,1337,3,220,660
2215,898,1606,2,250,500
2216,898,1609,2,200,400
2217,898,1612,3,80,240
2218,899,3454,3,350,1050
2219,899,3452,3,400,1200
2220,899,3450,3,180,540
2221,899,3455,1,250,250
2222,900,1492,2,450,900
2223,900,1494,1,200,200
2224,900,1491,1,300,300
2225,900,1489,1,100,100
2226,901,1503,2,180,360
2227,901,1507,3,150,450
2228,901,1504,2,100,200
2229,902,1449,2,200,400
2230,903,2687,1,450,450
2231,903,2688,1,280,280
2232,903,2686,1,250,250
2233,904,190,2,200,400
2234,904,187,3,150,450
2235,904,188,1,220,220
2236,905,1114,3,300,900
2237,906,3002,1,450,450
2238,906,3010,3,150,450
2239,907,1870,2,220,440
2240,908,940,1,80,80
2241,908,943,2,350,700
2242,908,941,3,80,240
2243,909,757,3,300,900
2244,909,760,3,350,1050
2245,909,755,2,80,160
2246,909,756,1,280,280
2247,910,494,1,400,400
2248,910,493,1,200,200
2249,910,492,1,100,100
2250,910,496,3,500,1500
2251,911,4004,2,450,900
2252,911,3998,1,300,300
2253,911,3999,2,350,700
2254,911,4003,3,500,1500
2255,912,3642,2,280,560
2256,912,3647,3,350,1050
2257,913,643,1,500,500
2258,913,644,1,80,80
2259,913,641,1,400,400
2260,913,645,3,250,750
2261,914,1321,1,300,300
2262,914,1318,2,450,900
2263,914,1315,2,400,800
2264,914,1324,3,150,450
2265,915,3590,1,220,220
2266,915,3586,1,100,100
2267,915,3587,3,300,900
2268,916,1584,2,220,440
2269,916,1585,3,120,360
2270,916,1583,2,250,500
2271,917,2885,1,400,400
2272,918,3915,3,350,1050
2273,918,3911,3,450,1350
2274,918,3910,3,280,840
2275,919,2142,3,500,1500
2276,919,2138,1,220,220
2277,920,2725,3,100,300
2278,920,2728,1,280,280
2279,920,2726,3,500,1500
2280,921,88,1,120,120
2281,921,81,3,120,360
2282,921,82,3,280,840
2283,922,1081,3,300,900
2284,922,1077,2,180,360
2285,922,1078,1,80,80
2286,922,1082,1,120,120
2287,923,321,1,100,100
2288,923,326,2,180,360
2289,923,324,3,450,1350
2290,923,325,3,250,750
2291,924,1738,1,200,200
2292,925,1196,3,200,600
2293,925,1197,2,450,900
2294,926,4127,3,350,1050
2295,926,4128,2,120,240
2296,927,4182,2,350,700
2297,928,320,2,220,440
2298,928,317,3,400,1200
2299,928,318,1,450,450
2300,928,319,1,400,400
2301,929,354,3,500,1500
2302,930,217,2,280,560
2303,930,207,2,220,440
2304,930,215,1,180,180
2305,931,634,3,180,540
2306,931,639,1,220,220
2307,931,635,2,250,500
2308,932,2207,2,300,600
2309,932,2209,1,300,300
2310,933,1129,2,200,400
2311,934,3884,1,180,180
2312,934,3887,1,120,120
2313,934,3886,3,200,600
2314,934,3885,2,400,800
2315,935,3470,3,180,540
2316,935,3467,3,250,750
2317,935,3465,1,300,300
2318,936,1468,2,350,700
2319,936,1461,2,400,800
2320,936,1470,3,150,450
2321,937,3248,2,220,440
2322,938,72,3,150,450
2323,939,1812,2,80,160
2324,939,1815,1,100,100
2325,939,1816,2,250,500
2326,940,2475,2,220,440
2327,940,2472,2,450,900
2328,941,178,2,100,200
2329,942,435,1,150,150
2330,942,433,3,120,360
2331,943,1899,2,120,240
2332,943,1902,2,180,360
2333,944,2080,3,450,1350
2334,944,2085,1,400,400
2335,944,2079,2,250,500
2336,944,2084,1,180,180
2337,945,188,1,220,220
2338,945,189,1,100,100
2339,945,190,1,200,200
2340,946,4201,1,400,400
2341,946,4208,2,280,560
2342,946,4212,3,120,360
2343,947,1850,3,180,540
2344,947,1854,3,150,450
2345,947,1848,1,280,280
2346,947,1855,1,200,200
2347,948,2600,2,120,240
2348,949,1818,3,150,450
2349,950,274,2,350,700
2350,950,281,3,220,660
2351,950,282,3,80,240
2352,950,276,3,250,750
2353,951,3899,3,220,660
2354,952,636,1,220,220
2355,952,634,2,180,360
2356,952,638,3,500,1500
2357,953,814,3,350,1050
2358,953,811,3,350,1050
2359,953,809,2,150,300
2360,954,2702,2,280,560
2361,954,2697,3,200,600
2362,954,2700,2,80,160
2363,954,2699,2,350,700
2364,955,493,1,200,200
2365,955,495,1,120,120
2366,955,491,3,400,1200
2367,956,3328,1,450,450
2368,957,1,3,100,300
2369,957,6,1,200,200
2370,957,3,2,80,160
2371,958,2686,3,250,750
2372,958,2685,3,350,1050
2373,958,2689,2,80,160
2374,959,104,3,100,300
2375,959,95,1,400,400
2376,960,203,1,300,300
2377,961,2131,3,350,1050
2378,961,2132,3,500,1500
2379,961,2136,3,450,1350
2380,961,2134,1,300,300
2381,962,794,1,80,80
2382,963,1458,3,250,750
2383,963,1451,1,300,300
2384,964,518,1,120,120
2385,965,94,2,300,600
2386,965,91,1,80,80
2387,965,93,2,300,600
2388,966,2554,3,180,540
2389,966,2551,3,100,300
2390,966,2553,2,200,400
2391,966,2552,2,300,600
2392,967,2045,2,100,200
2393,967,2042,3,280,840
2394,967,2041,1,80,80
2395,967,2047,3,100,300
2396,968,1804,2,180,360
2397,968,1805,2,500,1000
2398,968,1808,1,180,180
2399,969,2689,1,80,80
2400,969,2688,1,280,280
2401,969,2686,3,250,750
2402,970,819,3,500,1500
2403,970,820,2,80,160
2404,970,822,1,300,300
2405,971,3354,3,180,540
2406,971,3350,1,300,300
2407,972,2879,2,250,500
2408,972,2878,2,180,360
2409,972,2876,3,400,1200
2410,973,189,1,100,100
2411,973,190,1,200,200
2412,974,1699,1,80,80
2413,974,1698,1,500,500
2414,974,1697,2,300,600
2415,975,1062,1,250,250
2416,975,1064,2,220,440
2417,975,1068,3,500,1500
2418,975,1063,1,280,280
2419,976,1391,3,450,1350
2420,976,1389,2,250,500
2421,976,1385,3,300,900
2422,977,232,1,280,280
2423,978,201,2,120,240
2424,978,205,3,280,840
2425,978,202,1,180,180
2426,979,2322,2,200,400
2427,979,2318,2,280,560
2428,979,2314,2,400,800
2429,979,2321,3,300,900
2430,980,2308,1,180,180
2431,980,2304,2,350,700
2432,980,2307,1,300,300
2433,980,2305,1,250,250
2434,981,2976,3,250,750
2435,981,2975,2,120,240
2436,982,2776,2,300,600
2437,982,2781,3,100,300
2438,983,22,2,180,360
2439,983,14,2,100,200
2440,984,1107,2,350,700
2441,984,1104,3,220,660
2442,984,1103,2,250,500
2443,985,125,3,220,660
2444,986,2198,2,350,700
2445,986,2193,2,300,600
2446,986,2196,3,350,1050
2447,986,2195,1,80,80
2448,987,1926,3,500,1500
2449,987,1933,2,80,160
2450,987,1931,1,220,220
2451,988,1411,1,200,200
2452,988,1415,2,500,1000
2453,989,585,2,500,1000
2454,989,583,3,180,540
2455,990,979,3,500,1500
2456,991,1193,3,220,660
2457,991,1197,3,450,1350
2458,991,1192,2,150,300
2459,992,3076,2,220,440
2460,992,3073,3,280,840
2461,992,3070,2,300,600
2462,992,3072,2,350,700
2463,993,3466,1,450,450
2464,994,2705,1,250,250
2465,994,2703,3,500,1500
2466,994,2704,1,250,250
2467,995,4111,1,250,250
2468,996,2856,1,300,300
2469,996,2850,3,80,240
2470,997,1642,2,500,1000
2471,997,1643,1,300,300
2472,997,1637,2,280,560
2473,998,618,3,220,660
2474,998,615,2,450,900
2475,998,614,2,500,1000
2476,998,617,1,220,220
2477,999,2794,2,180,360
2478,1000,443,1,400,400
2479,1000,445,2,180,360
2480,1000,446,2,220,440
2481,1000,448,1,500,500
2482,1001,3763,1,280,280
2483,1001,3757,1,150,150
2484,1001,3768,3,350,1050
2485,1001,3761,1,400,400
2486,1002,2414,3,80,240
2487,1002,2410,2,180,360
2488,1003,441,2,180,360
2489,1003,442,1,80,80
2490,1003,447,2,200,400
2491,1004,391,3,120,360
2492,1004,389,2,300,600
2493,1004,390,2,150,300
2494,1005,2012,1,300,300
2495,1005,2019,2,400,800
2496,1005,2016,2,120,240
2497,1006,4300,1,220,220
2498,1007,3078,1,250,250
2499,1008,280,3,80,240
2500,1008,275,3,180,540
2501,1008,278,3,250,750
2502,1009,89,2,250,500
2503,1009,82,1,280,280
2504,1009,83,1,450,450
2505,1010,3166,2,280,560
2506,1010,3162,1,150,150
2507,1010,3161,1,300,300
2508,1010,3165,1,400,400
2509,1011,3773,1,250,250
2510,1011,3770,2,500,1000
2511,1012,428,2,120,240
2512,1013,752,2,350,700
2513,1013,746,3,200,600
2514,1014,1857,1,100,100
2515,1014,1855,3,200,600
2516,1014,1851,3,350,1050
2517,1015,2062,3,300,900
2518,1015,2061,2,450,900
2519,1015,2058,2,250,500
2520,1015,2063,1,80,80
2521,1016,626,3,120,360
2522,1016,625,3,250,750
2523,1017,1813,1,80,80
2524,1018,3305,3,350,1050
2525,1018,3309,3,500,1500
2526,1018,3306,3,400,1200
2527,1018,3308,1,120,120
2528,1019,292,2,280,560
2529,1019,294,1,180,180
2530,1020,2559,2,200,400
2531,1020,2561,2,150,300
2532,1021,1630,3,220,660
2533,1021,1632,1,280,280
2534,1021,1635,2,80,160
2535,1022,1107,2,350,700
2536,1022,1103,2,250,500
2537,1022,1109,2,300,600
2538,1023,1106,1,280,280
2539,1023,1105,2,450,900
2540,1023,1110,3,150,450
2541,1024,2869,1,500,500
2542,1025,450,1,500,500
2543,1026,419,1,220,220
2544,1026,420,2,500,1000
2545,1026,423,3,450,1350
2546,1026,426,2,280,560
2547,1027,1462,2,120,240
2548,1027,1465,3,180,540
2549,1027,1460,1,280,280
2550,1028,933,3,100,300
2551,1028,931,1,150,150
2552,1028,935,1,200,200
2553,1029,203,3,300,900
2554,1029,197,3,80,240
2555,1029,200,1,200,200
2556,1030,2473,3,450,1350
2557,1031,3863,1,400,400
2558,1031,3865,2,350,700
2559,1031,3861,1,120,120
2560,1032,2782,2,450,900
2561,1032,2788,2,180,360
2562,1033,2087,1,400,400
2563,1033,2089,2,350,700
2564,1033,2093,3,280,840
2565,1033,2088,3,180,540
2566,1034,110,1,80,80
2567,1034,115,1,250,250
2568,1035,2482,1,400,400
2569,1036,4129,1,180,180
2570,1036,4131,1,80,80
2571,1037,2320,2,180,360
2572,1037,2317,1,200,200
2573,1037,2314,2,400,800
2574,1038,491,2,400,800
2575,1038,495,3,120,360
2576,1038,494,1,400,400
2577,1039,434,2,500,1000
2578,1039,437,3,180,540
2579,1039,436,2,350,700
2580,1039,435,2,150,300
2581,1040,1658,1,220,220
2582,1040,1655,1,250,250
2583,1040,1656,3,200,600
2584,1041,2879,1,250,250
2585,1041,2876,3,400,1200
2586,1041,2877,1,250,250
2587,1042,3893,1,120,120
2588,1042,3890,1,250,250
2589,1043,2702,2,280,560
2590,1043,2698,2,400,800
2591,1044,802,3,80,240
2592,1044,800,1,120,120
2593,1045,956,1,80,80
2594,1045,951,3,200,600
2595,1046,630,3,280,840
2596,1046,632,1,80,80
2597,1047,1749,1,350,350
2598,1047,1747,1,120,120
2599,1047,1744,2,80,160
2600,1047,1748,1,150,150
2601,1048,2889,1,100,100
2602,1048,2896,1,300,300
2603,1048,2888,2,100,200
2604,1048,2898,1,400,400
2605,1049,2032,2,250,500
2606,1049,2030,2,120,240
2607,1050,3138,3,80,240
2608,1050,3139,2,350,700
2609,1051,765,1,400,400
2610,1051,763,2,80,160
2611,1051,761,3,220,660
2612,1051,764,3,200,600
2613,1052,2598,2,350,700
2614,1052,2601,2,100,200
2615,1053,1686,3,180,540
2616,1053,1683,1,500,500
2617,1053,1685,3,80,240
2618,1054,2683,2,350,700
2619,1054,2680,3,500,1500
2620,1054,2679,2,350,700
2621,1054,2678,3,220,660
2622,1055,2812,2,350,700
2623,1055,2821,2,350,700
2624,1056,2877,2,250,500
2625,1056,2878,3,180,540
2626,1056,2879,3,250,750
2627,1057,1942,3,300,900
2628,1057,1940,3,400,1200
2629,1058,262,2,500,1000
2630,1058,263,2,80,160
2631,1059,1908,2,80,160
2632,1060,329,2,250,500
2633,1060,338,3,450,1350
2634,1061,3820,2,100,200
2635,1061,3821,3,220,660
2636,1062,2590,3,400,1200
2637,1062,2592,1,200,200
2638,1062,2597,1,80,80
2639,1063,2286,3,180,540
2640,1064,1151,3,350,1050
2641,1064,1147,1,280,280
2642,1064,1146,1,400,400
2643,1064,1150,1,150,150
2644,1065,2529,1,100,100
2645,1065,2524,3,280,840
2646,1065,2526,2,150,300
2647,1066,3317,1,180,180
2648,1066,3315,3,300,900
2649,1066,3313,2,450,900
2650,1067,1597,3,350,1050
2651,1067,1596,3,220,660
2652,1067,1599,3,250,750
2653,1068,2856,3,300,900
2654,1068,2853,2,250,500
2655,1068,2852,1,200,200
2656,1068,2849,3,250,750
2657,1069,3949,3,180,540
2658,1069,3948,1,200,200
2659,1070,494,2,400,800
2660,1070,492,3,100,300
2661,1070,495,2,120,240
2662,1070,491,1,400,400
2663,1071,2506,3,150,450
2664,1071,2501,3,450,1350
2665,1071,2502,3,500,1500
2666,1071,2499,2,350,700
2667,1072,52,1,250,250
2668,1072,50,1,400,400
2669,1072,48,1,150,150
2670,1072,49,1,300,300
2671,1073,2386,2,280,560
2672,1073,2378,1,120,120
2673,1073,2382,1,250,250
2674,1074,3241,3,80,240
2675,1074,3238,2,400,800
2676,1074,3243,1,120,120
2677,1075,3641,3,80,240
2678,1075,3643,1,200,200
2679,1075,3647,1,350,350
2680,1075,3646,2,300,600
2681,1076,1634,1,350,350
2682,1077,1489,3,100,300
2683,1077,1491,1,300,300
2684,1077,1495,3,500,1500
2685,1077,1493,3,220,660
2686,1078,3801,3,120,360
2687,1078,3809,1,150,150
2688,1079,1715,1,300,300
2689,1079,1711,2,350,700
2690,1080,4103,1,80,80
2691,1080,4104,2,400,800
2692,1080,4107,2,200,400
2693,1081,3032,2,100,200
2694,1082,2868,2,280,560
2695,1082,2874,1,220,220
2696,1083,2705,3,250,750
2697,1083,2704,1,250,250
2698,1084,2134,2,300,600
2699,1084,2131,2,350,700
2700,1085,1474,2,180,360
2701,1085,1477,1,220,220
2702,1086,2394,2,350,700
2703,1086,2395,1,400,400
2704,1086,2397,2,450,900
2705,1087,3293,2,500,1000
2706,1088,1251,1,450,450
2707,1089,927,2,400,800
2708,1089,921,1,350,350
2709,1090,2064,2,100,200
2710,1090,2061,1,450,450
2711,1090,2062,3,300,900
2712,1091,2070,3,220,660
2713,1091,2074,3,80,240
2714,1091,2067,1,120,120
2715,1092,1361,2,200,400
2716,1092,1365,1,350,350
2717,1092,1362,2,400,800
2718,1093,63,1,200,200
2719,1093,61,1,350,350
2720,1093,69,2,450,900
2721,1094,3575,2,350,700
2722,1094,3574,2,350,700
2723,1094,3573,2,250,500
2724,1094,3576,1,500,500
2725,1095,1743,2,80,160
2726,1095,1735,3,250,750
2727,1096,2903,1,200,200
2728,1096,2901,1,250,250
2729,1096,2909,2,80,160
2730,1097,1979,1,300,300
2731,1097,1976,1,180,180
2732,1097,1980,1,280,280
2733,1098,3327,3,80,240
2734,1098,3329,1,350,350
2735,1098,3326,2,280,560
2736,1099,2775,3,450,1350
2737,1099,2779,1,220,220
2738,1099,2776,3,300,900
2739,1100,1762,3,80,240
2740,1100,1766,3,500,1500
2741,1100,1765,2,300,600
2742,1100,1763,3,250,750
2743,1101,1066,3,200,600
2744,1102,1953,3,200,600
2745,1103,3004,1,100,100
2746,1103,3006,2,280,560
2747,1103,3010,2,150,300
2748,1103,3002,1,450,450
2749,1104,966,3,400,1200
2750,1104,962,1,200,200
2751,1104,961,2,400,800
2752,1105,3015,3,500,1500
2753,1106,4275,1,280,280
2754,1107,1271,2,350,700
2755,1108,432,1,500,500
2756,1108,434,2,500,1000
2757,1109,1509,3,450,1350
2758,1110,3916,1,120,120
2759,1111,3920,1,350,350
2760,1111,3918,2,280,560
2761,1111,3919,3,150,450
2762,1112,1657,2,80,160
2763,1113,249,3,280,840
2764,1113,251,3,450,1350
2765,1114,1543,3,300,900
2766,1114,1551,1,500,500
2767,1114,1542,3,120,360
2768,1114,1540,1,450,450
2769,1115,1807,1,120,120
2770,1115,1808,2,180,360
2771,1115,1811,1,250,250
2772,1115,1804,2,180,360
2773,1116,483,1,300,300
2774,1116,488,1,350,350
2775,1116,481,1,100,100
2776,1117,3450,3,180,540
2777,1117,3455,2,250,500
2778,1117,3452,2,400,800
2779,1117,3454,2,350,700
2780,1118,388,1,500,500
2781,1118,392,3,250,750
2782,1118,383,2,80,160
2783,1119,1976,1,180,180
2784,1120,3328,2,450,900
2785,1120,3327,1,80,80
2786,1120,3326,3,280,840
2787,1120,3325,1,500,500
2788,1121,4170,1,250,250
2789,1121,4172,2,250,500
2790,1121,4174,3,180,540
2791,1121,4171,3,450,1350
2792,1122,3975,1,150,150
2793,1122,3977,1,120,120
2794,1122,3978,3,400,1200
2795,1123,4273,3,120,360
2796,1124,2757,1,200,200
2797,1124,2756,1,100,100
2798,1124,2751,1,250,250
2799,1125,2384,3,200,600
2800,1125,2379,1,400,400
2801,1125,2383,2,350,700
2802,1125,2386,2,280,560
2803,1126,4296,1,120,120
2804,1126,4293,1,100,100
2805,1126,4294,3,180,540
2806,1127,3489,3,250,750
2807,1127,3488,2,80,160
2808,1127,3490,2,280,560
2809,1128,2135,1,150,150
2810,1128,2136,2,450,900
2811,1129,2418,3,80,240
2812,1129,2415,2,80,160
2813,1129,2422,2,80,160
2814,1129,2419,2,200,400
2815,1130,691,2,120,240
2816,1131,3807,1,200,200
2817,1131,3803,1,400,400
2818,1132,1013,2,450,900
2819,1132,1009,1,500,500
2820,1133,2401,3,450,1350
2821,1134,3485,2,150,300
2822,1135,944,2,180,360
2823,1135,942,1,400,400
2824,1136,2117,1,400,400
2825,1136,2108,2,400,800
2826,1137,3965,2,400,800
2827,1137,3967,1,500,500
2828,1137,3968,2,200,400
2829,1137,3964,2,220,440
2830,1138,500,3,300,900
2831,1138,508,1,500,500
2832,1139,2608,1,500,500
2833,1140,189,1,100,100
2834,1140,187,2,150,300
2835,1140,190,2,200,400
2836,1140,186,3,250,750
2837,1141,2284,2,350,700
2838,1141,2282,1,120,120
2839,1141,2275,1,150,150
2840,1141,2279,1,150,150
2841,1142,1765,3,300,900
2842,1142,1764,3,450,1350
2843,1142,1763,2,250,500
2844,1143,2016,2,120,240
2845,1143,2013,3,120,360
2846,1143,2017,1,300,300
2847,1144,1992,3,120,360
2848,1145,2828,1,180,180
2849,1146,2470,1,300,300
2850,1147,428,2,120,240
2851,1147,427,3,180,540
2852,1148,868,2,200,400
2853,1148,863,2,220,440
2854,1148,867,3,280,840
2855,1149,52,2,250,500
2856,1149,51,3,100,300
2857,1149,49,1,300,300
2858,1149,48,3,150,450
2859,1150,12,3,100,300
2860,1150,10,2,120,240
2861,1151,965,1,350,350
2862,1151,967,2,200,400
2863,1152,2269,2,250,500
2864,1152,2271,3,150,450
2865,1152,2270,3,250,750
2866,1152,2273,1,400,400
2867,1153,3225,3,180,540
2868,1153,3230,3,280,840
2869,1154,351,2,280,560
2870,1154,352,2,450,900
2871,1154,357,3,400,1200
2872,1155,1697,2,300,600
2873,1156,882,2,120,240
2874,1156,875,3,300,900
2875,1157,2436,3,150,450
2876,1157,2440,1,220,220
2877,1157,2444,3,450,1350
2878,1158,1465,2,180,360
2879,1158,1467,3,100,300
2880,1158,1468,3,350,1050
2881,1158,1461,1,400,400
2882,1159,1806,2,80,160
2883,1159,1810,3,180,540
2884,1159,1805,1,500,500
2885,1159,1804,2,180,360
2886,1160,4000,1,80,80
2887,1161,2687,2,450,900
2888,1161,2685,1,350,350
2889,1161,2688,1,280,280
2890,1162,3871,1,250,250
2891,1162,3872,2,120,240
2892,1162,3868,3,100,300
2893,1162,3867,1,300,300
2894,1163,3669,1,120,120
2895,1164,3198,1,350,350
2896,1164,3195,3,250,750
2897,1164,3200,1,500,500
2898,1165,3488,3,80,240
2899,1165,3491,3,250,750
2900,1165,3487,1,180,180
2901,1166,4151,2,200,400
2902,1166,4154,3,400,1200
2903,1166,4159,1,100,100
2904,1166,4156,3,250,750
2905,1167,2611,1,200,200
2906,1167,2610,1,80,80
2907,1167,2612,1,180,180
2908,1168,2067,2,120,240
2909,1168,2073,3,220,660
2910,1168,2069,2,500,1000
2911,1168,2066,3,220,660
2912,1169,1408,2,80,160
2913,1170,9,3,250,750
2914,1170,7,3,300,900
2915,1170,12,3,100,300
2916,1170,10,2,120,240
2917,1171,1780,2,500,1000
2918,1172,321,3,100,300
2919,1172,322,1,200,200
2920,1172,328,2,500,1000
2921,1173,932,3,120,360
2922,1173,931,1,150,150
2923,1173,934,3,80,240
2924,1174,68,3,180,540
2925,1174,60,1,120,120
2926,1174,64,2,150,300
2927,1175,3097,2,220,440
2928,1175,3101,3,200,600
2929,1175,3099,1,150,150
2930,1175,3098,3,350,1050
2931,1176,2821,2,350,700
2932,1176,2816,2,100,200
2933,1176,2819,3,150,450
2934,1177,3283,2,200,400
2935,1177,3285,2,350,700
2936,1178,3036,3,150,450
2937,1178,3037,2,250,500
2938,1179,2673,1,400,400
2939,1179,2674,2,120,240
2940,1179,2676,1,220,220
2941,1180,1682,1,220,220
2942,1181,1240,2,300,600
2943,1181,1243,2,350,700
2944,1181,1244,1,300,300
2945,1182,2543,1,450,450
2946,1182,2542,2,400,800
2947,1182,2549,1,180,180
2948,1182,2550,3,180,540
2949,1183,1375,1,300,300
2950,1184,4079,2,220,440
2951,1184,4087,1,500,500
2952,1184,4089,2,400,800
2953,1185,1968,3,180,540
2954,1185,1966,1,220,220
2955,1185,1970,2,180,360
2956,1185,1971,2,400,800
2957,1186,1719,1,220,220
2958,1187,1032,1,280,280
2959,1187,1037,2,300,600
2960,1188,223,3,350,1050
2961,1189,2022,1,280,280
2962,1189,2021,3,250,750
2963,1190,1097,1,250,250
2964,1190,1101,2,280,560
2965,1190,1094,2,400,800
2966,1190,1100,3,100,300
2967,1191,2865,2,500,1000
2968,1191,2872,1,200,200
2969,1191,2869,3,500,1500
2970,1191,2866,1,280,280
2971,1192,2741,2,220,440
2972,1192,2738,3,500,1500
2973,1192,2740,2,500,1000
2974,1193,2103,1,150,150
2975,1193,2105,1,450,450
2976,1194,1726,2,180,360
2977,1195,3606,3,280,840
2978,1195,3608,1,100,100
2979,1195,3602,3,350,1050
2980,1196,1376,2,150,300
2981,1196,1378,2,180,360
2982,1196,1380,3,180,540
2983,1196,1375,2,300,600
2984,1197,453,3,450,1350
2985,1197,452,2,120,240
2986,1197,450,1,500,500
2987,1197,454,1,200,200
2988,1198,2331,1,400,400
2989,1198,2333,1,300,300
2990,1199,1565,3,300,900
2991,1200,1392,1,250,250
2992,1201,2029,1,120,120
2993,1201,2028,2,250,500
2994,1202,3701,3,100,300
2995,1203,3163,1,220,220
2996,1203,3162,3,150,450
2997,1204,4158,3,500,1500
2998,1204,4154,2,400,800
2999,1204,4151,3,200,600
3000,1205,1886,1,250,250
3001,1205,1880,3,200,600
3002,1205,1882,3,180,540
3003,1205,1877,2,500,1000
3004,1206,1128,2,220,440
3005,1207,783,1,300,300
3006,1207,784,2,120,240
3007,1207,782,1,180,180
3008,1207,785,3,220,660
3009,1208,2235,2,150,300
3010,1208,2232,3,350,1050
3011,1208,2230,3,180,540
3012,1208,2233,2,180,360
3013,1209,3843,3,150,450
3014,1210,1542,2,120,240
3015,1211,4188,2,300,600
3016,1211,4184,3,250,750
3017,1211,4183,1,120,120
3018,1211,4189,2,100,200
3019,1212,1184,3,100,300
3020,1212,1180,3,280,840
3021,1213,2575,1,300,300
3022,1213,2574,1,500,500
3023,1213,2568,3,350,1050
3024,1213,2573,2,400,800
3025,1214,2553,3,200,600
3026,1214,2554,3,180,540
3027,1214,2552,3,300,900
3028,1214,2555,2,100,200
3029,1215,3950,3,350,1050
3030,1215,3951,3,350,1050
3031,1215,3947,3,300,900
3032,1216,3240,3,220,660
3033,1216,3249,2,500,1000
3034,1216,3239,2,250,500
3035,1217,2238,1,80,80
3036,1217,2241,3,220,660
3037,1217,2236,1,120,120
3038,1217,2237,2,120,240
3039,1218,3830,1,120,120
3040,1218,3832,1,350,350
3041,1218,3825,2,250,500
3042,1219,2589,2,400,800
3043,1219,2596,3,400,1200
3044,1219,2592,1,200,200
3045,1219,2593,2,80,160
3046,1220,3955,3,350,1050
3047,1221,2549,3,180,540
3048,1221,2544,3,500,1500
3049,1221,2550,3,180,540
3050,1222,3501,2,300,600
3051,1222,3500,3,200,600
3052,1222,3499,2,350,700
3053,1223,2172,2,350,700
3054,1224,1016,3,400,1200
3055,1224,1015,3,150,450
3056,1224,1017,3,150,450
3057,1225,231,1,400,400
3058,1226,2807,2,220,440
3059,1226,2809,2,450,900
3060,1227,1843,2,450,900
3061,1227,1837,1,80,80
3062,1228,2795,2,80,160
3063,1228,2797,2,220,440
3064,1228,2800,3,400,1200
3065,1228,2798,3,300,900
3066,1229,1690,2,200,400
3067,1229,1693,3,180,540
3068,1230,591,1,400,400
3069,1230,590,1,120,120
3070,1230,592,2,220,440
3071,1230,588,2,180,360
3072,1231,245,3,250,750
3073,1232,3552,2,400,800
3074,1232,3554,3,200,600
3075,1232,3553,1,220,220
3076,1233,244,1,80,80
3077,1233,245,3,250,750
3078,1234,3909,1,400,400
3079,1234,3912,1,100,100
3080,1234,3913,2,220,440
3081,1235,3350,2,300,600
3082,1236,1384,1,180,180
3083,1236,1390,3,120,360
3084,1237,3742,2,200,400
3085,1237,3740,1,120,120
3086,1237,3734,3,350,1050
3087,1238,1520,2,100,200
3088,1238,1524,2,300,600
3089,1238,1527,3,350,1050
3090,1239,3604,1,450,450
3091,1239,3603,3,450,1350
3092,1239,3606,1,280,280
3093,1239,3602,3,350,1050
3094,1240,4244,3,500,1500
3095,1241,2808,1,400,400
3096,1242,1336,1,400,400
3097,1242,1338,2,220,440
3098,1242,1341,3,500,1500
3099,1242,1342,2,300,600
3100,1243,447,1,200,200
3101,1244,4129,2,180,360
3102,1244,4133,3,100,300
3103,1244,4128,1,120,120
3104,1244,4127,2,350,700
3105,1245,1194,2,120,240
3106,1246,1482,2,220,440
3107,1246,1487,3,500,1500
3108,1246,1483,3,250,750
3109,1246,1484,3,450,1350
3110,1247,2503,2,350,700
3111,1247,2506,2,150,300
3112,1247,2501,1,450,450
3113,1247,2502,3,500,1500
3114,1248,2895,2,300,600
3115,1249,1544,2,500,1000
3116,1250,1490,2,220,440
3117,1251,4100,3,150,450
3118,1251,4090,3,250,750
3119,1251,4094,3,500,1500
3120,1252,3648,1,250,250
3121,1252,3654,2,120,240
3122,1252,3653,2,280,560
3123,1252,3651,3,150,450
3124,1253,2492,3,200,600
3125,1254,4064,2,100,200
3126,1254,4062,1,120,120
3127,1254,4067,3,200,600
3128,1254,4061,3,100,300
3129,1255,3524,1,400,400
3130,1255,3520,1,150,150
3131,1256,1015,3,150,450
3132,1256,1016,3,400,1200
3133,1257,165,3,350,1050
3134,1257,167,1,450,450
3135,1257,162,2,450,900
3136,1258,802,3,80,240
3137,1258,804,1,180,180
3138,1259,4316,1,80,80
3139,1260,4164,2,300,600
3140,1260,4160,2,350,700
3141,1261,2889,2,100,200
3142,1261,2899,2,280,560
3143,1262,1567,1,220,220
3144,1262,1568,1,220,220
3145,1262,1565,3,300,900
3146,1263,2947,2,280,560
3147,1263,2941,1,220,220
3148,1263,2944,1,350,350
3149,1263,2940,3,180,540
3150,1264,1258,3,200,600
3151,1264,1251,3,450,1350
3152,1264,1249,2,250,500
3153,1264,1255,2,350,700
3154,1265,2918,2,400,800
3155,1265,2921,3,280,840
3156,1265,2920,3,400,1200
3157,1265,2923,3,350,1050
3158,1266,3560,1,350,350
3159,1267,2913,1,450,450
3160,1267,2914,1,300,300
3161,1267,2910,1,150,150
3162,1267,2915,1,100,100
3163,1268,2457,2,80,160
3164,1269,1418,2,120,240
3165,1270,4180,3,450,1350
3166,1270,4175,3,450,1350
3167,1270,4181,1,150,150
3168,1270,4179,3,300,900
3169,1271,3808,1,120,120
3170,1271,3799,3,150,450
3171,1272,531,2,220,440
3172,1272,533,2,350,700
3173,1272,527,1,200,200
3174,1273,183,3,220,660
3175,1273,182,2,400,800
3176,1273,180,2,280,560
3177,1273,178,1,100,100
3178,1274,2244,3,120,360
3179,1274,2245,3,450,1350
3180,1274,2246,1,350,350
3181,1275,4292,2,80,160
3182,1275,4294,1,180,180
3183,1275,4295,1,200,200
3184,1276,3364,2,350,700
3185,1276,3355,2,100,200
3186,1276,3358,3,80,240
3187,1277,3064,1,220,220
3188,1278,2725,1,100,100
3189,1278,2728,1,280,280
3190,1279,3099,3,150,450
3191,1279,3097,3,220,660
3192,1280,3405,1,80,80
3193,1280,3407,3,80,240
3194,1280,3409,1,80,80
3195,1280,3406,3,120,360
3196,1281,1137,1,500,500
3197,1281,1138,3,500,1500
3198,1281,1144,2,450,900
3199,1282,1614,1,450,450
3200,1282,1623,2,280,560
3201,1283,4135,2,150,300
3202,1283,4137,2,120,240
3203,1283,4138,2,150,300
3204,1284,2237,1,120,120
3205,1284,2240,1,150,150
3206,1284,2236,2,120,240
3207,1284,2241,3,220,660
3208,1285,2250,1,350,350
3209,1285,2248,3,500,1500
3210,1286,4026,2,120,240
3211,1286,4030,3,150,450
3212,1286,4029,3,180,540
3213,1286,4032,1,500,500
3214,1287,81,3,120,360
3215,1287,87,3,450,1350
3216,1288,624,3,200,600
3217,1288,628,3,150,450
3218,1288,625,3,250,750
3219,1288,626,3,120,360
3220,1289,3227,3,500,1500
3221,1289,3230,1,280,280
3222,1290,802,2,80,160
3223,1290,801,2,220,440
3224,1290,800,1,120,120
3225,1291,1732,2,500,1000
3226,1291,1730,1,220,220
3227,1291,1733,3,250,750
3228,1291,1728,1,250,250
3229,1292,2331,3,400,1200
3230,1292,2333,3,300,900
3231,1292,2340,3,400,1200
3232,1292,2334,2,300,600
3233,1293,128,3,500,1500
3234,1294,2983,2,350,700
3235,1294,2981,1,150,150
3236,1294,2986,1,250,250
3237,1295,3432,3,500,1500
3238,1296,1988,3,300,900
3239,1296,1982,3,150,450
3240,1297,1870,2,220,440
3241,1297,1875,2,300,600
3242,1298,1510,2,100,200
3243,1298,1512,1,300,300
3244,1298,1511,1,450,450
3245,1299,2798,3,300,900
3246,1299,2805,2,220,440
3247,1299,2794,3,180,540
3248,1299,2795,1,80,80
3249,1300,2114,3,150,450
3250,1300,2112,1,120,120
3251,1300,2117,1,400,400
3252,1300,2118,2,250,500
3253,1301,503,1,180,180
3254,1301,508,1,500,500
3255,1301,501,3,350,1050
3256,1301,502,3,200,600
3257,1302,4151,1,200,200
3258,1302,4158,3,500,1500
3259,1302,4153,2,350,700
3260,1302,4159,2,100,200
3261,1303,332,1,300,300
3262,1303,334,3,280,840
3263,1304,1149,2,400,800
3264,1304,1151,3,350,1050
3265,1304,1145,1,80,80
3266,1305,3394,3,300,900
3267,1305,3393,1,200,200
3268,1305,3397,3,400,1200
3269,1305,3396,2,80,160
3270,1306,335,3,200,600
3271,1307,331,1,120,120
3272,1307,330,3,200,600
3273,1307,338,1,450,450
3274,1307,336,3,180,540
3275,1308,565,3,300,900
3276,1309,2358,3,120,360
3277,1309,2357,3,300,900
3278,1309,2359,3,450,1350
3279,1309,2362,1,100,100
3280,1310,1047,1,350,350
3281,1311,2565,3,350,1050
3282,1311,2560,2,200,400
3283,1311,2558,3,450,1350
3284,1312,3688,3,220,660
3285,1312,3690,3,180,540
3286,1312,3685,3,180,540
3287,1313,3611,2,250,500
3288,1313,3614,1,300,300
3289,1313,3612,3,500,1500
3290,1313,3609,2,80,160
3291,1314,314,2,500,1000
3292,1315,1228,2,120,240
3293,1315,1226,1,80,80
3294,1316,3551,3,250,750
3295,1316,3550,3,350,1050
3296,1317,394,3,100,300
3297,1317,396,3,500,1500
3298,1317,400,2,220,440
3299,1317,402,3,120,360
3300,1318,3317,1,180,180
3301,1318,3314,2,350,700
3302,1318,3315,3,300,900
3303,1319,1414,3,80,240
3304,1319,1412,3,180,540
3305,1319,1407,2,450,900
3306,1320,4034,1,100,100
3307,1320,4036,3,120,360
3308,1320,4035,2,220,440
3309,1320,4039,3,450,1350
3310,1321,3495,1,250,250
3311,1321,3499,2,350,700
3312,1322,2441,3,400,1200
3313,1322,2439,2,400,800
3314,1322,2440,3,220,660
3315,1322,2445,2,120,240
3316,1323,2147,2,200,400
3317,1323,2145,3,280,840
3318,1323,2146,3,200,600
3319,1323,2149,3,80,240
3320,1324,40,3,300,900
3321,1324,41,1,80,80
3322,1324,37,3,300,900
3323,1324,42,3,100,300
3324,1325,1725,3,150,450
3325,1326,560,3,500,1500
3326,1326,564,1,80,80
3327,1326,566,1,150,150
3328,1326,567,1,450,450
3329,1327,250,2,100,200
3330,1327,251,1,450,450
3331,1327,252,2,80,160
3332,1327,253,3,150,450
3333,1328,1508,3,150,450
3334,1328,1505,2,250,500
3335,1328,1504,3,100,300
3336,1329,561,1,350,350
3337,1330,1457,3,120,360
3338,1330,1455,3,150,450
3339,1330,1454,3,250,750
3340,1330,1458,1,250,250
3341,1331,3087,3,120,360
3342,1331,3091,3,120,360
3343,1331,3084,2,250,500
3344,1331,3093,1,80,80
3345,1332,687,3,250,750
3346,1332,686,1,350,350
3347,1332,685,1,450,450
3348,1333,687,1,250,250
3349,1333,688,3,280,840
3350,1334,3525,1,180,180
3351,1334,3530,3,350,1050
3352,1334,3520,1,150,150
3353,1334,3524,3,400,1200
3354,1335,5,1,220,220
3355,1335,3,2,80,160
3356,1335,1,2,100,200
3357,1335,2,2,150,300
3358,1336,1481,3,250,750
3359,1336,1485,2,100,200
3360,1337,623,3,100,300
3361,1338,4189,2,100,200
3362,1338,4184,2,250,500
3363,1339,3462,3,150,450
3364,1339,3459,3,180,540
3365,1339,3460,1,280,280
3366,1340,3007,1,200,200
3367,1341,4099,3,400,1200
3368,1342,2843,3,500,1500
3369,1342,2848,3,250,750
3370,1342,2842,2,100,200
3371,1343,2020,3,250,750
3372,1344,2556,1,500,500
3373,1344,2567,2,200,400
3374,1345,1602,2,100,200
3375,1345,1604,1,120,120
3376,1345,1601,1,400,400
3377,1346,20,2,80,160
3378,1346,14,1,100,100
3379,1346,19,2,280,560
3380,1346,15,2,300,600
3381,1347,414,2,150,300
3382,1347,418,3,80,240
3383,1347,417,3,200,600
3384,1348,3696,3,500,1500
3385,1348,3697,3,280,840
3386,1348,3695,1,120,120
3387,1349,457,1,150,150
3388,1349,458,1,150,150
3389,1349,461,3,100,300
3390,1349,460,1,150,150
3391,1350,1971,1,400,400
3392,1350,1965,1,500,500
3393,1351,1157,2,280,560
3394,1351,1152,2,200,400
3395,1351,1160,1,150,150
3396,1351,1159,2,80,160
3397,1352,268,1,250,250
3398,1352,271,2,400,800
3399,1353,185,3,180,540
3400,1354,4193,2,180,360
3401,1354,4199,2,280,560
3402,1354,4194,3,250,750
3403,1354,4196,1,300,300
3404,1355,1230,1,120,120
3405,1355,1237,1,500,500
3406,1356,146,1,100,100
3407,1356,153,3,280,840
3408,1356,147,1,280,280
3409,1357,1641,1,180,180
3410,1357,1642,1,500,500
3411,1357,1639,2,100,200
3412,1357,1640,2,500,1000
3413,1358,3427,2,450,900
3414,1359,1247,2,80,160
3415,1359,1246,3,400,1200
3416,1359,1243,2,350,700
3417,1359,1241,2,150,300
3418,1360,167,1,450,450
3419,1360,166,1,100,100
3420,1360,165,1,350,350
3421,1361,1706,1,150,150
3422,1362,1771,1,100,100
3423,1362,1768,2,220,440
3424,1362,1770,2,450,900
3425,1363,260,1,500,500
3426,1363,262,1,500,500
3427,1363,254,2,80,160
3428,1363,256,2,120,240
3429,1364,2068,1,120,120
3430,1364,2074,1,80,80
3431,1365,1844,1,300,300
3432,1365,1845,3,200,600
3433,1366,3963,3,400,1200
3434,1367,1416,2,80,160
3435,1367,1419,3,80,240
3436,1367,1420,3,220,660
3437,1367,1424,1,100,100
3438,1368,1792,2,500,1000
3439,1368,1786,2,180,360
3440,1368,1789,1,120,120
3441,1368,1791,2,400,800
3442,1369,3399,3,450,1350
3443,1369,3400,3,120,360
3444,1369,3401,2,400,800
3445,1370,3492,2,280,560
3446,1370,3490,1,280,280
3447,1370,3485,2,150,300
3448,1370,3482,1,180,180
3449,1371,1577,2,280,560
3450,1371,1575,2,220,440
3451,1371,1578,2,80,160
3452,1371,1576,2,300,600
3453,1372,4139,1,200,200
3454,1372,4145,3,250,750
3455,1372,4149,1,300,300
3456,1373,2480,2,180,360
3457,1374,1004,3,350,1050
3458,1374,1014,1,300,300
3459,1374,1010,3,450,1350
3460,1375,3486,2,80,160
3461,1375,3491,3,250,750
3462,1376,766,1,80,80
3463,1376,769,3,500,1500
3464,1376,774,1,180,180
3465,1377,696,2,200,400
3466,1377,699,1,200,200
3467,1378,3858,1,300,300
3468,1378,3864,2,280,560
3469,1378,3861,3,120,360
3470,1379,2493,2,100,200
3471,1379,2494,3,80,240
3472,1379,2498,3,500,1500
3473,1379,2497,3,280,840
3474,1380,948,3,120,360
3475,1380,949,1,120,120
3476,1380,945,2,100,200
3477,1381,2845,1,120,120
3478,1381,2847,2,450,900
3479,1381,2844,3,450,1350
3480,1382,1594,1,80,80
3481,1383,3309,3,500,1500
3482,1383,3311,2,100,200
3483,1383,3310,1,250,250
3484,1384,2794,1,180,180
3485,1384,2800,3,400,1200
3486,1384,2798,2,300,600
3487,1384,2799,2,250,500
3488,1385,3879,2,450,900
3489,1386,2472,3,450,1350
3490,1386,2476,3,500,1500
3491,1386,2475,2,220,440
3492,1387,2162,1,280,280
3493,1387,2160,3,120,360
3494,1387,2164,3,220,660
3495,1387,2163,2,280,560
3496,1388,209,2,280,560
3497,1388,208,1,450,450
3498,1388,218,2,100,200
3499,1388,213,1,450,450
3500,1389,3747,3,120,360
3501,1389,3744,1,280,280
3502,1389,3745,3,80,240
3503,1390,1247,2,80,160
3504,1390,1243,1,350,350
3505,1390,1246,3,400,1200
3506,1390,1241,1,150,150
3507,1391,2160,3,120,360
3508,1391,2161,3,80,240
3509,1392,1034,1,150,150
3510,1392,1035,2,250,500
3511,1393,353,1,250,250
3512,1393,347,3,250,750
3513,1394,2604,3,100,300
3514,1395,1957,2,250,500
3515,1395,1962,1,500,500
3516,1396,77,3,350,1050
3517,1396,74,2,100,200
3518,1396,72,3,150,450
3519,1397,3556,3,220,660
3520,1397,3560,1,350,350
3521,1398,169,1,80,80
3522,1399,3235,2,500,1000
3523,1399,3232,3,250,750
3524,1399,3234,2,300,600
3525,1400,2249,3,150,450
3526,1401,949,3,120,360
3527,1401,946,1,80,80
3528,1401,947,3,350,1050
3529,1401,948,3,120,360
3530,1402,669,3,150,450
3531,1402,663,2,200,400
3532,1402,666,1,220,220
3533,1403,3250,3,180,540
3534,1403,3258,2,250,500
3535,1403,3251,3,400,1200
3536,1403,3252,1,120,120
3537,1404,2207,1,300,300
3538,1404,2210,2,220,440
3539,1404,2208,2,120,240
3540,1404,2211,1,450,450
3541,1405,1086,1,200,200
3542,1405,1093,3,120,360
3543,1405,1091,3,120,360
3544,1405,1092,2,220,440
3545,1406,4004,1,450,450
3546,1406,4002,1,180,180
3547,1406,3998,3,300,900
3548,1406,4003,3,500,1500
3549,1407,181,2,80,160
3550,1407,185,3,180,540
3551,1408,4141,1,180,180
3552,1408,4146,3,280,840
3553,1408,4147,1,100,100
3554,1409,2184,2,100,200
3555,1409,2185,2,180,360
3556,1409,2181,1,500,500
3557,1409,2183,2,450,900
3558,1410,2661,3,220,660
3559,1411,3998,1,300,300
3560,1412,3633,2,250,500
3561,1412,3631,1,180,180
3562,1412,3634,1,220,220
3563,1412,3637,2,120,240
3564,1413,3412,3,450,1350
3565,1413,3415,2,220,440
3566,1413,3413,2,200,400
3567,1413,3420,2,450,900
3568,1414,1163,3,180,540
3569,1415,2709,2,350,700
3570,1415,2707,2,80,160
3571,1415,2706,3,400,1200
3572,1416,1511,2,450,900
3573,1416,1510,2,100,200
3574,1416,1509,2,450,900
3575,1417,3357,2,200,400
3576,1418,3206,3,180,540
3577,1418,3205,2,450,900
3578,1418,3213,2,80,160
3579,1419,2645,3,100,300
3580,1419,2650,3,100,300
3581,1420,4150,3,300,900
3582,1420,4157,3,180,540
3583,1420,4154,1,400,400
3584,1420,4155,3,120,360
3585,1421,698,3,100,300
3586,1421,691,2,120,240
3587,1422,1093,1,120,120
3588,1422,1091,1,120,120
3589,1423,2724,2,150,300
3590,1423,2726,1,500,500
3591,1424,1115,3,220,660
3592,1424,1112,3,450,1350
3593,1425,3863,1,400,400
3594,1425,3866,1,450,450
3595,1425,3864,1,280,280
3596,1425,3865,2,350,700
3597,1426,3745,2,80,160
3598,1427,1397,1,500,500
3599,1427,1396,3,120,360
3600,1427,1403,1,120,120
3601,1427,1398,3,150,450
3602,1428,2262,1,80,80
3603,1428,2265,2,300,600
3604,1428,2260,1,100,100
3605,1428,2257,2,180,360
3606,1429,701,3,180,540
3607,1429,709,3,280,840
3608,1429,708,3,220,660
3609,1430,3930,3,250,750
3610,1430,3927,1,80,80
3611,1430,3924,2,400,800
3612,1430,3929,2,400,800
3613,1431,3185,1,200,200
3614,1431,3189,3,280,840
3615,1431,3182,3,100,300
3616,1432,3299,2,500,1000
3617,1433,2769,1,220,220
3618,1433,2770,1,200,200
3619,1433,2771,3,180,540
3620,1434,1951,2,80,160
3621,1434,1953,1,200,200
3622,1434,1945,2,450,900
3623,1434,1956,3,200,600
3624,1435,3048,3,400,1200
3625,1436,972,3,80,240
3626,1436,974,1,220,220
3627,1437,1387,3,100,300
3628,1438,1909,2,120,240
3629,1439,830,2,300,600
3630,1439,828,2,220,440
3631,1439,825,1,250,250
3632,1440,419,2,220,440
3633,1441,2954,1,450,450
3634,1442,2896,3,300,900
3635,1443,1706,3,150,450
3636,1444,1018,1,150,150
3637,1444,1016,1,400,400
3638,1445,3350,3,300,900
3639,1446,3818,3,200,600
3640,1447,2919,1,250,250
3641,1447,2926,3,450,1350
3642,1447,2923,1,350,350
3643,1447,2927,1,500,500
3644,1448,2614,1,400,400
3645,1449,1307,2,350,700
3646,1449,1311,2,200,400
3647,1450,3762,3,280,840
3648,1450,3768,1,350,350
3649,1450,3760,2,280,560
3650,1451,3388,3,220,660
3651,1451,3390,3,80,240
3652,1452,428,3,120,360
3653,1452,429,1,300,300
3654,1452,431,3,400,1200
3655,1452,427,2,180,360
3656,1453,3014,3,450,1350
3657,1453,3019,2,450,900
3658,1454,1402,3,80,240
3659,1454,1398,2,150,300
3660,1454,1404,3,80,240
3661,1454,1396,1,120,120
3662,1455,2286,3,180,540
3663,1455,2289,2,350,700
3664,1456,917,3,300,900
3665,1456,915,3,120,360
3666,1456,916,2,200,400
3667,1457,845,2,500,1000
3668,1457,844,3,120,360
3669,1458,4107,2,200,400
3670,1458,4105,1,450,450
3671,1458,4103,3,80,240
3672,1459,1431,3,200,600
3673,1459,1427,1,280,280
3674,1459,1429,3,120,360
3675,1459,1430,3,400,1200
3676,1460,421,3,500,1500
3677,1461,3384,3,300,900
3678,1462,4314,1,350,350
3679,1463,3465,1,300,300
3680,1463,3472,3,80,240
3681,1463,3470,2,180,360
3682,1464,641,1,400,400
3683,1464,648,1,80,80
3684,1465,2019,3,400,1200
3685,1466,3287,2,120,240
3686,1467,3603,1,450,450
3687,1467,3605,3,450,1350
3688,1467,3607,3,500,1500
3689,1467,3608,3,100,300
3690,1468,2557,1,400,400
3691,1468,2560,3,200,600
3692,1468,2556,3,500,1500
3693,1468,2562,2,400,800
3694,1469,1891,1,350,350
3695,1469,1890,1,220,220
3696,1470,3704,2,200,400
3697,1470,3703,1,400,400
3698,1471,458,2,150,300
3699,1472,1512,2,300,600
3700,1472,1513,3,400,1200
3701,1473,3085,3,200,600
3702,1473,3094,2,150,300
3703,1474,2545,2,450,900
3704,1475,415,2,220,440
3705,1475,413,2,250,500
3706,1475,414,3,150,450
3707,1475,417,1,200,200
3708,1476,2834,2,250,500
3709,1476,2839,1,200,200
3710,1477,3997,3,450,1350
3711,1477,3995,1,350,350
3712,1477,3993,3,80,240
3713,1478,114,1,400,400
3714,1478,113,2,150,300
3715,1478,108,1,80,80
3716,1479,3693,3,180,540
3717,1479,3685,3,180,540
3718,1479,3686,2,180,360
3719,1479,3690,3,180,540
3720,1480,712,2,220,440
3721,1480,718,3,100,300
3722,1480,714,2,500,1000
3723,1481,2307,3,300,900
3724,1481,2304,1,350,350
3725,1481,2308,3,180,540
3726,1481,2303,3,450,1350
3727,1482,3404,3,220,660
3728,1482,3408,2,150,300
3729,1482,3409,2,80,160
3730,1483,459,1,80,80
3731,1483,458,2,150,300
3732,1483,455,3,150,450
3733,1484,581,3,150,450
3734,1484,584,1,100,100
3735,1484,580,1,300,300
3736,1484,582,3,120,360
3737,1485,1358,1,220,220
3738,1486,4015,2,220,440
3739,1486,4022,1,250,250
3740,1486,4013,3,200,600
3741,1486,4012,3,80,240
3742,1487,2473,2,450,900
3743,1488,319,1,400,400
3744,1488,317,1,400,400
3745,1489,1992,3,120,360
3746,1489,1991,3,500,1500
3747,1490,4030,2,150,300
3748,1490,4028,2,400,800
3749,1491,188,1,220,220
3750,1491,186,3,250,750
3751,1491,189,2,100,200
3752,1491,190,1,200,200
3753,1492,2509,3,500,1500
3754,1492,2506,2,150,300
3755,1492,2502,2,500,1000
3756,1492,2499,3,350,1050
3757,1493,4208,1,280,280
3758,1493,4211,3,180,540
3759,1493,4202,3,280,840
3760,1493,4205,3,300,900
3761,1494,2141,2,120,240
3762,1494,2137,3,180,540
3763,1494,2140,3,500,1500
3764,1494,2142,1,500,500
3765,1495,239,2,180,360
3766,1495,241,2,100,200
3767,1496,1327,2,100,200
3768,1496,1328,2,220,440
3769,1496,1326,1,400,400
3770,1497,2555,2,100,200
3771,1497,2554,2,180,360
3772,1498,1578,2,80,160
3773,1498,1572,2,400,800
3774,1498,1573,3,300,900
3775,1498,1574,1,280,280
3776,1499,1134,1,450,450
3777,1499,1132,2,180,360
3778,1499,1129,1,200,200
3779,1500,3329,1,350,350
3780,1500,3328,3,450,1350
3781,1500,3325,1,500,500
3782,1501,3621,1,220,220
3783,1501,3620,3,400,1200
3784,1502,2825,1,200,200
3785,1503,3492,1,280,280
3786,1504,244,2,80,160
3787,1504,247,2,80,160
3788,1504,245,1,250,250
3789,1504,248,2,150,300
3790,1505,4108,3,250,750
3791,1505,4111,2,250,500
3792,1505,4114,1,220,220
3793,1506,541,1,400,400
3794,1506,539,2,200,400
3795,1506,538,3,120,360
3796,1506,536,2,80,160
3797,1507,2785,1,300,300
3798,1507,2792,1,100,100
3799,1508,651,2,400,800
3800,1509,174,1,280,280
3801,1509,172,2,100,200
3802,1510,1800,2,120,240
3803,1510,1798,1,120,120
3804,1511,2733,2,300,600
3805,1511,2736,2,350,700
3806,1511,2732,1,120,120
3807,1511,2729,2,400,800
3808,1512,2754,3,500,1500
3809,1512,2755,3,200,600
3810,1512,2757,3,200,600
3811,1513,1091,2,120,240
3812,1513,1083,1,100,100
3813,1513,1088,3,150,450
3814,1514,145,2,300,600
3815,1515,1657,2,80,160
3816,1516,1176,2,350,700
3817,1517,703,1,350,350
3818,1517,702,2,280,560
3819,1517,709,1,280,280
3820,1517,710,1,220,220
3821,1518,4129,2,180,360
3822,1518,4127,1,350,350
3823,1519,1986,2,100,200
3824,1519,1985,3,450,1350
3825,1520,2552,1,300,300
3826,1520,2553,3,200,600
3827,1521,3505,1,300,300
3828,1521,3503,2,500,1000
3829,1521,3506,3,120,360
3830,1521,3508,1,180,180
3831,1522,145,3,300,900
3832,1522,142,2,220,440
3833,1522,144,3,200,600
3834,1522,141,3,150,450
3835,1523,844,1,120,120
3836,1523,849,3,250,750
3837,1523,845,3,500,1500
3838,1524,1677,3,180,540
3839,1524,1671,1,180,180
3840,1525,2576,3,100,300
3841,1525,2584,3,400,1200
3842,1525,2579,2,280,560
3843,1525,2577,2,280,560
3844,1526,44,2,200,400
3845,1526,41,3,80,240
3846,1527,3401,3,400,1200
3847,1528,3236,3,300,900
3848,1528,3233,3,120,360
3849,1529,777,3,120,360
3850,1529,781,2,120,240
3851,1529,785,3,220,660
3852,1530,3738,1,450,450
3853,1531,1781,2,100,200
3854,1532,2195,2,80,160
3855,1532,2194,1,150,150
3856,1532,2196,1,350,350
3857,1533,1724,1,300,300
3858,1533,1727,2,400,800
3859,1534,2596,3,400,1200
3860,1534,2587,2,280,560
3861,1534,2597,2,80,160
3862,1534,2593,2,80,160
3863,1535,883,1,450,450
3864,1535,879,2,100,200
3865,1535,876,1,500,500
3866,1536,1146,2,400,800
3867,1536,1148,3,80,240
3868,1536,1145,3,80,240
3869,1537,758,1,220,220
3870,1537,759,3,150,450
3871,1538,1071,3,450,1350
3872,1539,2691,2,300,600
3873,1539,2692,3,400,1200
3874,1539,2690,1,280,280
3875,1539,2693,1,180,180
3876,1540,3191,1,180,180
3877,1540,3193,3,150,450
3878,1540,3197,2,180,360
3879,1540,3196,1,450,450
3880,1541,3426,3,120,360
3881,1541,3430,1,150,150
3882,1541,3424,1,180,180
3883,1542,562,1,80,80
3884,1542,560,3,500,1500
3885,1542,568,2,280,560
3886,1543,2548,2,280,560
3887,1543,2550,2,180,360
3888,1543,2546,3,250,750
3889,1543,2547,1,250,250
3890,1544,3431,1,150,150
3891,1544,3435,3,220,660
3892,1544,3434,3,400,1200
3893,1544,3432,1,500,500
3894,1545,2552,2,300,600
3895,1545,2555,1,100,100
3896,1545,2551,1,100,100
3897,1546,4251,1,250,250
3898,1546,4250,2,80,160
3899,1546,4252,1,400,400
3900,1547,2360,2,100,200
3901,1547,2364,1,350,350
3902,1548,3893,2,120,240
3903,1548,3892,1,500,500
3904,1548,3891,2,400,800
3905,1548,3894,2,250,500
3906,1549,1197,2,450,900
3907,1550,1164,1,200,200
3908,1550,1163,3,180,540
3909,1551,2054,1,500,500
3910,1552,3707,1,120,120
3911,1553,2916,3,150,450
3912,1553,2912,2,500,1000
3913,1554,425,3,280,840
3914,1554,420,3,500,1500
3915,1555,881,3,300,900
3916,1555,882,2,120,240
3917,1555,876,3,500,1500
3918,1555,874,3,180,540
3919,1556,1131,2,120,240
3920,1557,3532,2,180,360
3921,1557,3534,2,300,600
3922,1557,3536,2,450,900
3923,1558,3034,3,450,1350
3924,1558,3035,3,450,1350
3925,1558,3036,1,150,150
3926,1558,3037,2,250,500
3927,1559,3334,1,200,200
3928,1560,3227,2,500,1000
3929,1560,3225,1,180,180
3930,1560,3226,1,180,180
3931,1561,424,3,220,660
3932,1561,419,2,220,440
3933,1561,426,2,280,560
3934,1562,537,3,220,660
3935,1562,536,3,80,240
3936,1563,3481,1,200,200
3937,1563,3480,1,100,100
3938,1563,3477,2,120,240
3939,1564,209,3,280,840
3940,1564,215,1,180,180
3941,1565,1957,2,250,500
3942,1565,1960,2,300,600
3943,1565,1964,3,400,1200
3944,1565,1958,3,300,900
3945,1566,608,2,250,500
3946,1566,611,2,120,240
3947,1566,606,3,80,240
3948,1566,605,2,400,800
3949,1567,1300,3,450,1350
3950,1568,1943,2,450,900
3951,1568,1941,1,120,120
3952,1568,1940,2,400,800
3953,1569,228,1,250,250
3954,1569,230,2,150,300
3955,1569,229,1,80,80
3956,1569,227,3,280,840
3957,1570,2712,1,280,280
3958,1570,2717,1,220,220
3959,1570,2713,3,400,1200
3960,1571,3850,1,120,120
3961,1572,2856,1,300,300
3962,1572,2850,1,80,80
3963,1572,2854,3,500,1500
3964,1572,2852,1,200,200
3965,1573,3578,2,100,200
3966,1573,3576,3,500,1500
3967,1573,3575,3,350,1050
3968,1574,4092,2,120,240
3969,1575,245,2,250,500
3970,1575,247,3,80,240
3971,1575,248,1,150,150
3972,1575,244,1,80,80
3973,1576,3967,1,500,500
3974,1577,3712,3,120,360
3975,1577,3708,1,200,200
3976,1577,3716,3,100,300
3977,1577,3711,1,250,250
3978,1578,3047,3,300,900
3979,1578,3045,1,150,150
3980,1578,3046,1,120,120
3981,1578,3051,1,100,100
3982,1579,4270,2,500,1000
3983,1580,1231,1,500,500
3984,1581,1187,2,120,240
3985,1581,1182,2,450,900
3986,1581,1179,2,150,300
3987,1582,605,1,400,400
3988,1582,607,2,180,360
3989,1583,3997,3,450,1350
3990,1583,3993,1,80,80
3991,1583,3992,3,280,840
3992,1584,1095,2,100,200
3993,1584,1100,2,100,200
3994,1584,1101,1,280,280
3995,1585,3623,1,150,150
3996,1585,3621,1,220,220
3997,1586,872,2,180,360
3998,1587,3395,3,300,900
3999,1587,3393,3,200,600
4000,1587,3397,2,400,800
4001,1587,3396,2,80,160
4002,1588,3270,2,80,160
4003,1588,3273,2,500,1000
4004,1588,3268,2,180,360
4005,1589,3594,3,350,1050
4006,1589,3600,2,500,1000
4007,1589,3591,2,350,700
4008,1589,3596,1,100,100
4009,1590,953,2,300,600
4010,1590,957,3,500,1500
4011,1590,954,1,220,220
4012,1591,4111,1,250,250
4013,1591,4112,2,200,400
4014,1591,4110,2,100,200
4015,1592,589,1,220,220
4016,1592,592,1,220,220
4017,1592,591,1,400,400
4018,1592,586,1,100,100
4019,1593,3011,2,280,560
4020,1593,3001,2,120,240
4021,1593,3002,2,450,900
4022,1593,3006,1,280,280
4023,1594,68,3,180,540
4024,1595,309,2,280,560
4025,1595,315,3,200,600
4026,1595,314,3,500,1500
4027,1596,3954,3,350,1050
4028,1596,3960,3,250,750
4029,1597,2286,3,180,540
4030,1597,2291,2,200,400
4031,1598,1712,3,100,300
4032,1598,1711,3,350,1050
4033,1598,1714,2,150,300
4034,1599,3996,1,400,400
4035,1599,3994,3,400,1200
4036,1600,1613,1,150,150
4037,1601,2002,3,200,600
4038,1601,2003,1,450,450
4039,1601,2007,1,500,500
4040,1602,4261,3,400,1200
4041,1602,4259,3,200,600
4042,1602,4264,3,200,600
4043,1603,230,3,150,450
4044,1603,229,1,80,80
4045,1603,227,1,280,280
4046,1604,1891,2,350,700
4047,1604,1892,2,100,200
4048,1605,3505,2,300,600
4049,1605,3508,2,180,360
4050,1605,3506,1,120,120
4051,1605,3507,3,180,540
4052,1606,1258,3,200,600
4053,1606,1252,3,500,1500
4054,1606,1256,2,350,700
4055,1606,1254,1,200,200
4056,1607,675,3,80,240
4057,1608,1310,3,250,750
4058,1608,1307,3,350,1050
4059,1608,1308,1,180,180
4060,1609,1284,3,450,1350
4061,1609,1280,3,100,300
4062,1609,1285,3,280,840
4063,1609,1286,3,500,1500
4064,1610,3192,3,400,1200
4065,1611,3226,3,180,540
4066,1612,10,3,120,360
4067,1613,1792,1,500,500
4068,1613,1785,3,250,750
4069,1613,1787,3,280,840
4070,1614,3362,1,150,150
4071,1614,3363,2,280,560
4072,1614,3361,3,150,450
4073,1614,3358,1,80,80
4074,1615,2554,2,180,360
4075,1616,1140,1,250,250
4076,1616,1138,2,500,1000
4077,1616,1142,3,150,450
4078,1616,1141,1,150,150
4079,1617,975,3,150,450
4080,1617,969,1,300,300
4081,1617,973,2,400,800
4082,1618,2850,2,80,160
4083,1619,2182,2,280,560
4084,1619,2184,3,100,300
4085,1619,2180,2,200,400
4086,1620,3748,3,450,1350
4087,1620,3745,3,80,240
4088,1620,3746,3,200,600
4089,1620,3747,2,120,240
4090,1621,2794,1,180,180
4091,1621,2803,1,80,80
4092,1622,3417,3,500,1500
4093,1622,3416,3,400,1200
4094,1622,3419,3,250,750
4095,1622,3413,1,200,200
4096,1623,2238,2,80,160
4097,1624,1435,3,300,900
4098,1624,1441,2,450,900
4099,1625,1979,3,300,900
4100,1625,1976,1,180,180
4101,1625,1978,2,200,400
4102,1626,923,3,450,1350
4103,1626,927,3,400,1200
4104,1627,1611,1,180,180
4105,1627,1606,1,250,250
4106,1627,1607,3,500,1500
4107,1628,3698,3,300,900
4108,1628,3695,2,120,240
4109,1628,3697,2,280,560
4110,1629,2180,2,200,400
4111,1629,2188,1,250,250
4112,1629,2186,2,250,500
4113,1629,2182,1,280,280
4114,1630,3427,3,450,1350
4115,1631,869,2,280,560
4116,1631,870,1,400,400
4117,1631,867,3,280,840
4118,1631,866,2,280,560
4119,1632,3840,1,250,250
4120,1632,3841,3,250,750
4121,1632,3842,3,450,1350
4122,1632,3839,2,220,440
4123,1633,3873,1,400,400
4124,1633,3881,1,80,80
4125,1634,3882,2,150,300
4126,1635,2136,1,450,450
4127,1635,2132,3,500,1500
4128,1635,2134,2,300,600
4129,1635,2131,1,350,350
4130,1636,1239,1,300,300
4131,1636,1236,1,220,220
4132,1636,1231,3,500,1500
4133,1636,1238,1,80,80
4134,1637,1552,1,200,200
4135,1637,1560,3,100,300
4136,1637,1557,2,80,160
4137,1638,568,2,280,560
4138,1639,2990,2,450,900
4139,1640,2817,1,220,220
4140,1640,2813,1,250,250
4141,1640,2818,2,220,440
4142,1640,2812,3,350,1050
4143,1641,698,1,100,100
4144,1641,697,1,350,350
4145,1641,699,3,200,600
4146,1641,694,3,150,450
4147,1642,330,1,200,200
4148,1642,332,2,300,600
4149,1642,338,3,450,1350
4150,1642,335,3,200,600
4151,1643,1171,2,100,200
4152,1643,1166,2,80,160
4153,1644,1711,3,350,1050
4154,1644,1712,2,100,200
4155,1644,1713,3,350,1050
4156,1644,1715,2,300,600
4157,1645,432,1,500,500
4158,1645,436,2,350,700
4159,1645,433,1,120,120
4160,1645,437,3,180,540
4161,1646,4168,2,400,800
4162,1647,1269,3,280,840
4163,1647,1267,3,500,1500
4164,1648,1434,2,120,240
4165,1649,266,2,280,560
4166,1649,267,1,280,280
4167,1649,270,3,300,900
4168,1650,3813,1,100,100
4169,1650,3814,3,220,660
4170,1651,318,2,450,900
4171,1652,2135,1,150,150
4172,1652,2131,2,350,700
4173,1653,3751,2,220,440
4174,1653,3750,2,180,360
4175,1654,1958,2,300,600
4176,1654,1959,2,100,200
4177,1654,1960,3,300,900
4178,1654,1961,2,250,500
4179,1655,1016,1,400,400
4180,1655,1018,2,150,300
4181,1656,1570,1,180,180
4182,1656,1576,2,300,600
4183,1657,2446,3,200,600
4184,1657,2453,2,250,500
4185,1657,2448,1,150,150
4186,1658,1255,1,350,350
4187,1658,1249,3,250,750
4188,1659,1365,1,350,350
4189,1660,198,2,500,1000
4190,1660,202,1,180,180
4191,1660,197,3,80,240
4192,1660,203,1,300,300
4193,1661,332,3,300,900
4194,1661,337,2,220,440
4195,1661,329,3,250,750
4196,1662,2107,2,180,360
4197,1662,2105,3,450,1350
4198,1662,2106,2,350,700
4199,1663,2374,2,300,600
4200,1663,2367,1,200,200
4201,1664,1226,3,80,240
4202,1664,1227,2,220,440
4203,1664,1222,1,280,280
4204,1665,4004,1,450,450
4205,1665,4000,3,80,240
4206,1665,4001,3,500,1500
4207,1665,3998,2,300,600
4208,1666,4042,2,80,160
4209,1666,4045,3,150,450
4210,1666,4044,3,250,750
4211,1667,239,2,180,360
4212,1668,142,2,220,440
4213,1668,141,3,150,450
4214,1668,144,3,200,600
4215,1669,4121,1,400,400
4216,1669,4124,2,400,800
4217,1669,4125,3,80,240
4218,1669,4120,1,300,300
4219,1670,191,3,150,450
4220,1670,195,2,100,200
4221,1670,193,1,180,180
4222,1670,194,3,200,600
4223,1671,463,2,450,900
4224,1671,471,1,220,220
4225,1671,469,1,150,150
4226,1672,1604,2,120,240
4227,1673,2532,3,250,750
4228,1674,1313,2,100,200
4229,1674,1305,1,280,280
4230,1675,888,3,350,1050
4231,1675,885,2,500,1000
4232,1675,884,1,150,150
4233,1676,1332,3,450,1350
4234,1676,1335,2,100,200
4235,1677,2630,1,400,400
4236,1677,2629,1,450,450
4237,1678,4172,2,250,500
4238,1678,4173,3,80,240
4239,1678,4171,2,450,900
4240,1678,4170,3,250,750
4241,1679,1015,2,150,300
4242,1679,1018,2,150,300
4243,1680,1132,1,180,180
4244,1680,1136,1,120,120
4245,1681,3307,2,150,300
4246,1681,3306,1,400,400
4247,1681,3310,2,250,500
4248,1682,2485,1,80,80
4249,1682,2487,3,350,1050
4250,1682,2477,2,350,700
4251,1682,2484,2,300,600
4252,1683,712,2,220,440
4253,1684,3864,3,280,840
4254,1684,3866,2,450,900
4255,1685,3424,3,180,540
4256,1686,2827,1,300,300
4257,1687,3507,1,180,180
4258,1688,177,1,400,400
4259,1689,452,2,120,240
4260,1690,963,1,280,280
4261,1691,1079,3,500,1500
4262,1692,1006,1,200,200
4263,1692,1012,2,150,300
4264,1693,4289,1,200,200
4265,1693,4291,3,250,750
4266,1693,4286,3,80,240
4267,1694,555,3,220,660
4268,1695,1059,3,350,1050
4269,1696,726,1,350,350
4270,1696,720,3,280,840
4271,1696,725,2,280,560
4272,1697,1662,3,280,840
4273,1697,1665,1,300,300
4274,1697,1669,3,450,1350
4275,1697,1661,2,350,700
4276,1698,461,1,100,100
4277,1698,455,1,150,150
4278,1698,459,3,80,240
4279,1698,460,3,150,450
4280,1699,1682,2,220,440
4281,1699,1683,2,500,1000
4282,1699,1685,1,80,80
4283,1699,1684,1,300,300
4284,1700,3441,2,500,1000
4285,1700,3440,2,400,800
4286,1701,3273,2,500,1000
4287,1701,3269,3,150,450
4288,1701,3268,2,180,360
4289,1701,3270,3,80,240
4290,1702,1516,2,350,700
4291,1703,2908,2,80,160
4292,1703,2904,2,450,900
4293,1703,2907,1,400,400
4294,1703,2903,2,200,400
4295,1704,896,1,300,300
4296,1705,3905,1,280,280
4297,1705,3904,2,450,900
4298,1706,1314,2,400,800
4299,1707,3488,3,80,240
4300,1707,3489,3,250,750
4301,1707,3487,1,180,180
4302,1707,3490,1,280,280
4303,1708,1416,3,80,240
4304,1709,1105,1,450,450
4305,1710,3447,1,180,180
4306,1710,3448,1,180,180
4307,1710,3442,2,350,700
4308,1711,1348,3,180,540
4309,1711,1344,2,150,300
4310,1711,1351,2,100,200
4311,1712,2838,3,250,750
4312,1713,2424,3,150,450
4313,1713,2432,2,120,240
4314,1713,2434,2,180,360
4315,1713,2431,2,450,900
4316,1714,3565,1,350,350
4317,1715,3465,2,300,600
4318,1715,3468,2,80,160
4319,1716,317,1,400,400
4320,1716,316,2,220,440
4321,1717,453,2,450,900
4322,1718,3868,2,100,200
4323,1718,3867,2,300,600
4324,1718,3869,1,500,500
4325,1718,3870,3,150,450
4326,1719,3286,3,180,540
4327,1720,147,3,280,840
4328,1720,149,1,450,450
4329,1721,1970,2,180,360
4330,1722,978,1,180,180
4331,1723,2211,2,450,900
4332,1723,2208,1,120,120
4333,1723,2207,2,300,600
4334,1724,1112,1,450,450
4335,1725,2619,2,100,200
4336,1725,2620,2,100,200
4337,1725,2622,2,280,560
4338,1725,2623,3,80,240
4339,1726,1281,2,150,300
4340,1726,1283,1,250,250
4341,1727,2589,2,400,800
4342,1728,32,2,250,500
4343,1728,36,1,450,450
4344,1728,33,1,80,80
4345,1728,31,3,120,360
4346,1729,3530,1,350,350
4347,1730,3452,2,400,800
4348,1730,3454,2,350,700
4349,1730,3451,1,200,200
4350,1730,3453,3,120,360
4351,1731,1547,1,120,120
4352,1731,1543,1,300,300
4353,1732,948,1,120,120
4354,1733,400,2,220,440
4355,1734,1803,1,300,300
4356,1734,1799,1,220,220
4357,1735,2173,1,250,250
4358,1736,3610,1,280,280
4359,1736,3609,1,80,80
4360,1737,882,2,120,240
4361,1737,880,2,80,160
4362,1738,2346,2,220,440
4363,1738,2345,2,150,300
4364,1739,582,3,120,360
4365,1739,584,2,100,200
4366,1739,583,2,180,360
4367,1740,3241,3,80,240
4368,1741,416,1,250,250
4369,1742,533,1,350,350
4370,1743,3022,3,150,450
4371,1744,865,2,300,600
4372,1744,870,3,400,1200
4373,1745,1422,3,100,300
4374,1746,4074,3,500,1500
4375,1747,3915,1,350,350
4376,1747,3910,1,280,280
4377,1747,3908,1,200,200
4378,1748,1679,3,200,600
4379,1748,1672,3,150,450
4380,1748,1673,2,280,560
4381,1748,1678,3,400,1200
4382,1749,1702,3,100,300
4383,1750,3733,1,80,80
4384,1751,1184,2,100,200
4385,1751,1181,1,500,500
4386,1752,3403,2,280,560
4387,1752,3398,1,180,180
4388,1752,3399,3,450,1350
4389,1752,3402,2,200,400
4390,1753,2609,3,500,1500
4391,1754,443,3,400,1200
4392,1754,444,2,280,560
4393,1755,1838,3,220,660
4394,1755,1841,3,120,360
4395,1755,1842,1,300,300
4396,1756,1798,3,120,360
4397,1756,1799,3,220,660
4398,1757,4006,1,250,250
4399,1757,4009,1,300,300
4400,1757,4008,1,180,180
4401,1758,487,2,300,600
4402,1759,4216,1,220,220
4403,1759,4215,2,150,300
4404,1760,2628,2,200,400
4405,1760,2631,2,120,240
4406,1760,2633,1,450,450
4407,1760,2630,1,400,400
4408,1761,382,2,220,440
4409,1761,387,3,120,360
4410,1762,1369,1,180,180
4411,1762,1370,2,180,360
4412,1762,1373,1,180,180
4413,1763,598,2,450,900
4414,1763,597,1,220,220
4415,1764,4156,1,250,250
4416,1765,2933,1,350,350
4417,1766,1155,2,200,400
4418,1766,1158,2,180,360
4419,1767,3674,1,350,350
4420,1768,4304,1,200,200
4421,1768,4298,1,180,180
4422,1768,4303,3,450,1350
4423,1769,932,2,120,240
4424,1769,930,2,80,160
4425,1770,3991,2,500,1000
4426,1770,3989,1,280,280
4427,1770,3980,1,200,200
4428,1771,4042,1,80,80
4429,1771,4045,2,150,300
4430,1771,4043,1,400,400
4431,1771,4044,3,250,750
4432,1772,576,2,100,200
4433,1773,409,3,300,900
4434,1773,411,2,120,240
4435,1773,410,2,100,200
4436,1774,3206,3,180,540
4437,1774,3210,3,80,240
4438,1774,3203,2,500,1000
4439,1775,1824,2,350,700
4440,1776,3794,1,250,250
4441,1777,994,2,80,160
4442,1778,1182,2,450,900
4443,1778,1188,3,80,240
4444,1778,1185,2,120,240
4445,1778,1181,2,500,1000
4446,1779,2471,1,80,80
4447,1779,2473,3,450,1350
4448,1780,2376,1,300,300
4449,1780,2369,1,400,400
4450,1780,2373,1,450,450
4451,1780,2372,2,220,440
4452,1781,1862,3,300,900
4453,1782,1426,2,150,300
4454,1782,1425,3,180,540
4455,1783,2823,2,300,600
4456,1783,2830,3,300,900
4457,1783,2825,2,200,400
4458,1784,3427,1,450,450
4459,1784,3423,2,500,1000
4460,1784,3429,1,180,180
4461,1785,2150,3,200,600
4462,1785,2153,1,450,450
4463,1785,2152,1,400,400
4464,1785,2154,1,120,120
4465,1786,2522,1,400,400
4466,1787,437,1,180,180
4467,1787,436,3,350,1050
4468,1788,2150,1,200,200
4469,1788,2151,1,400,400
4470,1788,2152,1,400,400
4471,1788,2153,3,450,1350
4472,1789,334,1,280,280
4473,1789,335,3,200,600
4474,1790,3041,1,80,80
4475,1791,4292,2,80,160
4476,1791,4296,1,120,120
4477,1791,4293,1,100,100
4478,1792,2146,2,200,400
4479,1793,1495,2,500,1000
4480,1793,1489,1,100,100
4481,1793,1490,1,220,220
4482,1793,1494,1,200,200
4483,1794,2206,1,120,120
4484,1794,2202,2,250,500
4485,1795,2376,1,300,300
4486,1796,2551,2,100,200
4487,1796,2555,2,100,200
4488,1797,4291,2,250,500
4489,1797,4286,1,80,80
4490,1797,4287,1,150,150
4491,1797,4288,1,250,250
4492,1798,3301,1,100,100
4493,1798,3302,3,220,660
4494,1798,3303,2,120,240
4495,1799,313,1,300,300
4496,1800,4001,2,500,1000
4497,1800,4002,2,180,360
4498,1800,3999,3,350,1050
4499,1800,3998,2,300,600
4500,1801,3560,1,350,350
4501,1801,3557,1,80,80
4502,1801,3558,2,350,700
4503,1801,3561,1,100,100
4504,1802,204,3,220,660
4505,1802,202,3,180,540
4506,1802,197,2,80,160
4507,1803,1712,2,100,200
4508,1804,914,1,250,250
4509,1804,917,3,300,900
4510,1804,918,1,350,350
4511,1804,916,2,200,400
4512,1805,1667,3,180,540
4513,1805,1664,2,400,800
4514,1805,1669,1,450,450
4515,1805,1665,2,300,600
4516,1806,2152,1,400,400
4517,1806,2153,1,450,450
4518,1806,2157,2,150,300
4519,1806,2154,3,120,360
4520,1807,2943,2,120,240
4521,1807,2949,3,100,300
4522,1807,2941,1,220,220
4523,1807,2950,3,220,660
4524,1808,1797,2,280,560
4525,1808,1794,1,300,300
4526,1809,994,2,80,160
4527,1809,997,1,350,350
4528,1810,941,3,80,240
4529,1810,940,1,80,80
4530,1810,942,2,400,800
4531,1810,944,1,180,180
4532,1811,2436,3,150,450
4533,1811,2435,3,350,1050
4534,1812,1794,1,300,300
4535,1812,1796,3,200,600
4536,1812,1797,2,280,560
4537,1812,1795,2,300,600
4538,1813,3739,2,250,500
4539,1813,3740,3,120,360
4540,1814,589,3,220,660
4541,1815,3078,2,250,500
4542,1815,3081,3,250,750
4543,1815,3079,1,300,300
4544,1816,2209,2,300,600
4545,1817,1291,1,400,400
4546,1817,1290,1,280,280
4547,1817,1294,2,400,800
4548,1817,1293,3,200,600
4549,1818,1662,2,280,560
4550,1818,1670,2,500,1000
4551,1818,1664,1,400,400
4552,1818,1666,3,350,1050
4553,1819,1612,1,80,80
4554,1819,1607,3,500,1500
4555,1819,1611,3,180,540
4556,1819,1610,1,80,80
4557,1820,3773,1,250,250
4558,1821,47,2,100,200
4559,1822,2691,3,300,900
4560,1823,1115,1,220,220
4561,1823,1114,2,300,600
4562,1823,1113,1,80,80
4563,1824,821,2,220,440
4564,1824,819,3,500,1500
4565,1824,818,2,150,300
4566,1825,1909,2,120,240
4567,1826,3616,1,400,400
4568,1826,3609,3,80,240
4569,1827,2849,2,250,500
4570,1827,2850,3,80,240
4571,1828,1201,2,250,500
4572,1829,1254,3,200,600
4573,1829,1251,3,450,1350
4574,1830,823,2,300,600
4575,1830,821,3,220,660
4576,1831,1841,1,120,120
4577,1831,1845,1,200,200
4578,1832,1552,3,200,600
4579,1833,2325,2,280,560
4580,1833,2323,1,450,450
4581,1833,2324,2,220,440
4582,1834,2570,3,180,540
4583,1834,2572,3,100,300
4584,1835,1735,3,250,750
4585,1836,2831,3,280,840
4586,1836,2840,3,180,540
4587,1836,2839,1,200,200
4588,1837,2659,2,350,700
4589,1837,2658,1,200,200
4590,1837,2660,1,200,200
4591,1837,2657,2,80,160
4592,1838,3374,1,180,180
4593,1839,3837,3,120,360
4594,1839,3842,2,450,900
4595,1839,3836,3,200,600
4596,1839,3841,1,250,250
4597,1840,1823,1,150,150
4598,1840,1824,3,350,1050
4599,1840,1820,2,250,500
4600,1840,1825,2,350,700
4601,1841,2362,2,100,200
4602,1841,2361,2,450,900
4603,1841,2359,2,450,900
4604,1842,945,2,100,200
4605,1842,948,2,120,240
4606,1842,946,2,80,160
4607,1843,1808,2,180,360
4608,1844,2388,1,80,80
4609,1844,2390,2,100,200
4610,1844,2389,2,400,800
4611,1845,2389,1,400,400
4612,1845,2392,2,400,800
4613,1845,2391,1,350,350
4614,1845,2387,3,220,660
4615,1846,439,3,200,600
4616,1846,447,2,200,400
4617,1847,2626,1,400,400
4618,1848,4024,3,80,240
4619,1848,4027,3,200,600
4620,1849,3536,3,450,1350
4621,1849,3534,3,300,900
4622,1849,3537,3,300,900
4623,1849,3532,2,180,360
4624,1850,431,3,400,1200
4625,1850,427,2,180,360
4626,1851,3908,3,200,600
4627,1851,3909,1,400,400
4628,1851,3916,3,120,360
4629,1851,3910,1,280,280
4630,1852,897,3,180,540
4631,1852,893,1,200,200
4632,1852,896,3,300,900
4633,1853,452,1,120,120
4634,1853,451,3,300,900
4635,1853,453,1,450,450
4636,1853,450,2,500,1000
4637,1854,758,2,220,440
4638,1854,756,3,280,840
4639,1854,755,3,80,240
4640,1854,759,2,150,300
4641,1855,735,1,500,500
4642,1856,2174,3,350,1050
4643,1856,2179,3,500,1500
4644,1856,2173,2,250,500
4645,1856,2170,3,500,1500
4646,1857,2532,3,250,750
4647,1857,2531,2,180,360
4648,1857,2530,1,250,250
4649,1858,3964,3,220,660
4650,1859,316,3,220,660
4651,1859,318,2,450,900
4652,1859,319,2,400,800
4653,1859,320,1,220,220
4654,1860,267,2,280,560
4655,1861,4246,3,220,660
4656,1861,4253,3,280,840
4657,1861,4247,1,500,500
4658,1861,4250,3,80,240
4659,1862,1313,3,100,300
4660,1862,1307,3,350,1050
4661,1863,365,3,150,450
4662,1864,2108,2,400,800
4663,1864,2112,3,120,360
4664,1864,2117,1,400,400
4665,1864,2109,3,300,900
4666,1865,3039,3,250,750
4667,1865,3043,1,180,180
4668,1865,3044,2,350,700
4669,1866,1874,1,100,100
4670,1866,1872,1,280,280
4671,1866,1873,3,220,660
4672,1866,1870,2,220,440
4673,1867,1371,3,400,1200
4674,1868,1371,2,400,800
4675,1868,1370,1,180,180
4676,1868,1369,2,180,360
4677,1868,1373,1,180,180
4678,1869,521,3,400,1200
4679,1870,1037,3,300,900
4680,1870,1032,2,280,560
4681,1870,1034,3,150,450
4682,1871,902,3,500,1500
4683,1871,904,2,150,300
4684,1871,912,3,450,1350
4685,1872,593,3,250,750
4686,1872,595,1,250,250
4687,1873,3923,2,100,200
4688,1874,240,3,350,1050
4689,1874,242,3,150,450
4690,1874,243,2,100,200
4691,1874,239,1,180,180
4692,1875,3075,1,80,80
4693,1875,3073,1,280,280
4694,1875,3069,3,450,1350
4695,1876,1621,3,250,750
4696,1877,2530,2,250,500
4697,1877,2534,1,350,350
4698,1877,2532,3,250,750
4699,1878,1413,2,400,800
4700,1878,1405,3,180,540
4701,1878,1415,3,500,1500
4702,1878,1411,2,200,400
4703,1879,1172,1,500,500
4704,1879,1175,1,300,300
4705,1879,1173,2,120,240
4706,1880,810,1,200,200
4707,1880,806,3,400,1200
4708,1881,286,2,150,300
4709,1881,292,2,280,560
4710,1881,290,2,450,900
4711,1881,293,1,500,500
4712,1882,1263,1,180,180
4713,1882,1270,2,100,200
4714,1882,1269,1,280,280
4715,1882,1264,3,80,240
4716,1883,2292,1,180,180
4717,1884,4153,1,350,350
4718,1884,4154,1,400,400
4719,1884,4155,2,120,240
4720,1885,3747,2,120,240
4721,1885,3744,2,280,560
4722,1885,3746,3,200,600
4723,1886,437,1,180,180
4724,1887,429,3,300,900
4725,1887,430,2,100,200
4726,1887,431,1,400,400
4727,1888,570,3,220,660
4728,1889,1804,1,180,180
4729,1889,1807,2,120,240
4730,1889,1809,1,250,250
4731,1890,1419,2,80,160
4732,1890,1418,2,120,240
4733,1890,1420,3,220,660
4734,1891,2821,3,350,1050
4735,1891,2817,2,220,440
4736,1892,821,3,220,660
4737,1892,820,2,80,160
4738,1892,817,1,80,80
4739,1892,818,1,150,150
4740,1893,3877,3,300,900
4741,1893,3875,1,450,450
4742,1894,581,1,150,150
4743,1894,582,2,120,240
4744,1895,93,2,300,600
4745,1895,94,2,300,600
4746,1895,91,3,80,240
4747,1895,90,2,250,500
4748,1896,2499,1,350,350
4749,1896,2502,2,500,1000
4750,1897,3014,1,450,450
4751,1897,3019,2,450,900
4752,1898,381,3,250,750
4753,1898,374,3,120,360
4754,1899,702,3,280,840
4755,1899,701,3,180,540
4756,1899,706,3,450,1350
4757,1900,1164,1,200,200
4758,1900,1170,1,450,450
4759,1900,1166,3,80,240
4760,1900,1163,2,180,360
4761,1901,3329,3,350,1050
4762,1902,3307,3,150,450
4763,1902,3310,2,250,500
4764,1903,2913,1,450,450
4765,1903,2916,3,150,450
4766,1903,2911,3,450,1350
4767,1903,2915,2,100,200
4768,1904,1994,3,100,300
4769,1904,1995,2,280,560
4770,1904,1991,1,500,500
4771,1905,3386,2,150,300
4772,1906,3338,1,80,80
4773,1906,3334,2,200,400
4774,1906,3335,2,450,900
4775,1907,4267,2,280,560
4776,1907,4268,1,400,400
4777,1907,4266,2,350,700
4778,1907,4269,2,200,400
4779,1908,1157,3,280,840
4780,1909,571,3,280,840
4781,1909,572,1,250,250
4782,1910,532,3,80,240
4783,1910,533,3,350,1050
4784,1911,3617,1,150,150
4785,1911,3621,3,220,660
4786,1911,3620,1,400,400
4787,1911,3619,3,220,660
4788,1912,430,3,100,300
4789,1912,427,3,180,540
4790,1912,431,3,400,1200
4791,1913,3,1,80,80
4792,1913,4,3,280,840
4793,1913,5,2,220,440
4794,1913,1,3,100,300
4795,1914,423,3,450,1350
4796,1914,419,2,220,440
4797,1914,424,1,220,220
4798,1915,1545,3,120,360
4799,1915,1542,2,120,240
4800,1915,1544,3,500,1500
4801,1915,1547,1,120,120
4802,1916,4068,1,180,180
4803,1916,4070,2,120,240
4804,1916,4078,1,500,500
4805,1917,995,2,180,360
4806,1917,993,3,300,900
4807,1917,991,1,150,150
4808,1918,1093,2,120,240
4809,1918,1088,1,150,150
4810,1918,1091,1,120,120
4811,1919,1275,2,150,300
4812,1919,1277,2,200,400
4813,1919,1272,1,300,300
4814,1920,123,1,280,280
4815,1921,3781,2,150,300
4816,1922,4112,3,200,600
4817,1922,4109,3,180,540
4818,1923,1420,1,220,220
4819,1923,1421,3,350,1050
4820,1924,2412,2,300,600
4821,1925,25,1,120,120
4822,1925,24,3,180,540
4823,1925,30,1,280,280
4824,1925,29,2,180,360
4825,1926,36,1,450,450
4826,1926,33,1,80,80
4827,1926,32,1,250,250
4828,1927,427,1,180,180
4829,1928,641,1,400,400
4830,1928,642,1,280,280
4831,1928,648,2,80,160
4832,1929,2856,3,300,900
4833,1930,3933,1,220,220
4834,1931,2,1,150,150
4835,1932,2375,3,80,240
4836,1932,2367,3,200,600
4837,1932,2372,1,220,220
4838,1933,2562,2,400,800
4839,1934,1379,1,300,300
4840,1934,1380,2,180,360
4841,1935,3235,1,500,500
4842,1936,227,2,280,560
4843,1937,2858,1,200,200
4844,1937,2859,2,250,500
4845,1937,2864,3,180,540
4846,1938,2613,3,80,240
4847,1938,2605,3,250,750
4848,1939,629,3,150,450
4849,1939,630,2,280,560
4850,1940,3509,1,450,450
4851,1940,3508,1,180,180
4852,1941,1065,2,220,440
4853,1941,1066,1,200,200
4854,1941,1063,1,280,280
4855,1941,1062,2,250,500
4856,1942,1104,3,220,660
4857,1942,1107,1,350,350
4858,1942,1110,1,150,150
4859,1943,1362,3,400,1200
4860,1943,1367,3,250,750
4861,1943,1368,1,120,120
4862,1943,1366,2,280,560
4863,1944,1022,3,120,360
4864,1944,1028,2,80,160
4865,1944,1024,1,250,250
4866,1945,3948,3,200,600
4867,1946,3731,1,350,350
4868,1946,3729,1,200,200
4869,1946,3732,1,300,300
4870,1946,3728,1,120,120
4871,1947,4101,3,120,360
4872,1947,4103,3,80,240
4873,1947,4106,3,80,240
4874,1948,233,3,300,900
4875,1948,234,3,280,840
4876,1948,237,2,200,400
4877,1949,3251,2,400,800
4878,1949,3250,1,180,180
4879,1949,3257,3,400,1200
4880,1949,3258,2,250,500
4881,1950,1485,2,100,200
4882,1950,1483,3,250,750
4883,1950,1481,3,250,750
4884,1950,1484,2,450,900
4885,1951,2163,3,280,840
4886,1952,821,1,220,220
4887,1953,3781,1,150,150
4888,1953,3786,2,200,400
4889,1953,3782,1,300,300
4890,1953,3783,3,300,900
4891,1954,189,1,100,100
4892,1955,4259,1,200,200
4893,1955,4264,2,200,400
4894,1955,4265,3,500,1500
4895,1955,4257,3,150,450
4896,1956,1682,1,220,220
4897,1956,1686,2,180,360
4898,1957,3029,1,200,200
4899,1957,3033,3,180,540
4900,1958,4306,3,250,750
4901,1958,4315,2,450,900
4902,1959,4170,3,250,750
4903,1960,3775,1,400,400
4904,1960,3777,1,350,350
4905,1961,2333,1,300,300
4906,1961,2334,1,300,300
4907,1962,3227,1,500,500
4908,1962,3226,1,180,180
4909,1962,3228,1,220,220
4910,1962,3230,3,280,840
4911,1963,859,1,220,220
4912,1963,852,2,250,500
4913,1964,4120,2,300,600
4914,1964,4122,3,180,540
4915,1964,4119,1,400,400
4916,1964,4125,2,80,160
4917,1965,2636,3,400,1200
4918,1965,2641,1,120,120
4919,1966,1109,3,300,900
4920,1966,1104,1,220,220
4921,1966,1108,2,300,600
4922,1967,3433,2,280,560
4923,1967,3432,2,500,1000
4924,1967,3434,3,400,1200
4925,1968,1288,2,150,300
4926,1968,1291,2,400,800
4927,1968,1290,1,280,280
4928,1968,1292,3,120,360
4929,1969,3533,3,150,450
4930,1969,3534,2,300,600
4931,1970,3711,1,250,250
4932,1971,3549,2,200,400
4933,1971,3538,2,250,500
4934,1971,3542,2,220,440
4935,1972,1386,3,200,600
4936,1972,1390,1,120,120
4937,1972,1385,2,300,600
4938,1972,1389,3,250,750
4939,1973,2179,3,500,1500
4940,1973,2172,3,350,1050
4941,1973,2170,2,500,1000
4942,1973,2174,2,350,700
4943,1974,2151,1,400,400
4944,1974,2155,2,120,240
4945,1974,2157,2,150,300
4946,1974,2150,2,200,400
4947,1975,3143,3,200,600
4948,1976,3353,3,220,660
4949,1976,3350,1,300,300
4950,1977,542,1,120,120
4951,1977,547,2,120,240
4952,1977,543,1,500,500
4953,1977,545,1,280,280
4954,1978,1224,3,280,840
4955,1979,3869,2,500,1000
4956,1979,3868,3,100,300
4957,1979,3871,1,250,250
4958,1979,3872,3,120,360
4959,1980,228,2,250,500
4960,1981,4029,3,180,540
4961,1981,4028,1,400,400
4962,1982,2577,1,280,280
4963,1982,2582,1,220,220
4964,1982,2584,1,400,400
4965,1982,2578,3,350,1050
4966,1983,1798,1,120,120
4967,1983,1801,1,400,400
4968,1983,1802,3,400,1200
4969,1984,369,1,400,400
4970,1984,366,1,250,250
4971,1984,368,2,200,400
4972,1985,2344,2,100,200
4973,1985,2341,2,100,200
4974,1985,2345,2,150,300
4975,1986,3514,1,250,250
4976,1986,3513,2,150,300
4977,1987,1933,2,80,160
4978,1987,1930,1,200,200
4979,1987,1931,1,220,220
4980,1988,3299,1,500,500
4981,1988,3301,3,100,300
4982,1988,3302,1,220,220
4983,1989,3214,3,400,1200
4984,1990,2913,2,450,900
4985,1990,2911,2,450,900
4986,1990,2912,3,500,1500
4987,1991,3680,3,500,1500
4988,1991,3674,3,350,1050
4989,1992,2934,3,150,450
4990,1992,2938,2,450,900
4991,1993,270,2,300,600
4992,1993,268,1,250,250
4993,1993,272,2,250,500
4994,1994,694,3,150,450
4995,1995,3797,3,350,1050
4996,1995,3796,1,200,200
4997,1995,3787,2,280,560
4998,1995,3791,1,80,80
4999,1996,175,2,250,500
5000,1996,170,3,220,660
5001,1996,172,3,100,300
5002,1996,173,1,280,280
5003,1997,1984,3,220,660
5004,1997,1982,1,150,150
5005,1998,2827,3,300,900
5006,1999,3657,2,120,240
5007,2000,2393,3,350,1050
5008,2000,2395,2,400,800
5009,2000,2397,1,450,450
5010,2001,2094,2,450,900
5011,2001,2093,3,280,840
5012,2001,2089,3,350,1050
5013,2002,3065,2,250,500
5014,2002,3060,1,220,220
5015,2002,3061,2,100,200
5016,2002,3062,2,80,160
5017,2003,2455,2,500,1000
5018,2003,2459,1,450,450
5019,2004,2055,1,450,450
5020,2005,4167,1,250,250
5021,2005,4162,1,220,220
5022,2005,4169,3,200,600
5023,2006,2508,2,80,160
5024,2006,2504,3,150,450
5025,2007,125,1,220,220
5026,2007,124,2,400,800
5027,2008,1462,2,120,240
5028,2008,1469,2,500,1000
5029,2009,290,3,450,1350
5030,2009,285,3,150,450
5031,2009,291,2,300,600
5032,2009,286,3,150,450
5033,2010,1383,2,150,300
5034,2010,1391,2,450,900
5035,2011,3380,1,500,500
5036,2011,3371,3,450,1350
5037,2011,3375,3,350,1050
5038,2012,705,1,400,400
5039,2012,708,1,220,220
5040,2012,706,3,450,1350
5041,2013,4135,3,150,450
5042,2014,3902,2,120,240
5043,2014,3906,3,220,660
5044,2014,3899,3,220,660
5045,2014,3898,1,250,250
5046,2015,136,2,400,800
5047,2015,137,3,200,600
5048,2015,131,1,100,100
5049,2016,995,2,180,360
5050,2017,3574,2,350,700
5051,2017,3576,1,500,500
5052,2017,3578,3,100,300
5053,2018,3579,1,220,220
5054,2019,2853,3,250,750
5055,2019,2854,1,500,500
5056,2020,2701,2,80,160
5057,2020,2699,3,350,1050
5058,2020,2700,2,80,160
5059,2020,2698,2,400,800
5060,2021,4297,1,100,100
5061,2021,4305,1,400,400
5062,2021,4299,2,80,160
5063,2022,3346,1,400,400
5064,2022,3344,1,180,180
5065,2022,3345,1,250,250
5066,2022,3342,1,250,250
5067,2023,1352,1,150,150
5068,2023,1347,2,200,400
5069,2023,1344,1,150,150
5070,2024,410,2,100,200
5071,2024,408,1,120,120
5072,2025,3154,3,180,540
5073,2025,3158,2,120,240
5074,2025,3156,2,300,600
5075,2026,2699,3,350,1050
5076,2026,2697,1,200,200
5077,2027,3352,3,100,300
5078,2028,3597,3,220,660
5079,2028,3596,2,100,200
5080,2028,3599,3,300,900
5081,2029,3928,2,250,500
5082,2029,3931,1,80,80
5083,2029,3927,3,80,240
5084,2029,3932,1,150,150
5085,2030,2694,2,280,560
5086,2030,2696,1,300,300
5087,2031,2204,1,280,280
5088,2031,2202,1,250,250
5089,2032,4088,1,250,250
5090,2032,4087,3,500,1500
5091,2033,3142,3,200,600
5092,2033,3138,2,80,160
5093,2034,3056,3,200,600
5094,2035,3534,3,300,900
5095,2035,3537,3,300,900
5096,2036,3769,1,350,350
5097,2036,3777,3,350,1050
5098,2036,3775,2,400,800
5099,2036,3772,2,500,1000
5100,2037,801,1,220,220
5101,2037,803,1,100,100
5102,2037,804,3,180,540
5103,2037,802,2,80,160
5104,2038,3580,2,450,900
5105,2038,3582,1,500,500
5106,2038,3585,2,350,700
5107,2039,1670,3,500,1500
5108,2040,3139,1,350,350
5109,2040,3144,2,100,200
5110,2040,3143,3,200,600
5111,2040,3142,2,200,400
5112,2041,3894,1,250,250
5113,2041,3891,2,400,800
5114,2041,3892,3,500,1500
5115,2041,3893,3,120,360
5116,2042,176,2,80,160
5117,2042,169,3,80,240
5118,2043,3736,1,300,300
5119,2043,3737,3,80,240
5120,2043,3738,3,450,1350
5121,2043,3739,1,250,250
5122,2044,425,2,280,560
5123,2045,2260,3,100,300
5124,2045,2264,1,450,450
5125,2045,2261,2,150,300
5126,2045,2255,3,250,750
5127,2046,3038,1,280,280
5128,2046,3037,2,250,500
5129,2047,1195,1,350,350
5130,2047,1196,1,200,200
5131,2048,2350,3,350,1050
5132,2048,2348,2,180,360
5133,2048,2353,1,200,200
5134,2049,4136,1,100,100
5135,2050,71,3,300,900
5136,2050,65,2,450,900
5137,2051,3435,3,220,660
5138,2052,2166,1,220,220
5139,2053,364,2,180,360
5140,2053,358,3,450,1350
5141,2054,4219,1,80,80
5142,2054,4224,2,200,400
5143,2054,4227,3,450,1350
5144,2055,1409,1,220,220
5145,2056,413,3,250,750
5146,2056,417,3,200,600
5147,2056,416,1,250,250
5148,2057,1225,1,500,500
5149,2057,1223,2,220,440
5150,2057,1226,1,80,80
5151,2058,3156,2,300,600
5152,2059,3801,2,120,240
5153,2059,3804,2,150,300
5154,2059,3809,2,150,300
5155,2060,3191,2,180,360
5156,2060,3197,3,180,540
5157,2060,3198,3,350,1050
5158,2060,3193,3,150,450
5159,2061,2051,3,500,1500
5160,2061,2052,2,280,560
5161,2062,1598,2,450,900
5162,2063,1892,3,100,300
5163,2063,1889,2,180,360
5164,2063,1893,2,450,900
5165,2063,1891,2,350,700
5166,2064,1137,2,500,1000
5167,2064,1142,2,150,300
5168,2064,1138,3,500,1500
5169,2065,1904,1,450,450
5170,2065,1905,1,120,120
5171,2065,1898,3,500,1500
5172,2066,3562,2,100,200
5173,2067,3090,2,180,360
5174,2067,3086,3,120,360
5175,2067,3092,1,150,150
5176,2068,3708,2,200,400
5177,2069,917,3,300,900
5178,2070,3976,2,280,560
5179,2070,3978,2,400,800
5180,2071,1370,3,180,540
5181,2071,1369,3,180,540
5182,2071,1373,3,180,540
5183,2071,1372,3,200,600
5184,2072,120,2,80,160
5185,2072,118,2,180,360
5186,2072,119,2,220,440
5187,2072,121,1,220,220
5188,2073,3630,1,180,180
5189,2073,3634,2,220,440
5190,2073,3640,1,100,100
5191,2074,2804,2,400,800
5192,2074,2805,1,220,220
5193,2075,3132,1,80,80
5194,2076,1458,3,250,750
5195,2076,1454,1,250,250
5196,2076,1453,3,100,300
5197,2077,2971,3,250,750
5198,2077,2974,3,350,1050
5199,2078,2489,2,120,240
5200,2078,2492,3,200,600
5201,2078,2493,3,100,300
5202,2079,2528,2,350,700
5203,2079,2522,1,400,400
5204,2079,2524,2,280,560
5205,2080,1565,1,300,300
5206,2080,1568,1,220,220
5207,2081,939,1,80,80
5208,2081,933,1,100,100
5209,2082,1075,3,400,1200
5210,2082,1076,1,500,500
5211,2082,1081,1,300,300
5212,2083,2201,3,450,1350
5213,2083,2204,1,280,280
5214,2084,3286,2,180,360
5215,2084,3287,1,120,120
5216,2084,3281,2,400,800
5217,2085,3005,3,300,900
5218,2086,3838,1,150,150
5219,2086,3836,1,200,200
5220,2086,3843,1,150,150
5221,2087,3450,3,180,540
5222,2087,3455,1,250,250
5223,2088,325,2,250,500
5224,2088,328,1,500,500
5225,2089,2319,3,500,1500
5226,2089,2321,3,300,900
5227,2089,2320,2,180,360
5228,2090,1821,1,450,450
5229,2090,1820,3,250,750
5230,2090,1822,3,80,240
5231,2091,2162,2,280,560
5232,2091,2159,3,180,540
5233,2091,2160,1,120,120
5234,2092,249,3,280,840
5235,2093,3537,3,300,900
5236,2094,1059,2,350,700
5237,2094,1057,2,120,240
5238,2094,1053,2,80,160
5239,2094,1056,1,120,120
5240,2095,2782,2,450,900
5241,2096,3680,2,500,1000
5242,2096,3678,1,300,300
5243,2097,3501,3,300,900
5244,2097,3497,3,250,750
5245,2097,3493,2,450,900
5246,2097,3500,3,200,600
5247,2098,1800,1,120,120
5248,2099,3538,3,250,750
5249,2100,2870,3,250,750
5250,2101,3777,2,350,700
5251,2101,3770,3,500,1500
5252,2101,3772,3,500,1500
5253,2102,4269,2,200,400
5254,2102,4268,2,400,800
5255,2102,4272,2,300,600
5256,2103,2807,3,220,660
5257,2103,2811,1,120,120
5258,2103,2806,1,500,500
5259,2103,2808,2,400,800
5260,2104,4222,1,280,280
5261,2104,4226,2,400,800
5262,2104,4229,2,180,360
5263,2105,2856,3,300,900
5264,2105,2851,2,100,200
5265,2105,2849,2,250,500
5266,2105,2855,2,450,900
5267,2106,3256,1,400,400
5268,2107,3457,3,450,1350
5269,2107,3456,1,450,450
5270,2107,3458,3,250,750
5271,2108,3281,3,400,1200
5272,2109,1167,3,400,1200
5273,2109,1168,2,180,360
5274,2109,1165,2,120,240
5275,2109,1166,1,80,80
5276,2110,3566,3,350,1050
5277,2110,3570,1,450,450
5278,2110,3569,1,500,500
5279,2110,3565,1,350,350
5280,2111,3237,3,350,1050
5281,2111,3231,3,280,840
5282,2112,1372,2,200,400
5283,2112,1373,3,180,540
5284,2112,1369,2,180,360
5285,2113,3335,1,450,450
5286,2113,3333,2,350,700
5287,2113,3336,2,220,440
5288,2114,1659,2,120,240
5289,2114,1655,2,250,500
5290,2114,1654,2,150,300
5291,2114,1656,3,200,600
5292,2115,4256,3,500,1500
5293,2115,4246,1,220,220
5294,2115,4254,2,450,900
5295,2115,4247,1,500,500
5296,2116,3205,1,450,450
5297,2117,2134,3,300,900
5298,2117,2132,2,500,1000
5299,2117,2136,1,450,450
5300,2117,2131,2,350,700
5301,2118,1179,2,150,300
5302,2118,1185,2,120,240
5303,2118,1180,3,280,840
5304,2119,3328,2,450,900
5305,2119,3326,2,280,560
5306,2120,1003,3,300,900
5307,2121,3568,1,350,350
5308,2122,3151,1,180,180
5309,2122,3145,2,220,440
5310,2123,2690,3,280,840
5311,2123,2696,1,300,300
5312,2123,2693,3,180,540
5313,2124,4091,1,200,200
5314,2124,4094,1,500,500
5315,2125,3196,1,450,450
5316,2125,3200,3,500,1500
5317,2125,3193,3,150,450
5318,2125,3197,1,180,180
5319,2126,3533,2,150,300
5320,2126,3531,3,350,1050
5321,2126,3537,3,300,900
5322,2126,3536,1,450,450
5323,2127,2148,2,180,360
5324,2128,2465,2,300,600
5325,2128,2463,3,280,840
5326,2129,3705,3,400,1200
5327,2130,2345,1,150,150
5328,2130,2342,1,250,250
5329,2130,2344,3,100,300
5330,2130,2346,2,220,440
5331,2131,49,1,300,300
5332,2132,3790,3,250,750
5333,2133,3964,1,220,220
5334,2133,3969,3,450,1350
5335,2133,3970,1,450,450
5336,2133,3966,3,450,1350
5337,2134,2702,3,280,840
5338,2134,2697,2,200,400
5339,2134,2699,3,350,1050
5340,2134,2701,2,80,160
5341,2135,3070,2,300,600
5342,2136,3044,3,350,1050
5343,2137,369,2,400,800
5344,2137,368,3,200,600
5345,2138,478,3,300,900
5346,2138,473,2,400,800
5347,2138,474,2,100,200
5348,2138,475,1,500,500
5349,2139,4113,2,350,700
5350,2139,4115,3,150,450
5351,2140,3781,2,150,300
5352,2140,3786,2,200,400
5353,2140,3784,3,350,1050
5354,2141,1437,1,180,180
5355,2142,946,2,80,160
5356,2142,947,1,350,350
5357,2143,2440,2,220,440
5358,2144,1374,1,280,280
5359,2144,1377,3,120,360
5360,2144,1378,1,180,180
5361,2145,2644,2,300,600
5362,2146,1617,3,500,1500
5363,2146,1613,2,150,300
5364,2146,1622,2,300,600
5365,2147,2584,1,400,400
5366,2148,2588,2,400,800
5367,2148,2596,1,400,400
5368,2148,2595,2,400,800
5369,2148,2587,3,280,840
5370,2149,3604,3,450,1350
5371,2150,2530,3,250,750
5372,2150,2534,2,350,700
5373,2150,2531,1,180,180
5374,2150,2532,2,250,500
5375,2151,3696,2,500,1000
5376,2152,3144,3,100,300
5377,2152,3142,1,200,200
5378,2152,3143,3,200,600
5379,2153,1480,2,100,200
5380,2153,1477,2,220,440
5381,2153,1474,2,180,360
5382,2153,1471,3,350,1050
5383,2154,3235,1,500,500
5384,2155,2634,1,180,180
5385,2155,2640,1,150,150
5386,2156,2324,2,220,440
5387,2157,1985,1,450,450
5388,2157,1983,3,220,660
5389,2158,2909,2,80,160
5390,2159,2393,3,350,1050
5391,2159,2397,2,450,900
5392,2159,2394,3,350,1050
5393,2159,2395,3,400,1200
5394,2160,3100,1,250,250
5395,2160,3098,1,350,350
5396,2160,3095,1,180,180
5397,2161,4082,2,400,800
5398,2162,2564,2,280,560
5399,2162,2560,1,200,200
5400,2162,2556,3,500,1500
5401,2162,2563,3,200,600
5402,2163,790,2,300,600
5403,2163,789,1,300,300
5404,2164,2453,3,250,750
5405,2165,1922,1,120,120
5406,2165,1915,1,150,150
5407,2165,1924,2,250,500
5408,2165,1923,3,180,540
5409,2166,3370,1,400,400
5410,2166,3367,2,220,440
5411,2166,3366,1,500,500
5412,2167,1509,2,450,900
5413,2167,1510,1,100,100
5414,2167,1512,3,300,900
5415,2167,1513,3,400,1200
5416,2168,4078,1,500,500
5417,2168,4074,1,500,500
5418,2169,233,2,300,600
5419,2169,238,1,500,500
5420,2169,235,2,220,440
5421,2169,236,3,180,540
5422,2170,68,3,180,540
5423,2170,60,2,120,240
5424,2170,66,1,120,120
5425,2171,762,1,120,120
5426,2172,3612,3,500,1500
5427,2172,3609,2,80,160
5428,2173,549,1,150,150
5429,2173,551,3,300,900
5430,2173,557,2,80,160
5431,2174,3876,2,200,400
5432,2175,59,2,250,500
5433,2175,53,3,450,1350
5434,2175,54,1,400,400
5435,2175,55,2,450,900
5436,2176,2080,2,450,900
5437,2176,2076,2,200,400
5438,2176,2079,2,250,500
5439,2176,2075,2,400,800
5440,2177,3311,1,100,100
5441,2177,3310,3,250,750
5442,2178,3805,2,450,900
5443,2179,1768,2,220,440
5444,2179,1772,2,350,700
5445,2179,1767,2,350,700
5446,2179,1771,2,100,200
5447,2180,4048,2,500,1000
5448,2180,4049,1,220,220
5449,2181,34,2,450,900
5450,2181,31,2,120,240
5451,2182,3468,1,80,80
5452,2183,127,2,180,360
5453,2183,126,2,280,560
5454,2183,124,1,400,400
5455,2184,1761,2,80,160
5456,2185,3424,2,180,360
5457,2186,2390,2,100,200
5458,2187,2518,2,80,160
5459,2188,1509,3,450,1350
5460,2188,1511,1,450,450
5461,2188,1512,1,300,300
5462,2188,1510,2,100,200
5463,2189,2993,2,250,500
5464,2189,3000,2,250,500
5465,2189,2999,2,300,600
5466,2189,2995,2,400,800
5467,2190,3539,3,100,300
5468,2190,3542,1,220,220
5469,2191,3083,1,450,450
5470,2192,874,2,180,360
5471,2192,883,3,450,1350
5472,2192,873,1,80,80
5473,2192,879,3,100,300
5474,2193,4171,3,450,1350
5475,2193,4173,1,80,80
5476,2193,4174,3,180,540
5477,2194,3430,2,150,300
5478,2194,3429,3,180,540
5479,2195,2945,3,180,540
5480,2195,2941,3,220,660
5481,2195,2942,1,400,400
5482,2196,1739,3,200,600
5483,2196,1743,3,80,240
5484,2196,1742,2,100,200
5485,2197,4138,1,150,150
5486,2198,1422,3,100,300
5487,2198,1423,3,500,1500
5488,2198,1420,2,220,440
5489,2199,2023,1,250,250
5490,2199,2020,3,250,750
5491,2199,2022,2,280,560
5492,2200,995,1,180,180
5493,2200,998,1,400,400
5494,2201,1170,2,450,900
5495,2201,1163,1,180,180
5496,2201,1169,2,350,700
5497,2202,1440,2,150,300
5498,2202,1434,3,120,360
5499,2202,1441,1,450,450
5500,2202,1442,2,350,700
5501,2203,324,1,450,450
5502,2204,638,3,500,1500
5503,2204,639,3,220,660
5504,2204,634,1,180,180
5505,2204,637,1,100,100
5506,2205,3606,2,280,560
5507,2205,3604,2,450,900
5508,2205,3607,2,500,1000
5509,2205,3605,1,450,450
5510,2206,4175,2,450,900
5511,2207,490,1,250,250
5512,2208,860,1,100,100
5513,2209,91,2,80,160
5514,2209,94,1,300,300
5515,2210,2163,3,280,840
5516,2210,2162,2,280,560
5517,2211,641,3,400,1200
5518,2212,2208,3,120,360
5519,2212,2209,2,300,600
5520,2213,2778,1,80,80
5521,2213,2780,3,500,1500
5522,2214,4200,2,100,200
5523,2215,592,3,220,660
5524,2215,589,2,220,440
5525,2215,591,2,400,800
5526,2215,588,1,180,180
5527,2216,988,1,450,450
5528,2216,985,2,100,200
5529,2216,982,1,80,80
5530,2217,1586,1,220,220
5531,2217,1579,3,150,450
5532,2218,24,1,180,180
5533,2219,4136,2,100,200
5534,2219,4135,2,150,300
5535,2219,4137,2,120,240
5536,2219,4138,1,150,150
5537,2220,3728,2,120,240
5538,2220,3731,3,350,1050
5539,2220,3733,1,80,80
5540,2221,2056,3,80,240
5541,2221,2051,2,500,1000
5542,2222,4264,1,200,200
5543,2222,4262,3,300,900
5544,2222,4265,3,500,1500
5545,2222,4260,2,180,360
5546,2223,3104,2,500,1000
5547,2223,3111,3,180,540
5548,2223,3105,3,180,540
5549,2224,2178,3,180,540
5550,2225,3234,1,300,300
5551,2226,2451,1,120,120
5552,2227,190,1,200,200
5553,2227,187,3,150,450
5554,2228,1918,1,100,100
5555,2229,1113,3,80,240
5556,2230,2032,1,250,250
5557,2230,2025,1,80,80
5558,2230,2027,1,450,450
5559,2230,2028,1,250,250
5560,2231,2031,2,220,440
5561,2231,2030,2,120,240
5562,2231,2028,3,250,750
5563,2231,2025,2,80,160
5564,2232,2675,2,120,240
5565,2232,2673,2,400,800
5566,2232,2674,2,120,240
5567,2232,2677,2,220,440
5568,2233,4129,2,180,360
5569,2234,188,3,220,660
5570,2235,1212,2,150,300
5571,2235,1213,2,500,1000
5572,2235,1216,3,250,750
5573,2235,1214,1,500,500
5574,2236,1207,1,350,350
5575,2237,3961,2,80,160
5576,2238,624,1,200,200
5577,2238,626,1,120,120
5578,2238,627,2,220,440
5579,2238,625,1,250,250
5580,2239,3236,3,300,900
5581,2240,741,1,500,500
5582,2240,733,2,220,440
5583,2241,631,2,180,360
5584,2241,629,3,150,450
5585,2241,633,1,250,250
5586,2242,2273,1,400,400
5587,2242,2267,1,220,220
5588,2242,2272,2,250,500
5589,2242,2266,1,200,200
5590,2243,3031,2,80,160
5591,2243,3033,2,180,360
5592,2243,3029,1,200,200
5593,2243,3028,1,150,150
5594,2244,3117,2,80,160
5595,2244,3116,3,80,240
5596,2244,3121,1,250,250
5597,2245,4144,3,120,360
5598,2245,4140,3,150,450
5599,2246,118,1,180,180
5600,2246,119,3,220,660
5601,2246,120,3,80,240
5602,2247,1994,3,100,300
5603,2247,1993,2,200,400
5604,2247,1992,3,120,360
5605,2247,1990,2,450,900
5606,2248,1934,2,280,560
5607,2248,1935,1,150,150
5608,2249,2000,2,450,900
5609,2249,1999,2,100,200
5610,2250,3238,2,400,800
5611,2250,3248,1,220,220
5612,2250,3247,2,500,1000
5613,2250,3246,2,220,440
5614,2251,3194,3,400,1200
5615,2251,3201,3,300,900
5616,2251,3196,2,450,900
5617,2252,2037,1,300,300
5618,2252,2034,2,250,500
5619,2252,2039,2,200,400
5620,2252,2038,3,120,360
5621,2253,1560,1,100,100
5622,2254,4299,3,80,240
5623,2254,4305,1,400,400
5624,2254,4303,1,450,450
5625,2254,4304,3,200,600
5626,2255,1997,3,350,1050
5627,2255,1999,2,100,200
5628,2255,1998,1,220,220
5629,2255,1996,1,180,180
5630,2256,3478,3,450,1350
5631,2256,3481,3,200,600
5632,2256,3476,1,80,80
5633,2256,3477,2,120,240
5634,2257,707,3,250,750
5635,2257,708,1,220,220
5636,2257,704,1,450,450
5637,2258,3110,1,200,200
5638,2258,3113,1,200,200
5639,2259,438,2,80,160
5640,2260,3405,1,80,80
5641,2260,3407,2,80,160
5642,2261,761,3,220,660
5643,2261,762,2,120,240
5644,2261,764,3,200,600
5645,2261,763,2,80,160
5646,2262,395,3,500,1500
5647,2262,398,1,220,220
5648,2262,396,3,500,1500
5649,2263,844,1,120,120
5650,2263,850,3,150,450
5651,2263,846,3,300,900
5652,2263,845,3,500,1500
5653,2264,166,3,100,300
5654,2265,336,1,180,180
5655,2265,337,1,220,220
5656,2265,338,1,450,450
5657,2266,55,1,450,450
5658,2266,59,3,250,750
5659,2266,58,2,280,560
5660,2266,54,1,400,400
5661,2267,62,2,80,160
5662,2267,60,1,120,120
5663,2268,1514,3,250,750
5664,2268,1517,1,350,350
5665,2268,1519,1,180,180
5666,2268,1515,3,500,1500
5667,2269,1693,3,180,540
5668,2270,2047,3,100,300
5669,2270,2044,2,200,400
5670,2270,2043,3,400,1200
5671,2270,2042,2,280,560
5672,2271,2809,2,450,900
5673,2271,2808,2,400,800
5674,2271,2806,2,500,1000
5675,2272,1276,2,450,900
5676,2273,3642,3,280,840
5677,2273,3641,3,80,240
5678,2273,3644,3,150,450
5679,2273,3643,3,200,600
5680,2274,3882,1,150,150
5681,2274,3876,2,200,400
5682,2274,3878,1,250,250
5683,2275,2996,3,280,840
5684,2276,2742,2,300,600
5685,2276,2745,2,280,560
5686,2276,2741,2,220,440
5687,2276,2738,2,500,1000
5688,2277,1239,1,300,300
5689,2277,1238,1,80,80
5690,2277,1229,2,280,560
5691,2277,1231,1,500,500
5692,2278,96,2,220,440
5693,2278,101,1,280,280
5694,2279,2684,2,250,500
5695,2280,2280,3,400,1200
5696,2280,2283,2,150,300
5697,2280,2276,2,200,400
5698,2280,2279,2,150,300
5699,2281,4270,1,500,500
5700,2282,3337,2,120,240
5701,2283,2978,2,280,560
5702,2283,2973,3,400,1200
5703,2284,1066,3,200,600
5704,2284,1064,2,220,440
5705,2284,1065,2,220,440
5706,2284,1062,1,250,250
5707,2285,4046,1,80,80
5708,2285,4045,2,150,300
5709,2285,4043,1,400,400
5710,2285,4042,2,80,160
5711,2286,203,3,300,900
5712,2286,202,2,180,360
5713,2287,3262,3,400,1200
5714,2287,3263,1,450,450
5715,2287,3264,1,120,120
5716,2288,13,1,80,80
5717,2288,9,1,250,250
5718,2288,12,3,100,300
5719,2288,8,1,400,400
5720,2289,1771,1,100,100
5721,2290,3114,2,350,700
5722,2290,3115,1,280,280
5723,2290,3122,3,100,300
5724,2291,2915,1,100,100
5725,2291,2912,2,500,1000
5726,2291,2911,3,450,1350
5727,2291,2914,2,300,600
5728,2292,1071,1,450,450
5729,2293,1024,2,250,500
5730,2293,1026,3,150,450
5731,2293,1029,1,150,150
5732,2293,1031,3,180,540
5733,2294,1876,1,500,500
5734,2294,1875,2,300,600
5735,2294,1868,1,300,300
5736,2295,3193,1,150,150
5737,2295,3197,2,180,360
5738,2295,3198,1,350,350
5739,2296,3393,3,200,600
5740,2296,3395,3,300,900
5741,2296,3397,2,400,800
5742,2296,3396,2,80,160
5743,2297,2939,3,100,300
5744,2297,2930,3,120,360
5745,2298,1443,2,300,600
5746,2298,1450,2,300,600
5747,2299,805,1,500,500
5748,2299,806,1,400,400
5749,2299,809,2,150,300
5750,2300,3498,1,450,450
5751,2300,3493,1,450,450
5752,2301,3842,3,450,1350
5753,2302,2604,3,100,300
5754,2302,2601,1,100,100
5755,2302,2600,2,120,240
5756,2303,3585,3,350,1050
5757,2303,3579,1,220,220
5758,2304,2738,2,500,1000
5759,2304,2742,3,300,900
5760,2304,2744,3,500,1500
5761,2305,1995,3,280,840
5762,2305,1993,1,200,200
5763,2305,1994,3,100,300
5764,2306,3187,1,450,450
5765,2306,3180,2,500,1000
5766,2306,3189,1,280,280
5767,2306,3188,2,120,240
5768,2307,3105,3,180,540
5769,2307,3111,1,180,180
5770,2307,3108,2,100,200
5771,2308,3601,2,120,240
5772,2308,3597,3,220,660
5773,2308,3594,3,350,1050
5774,2309,1434,2,120,240
5775,2310,3424,3,180,540
5776,2311,3210,2,80,160
5777,2312,2536,1,500,500
5778,2312,2539,1,300,300
5779,2312,2541,3,350,1050
5780,2313,1978,3,200,600
5781,2313,1979,2,300,600
5782,2313,1976,3,180,540
5783,2314,3957,2,100,200
5784,2314,3960,1,250,250
5785,2314,3956,1,80,80
5786,2315,2740,1,500,500
5787,2315,2741,1,220,220
5788,2316,2682,1,280,280
5789,2316,2678,2,220,440
5790,2316,2684,1,250,250
5791,2316,2683,3,350,1050
5792,2317,883,2,450,900
5793,2317,875,2,300,600
5794,2318,1262,2,180,360
5795,2318,1268,2,150,300
5796,2318,1271,3,350,1050
5797,2319,483,3,300,900
5798,2320,2138,1,220,220
5799,2321,2637,3,150,450
5800,2321,2634,3,180,540
5801,2321,2638,3,500,1500
5802,2322,1313,2,100,200
5803,2322,1310,3,250,750
5804,2322,1308,2,180,360
5805,2322,1312,3,120,360
5806,2323,1997,1,350,350
5807,2324,4068,1,180,180
5808,2324,4075,1,100,100
5809,2325,3909,2,400,800
5810,2325,3912,3,100,300
5811,2325,3913,3,220,660
5812,2326,4270,3,500,1500
5813,2326,4268,3,400,1200
5814,2327,3352,3,100,300
5815,2328,4173,3,80,240
5816,2329,611,1,120,120
5817,2330,4171,2,450,900
5818,2330,4170,1,250,250
5819,2331,397,3,350,1050
5820,2331,401,2,80,160
5821,2331,403,2,100,200
5822,2331,400,1,220,220
5823,2332,2047,1,100,100
5824,2332,2042,1,280,280
5825,2332,2041,3,80,240
5826,2332,2043,3,400,1200
5827,2333,4270,1,500,500
5828,2333,4267,3,280,840
5829,2333,4268,3,400,1200
5830,2333,4269,2,200,400
5831,2334,2121,2,120,240
5832,2334,2123,3,100,300
5833,2334,2122,3,280,840
5834,2335,3868,2,100,200
5835,2335,3869,3,500,1500
5836,2335,3872,1,120,120
5837,2336,658,1,80,80
5838,2337,583,3,180,540
5839,2337,582,2,120,240
5840,2338,225,2,250,500
5841,2339,3583,2,100,200
5842,2340,220,3,120,360
5843,2340,219,2,400,800
5844,2341,2947,2,280,560
5845,2341,2945,3,180,540
5846,2341,2941,2,220,440
5847,2342,2052,2,280,560
5848,2342,2054,2,500,1000
5849,2342,2048,3,200,600
5850,2343,616,3,400,1200
5851,2343,614,2,500,1000
5852,2344,238,1,500,500
5853,2344,234,1,280,280
5854,2344,231,1,400,400
5855,2345,3233,2,120,240
5856,2345,3231,2,280,560
5857,2346,2591,1,200,200
5858,2346,2595,3,400,1200
5859,2346,2597,1,80,80
5860,2346,2588,2,400,800
5861,2347,885,1,500,500
5862,2347,887,1,350,350
5863,2347,889,3,280,840
5864,2347,888,2,350,700
5865,2348,4310,3,450,1350
5866,2348,4308,2,450,900
5867,2348,4313,2,500,1000
5868,2348,4307,1,100,100
5869,2349,1517,3,350,1050
5870,2350,3057,1,80,80
5871,2350,3055,2,280,560
5872,2351,326,3,180,540
5873,2351,321,1,100,100
5874,2351,327,2,250,500
5875,2351,322,2,200,400
5876,2352,3505,2,300,600
5877,2352,3502,2,100,200
5878,2352,3506,1,120,120
5879,2352,3507,2,180,360
5880,2353,3992,1,280,280
5881,2353,3994,3,400,1200
5882,2354,3859,2,250,500
5883,2354,3864,2,280,560
5884,2354,3857,3,180,540
5885,2354,3861,2,120,240
5886,2355,1511,1,450,450
5887,2355,1512,2,300,600
5888,2355,1513,2,400,800
5889,2356,1311,2,200,400
5890,2356,1306,1,350,350
5891,2357,4201,3,400,1200
5892,2357,4208,3,280,840
5893,2358,3362,1,150,150
5894,2358,3358,2,80,160
5895,2359,4177,1,180,180
5896,2359,4180,2,450,900
5897,2360,3360,1,500,500
5898,2361,451,1,300,300
5899,2361,450,2,500,1000
5900,2361,452,1,120,120
5901,2362,834,1,180,180
5902,2362,833,2,500,1000
5903,2362,830,1,300,300
5904,2363,2120,3,100,300
5905,2363,2128,1,280,280
5906,2363,2123,1,100,100
5907,2364,455,1,150,150
5908,2365,3604,2,450,900
5909,2366,2127,1,80,80
5910,2366,2122,2,280,560
5911,2367,829,1,280,280
5912,2368,3246,1,220,220
5913,2369,2144,1,150,150
5914,2370,996,3,150,450
5915,2370,998,2,400,800
5916,2371,2238,1,80,80
5917,2371,2237,1,120,120
5918,2371,2236,3,120,360
5919,2372,1738,1,200,200
5920,2372,1742,2,100,200
5921,2373,2317,2,200,400
5922,2374,2790,1,150,150
5923,2374,2782,3,450,1350
5924,2374,2789,3,450,1350
5925,2375,1325,2,400,800
5926,2375,1329,2,250,500
5927,2376,1770,2,450,900
5928,2377,2535,2,80,160
5929,2378,2624,2,150,300
5930,2379,2391,3,350,1050
5931,2379,2389,1,400,400
5932,2380,1500,1,80,80
5933,2380,1496,1,150,150
5934,2380,1498,3,250,750
5935,2380,1501,3,220,660
5936,2381,2522,1,400,400
5937,2381,2524,2,280,560
5938,2381,2523,3,150,450
5939,2381,2526,3,150,450
5940,2382,775,1,280,280
5941,2382,778,1,300,300
5942,2383,701,1,180,180
5943,2384,3915,3,350,1050
5944,2384,3914,3,250,750
5945,2385,3608,1,100,100
5946,2386,1684,1,300,300
5947,2386,1683,2,500,1000
5948,2386,1686,3,180,540
5949,2387,4092,1,120,120
5950,2387,4099,3,400,1200
5951,2387,4093,1,350,350
5952,2387,4091,2,200,400
5953,2388,3916,3,120,360
5954,2388,3914,2,250,500
5955,2389,1102,3,220,660
5956,2389,1100,1,100,100
5957,2389,1096,3,120,360
5958,2389,1097,2,250,500
5959,2390,477,2,100,200
5960,2390,476,3,450,1350
5961,2390,475,3,500,1500
5962,2391,3551,2,250,500
5963,2391,3553,1,220,220
5964,2392,3951,3,350,1050
5965,2393,2457,1,80,80
5966,2393,2456,2,220,440
5967,2393,2455,3,500,1500
5968,2394,150,3,400,1200
5969,2395,1586,3,220,660
5970,2396,1923,1,180,180
5971,2396,1917,3,80,240
5972,2397,3674,2,350,700
5973,2397,3680,3,500,1500
5974,2398,326,1,180,180
5975,2398,321,1,100,100
5976,2399,3956,1,80,80
5977,2399,3959,2,200,400
5978,2399,3957,2,100,200
5979,2400,4272,1,300,300
5980,2400,4266,1,350,350
5981,2401,2063,2,80,160
5982,2401,2062,3,300,900
5983,2401,2058,1,250,250
5984,2401,2064,3,100,300
5985,2402,4270,3,500,1500
5986,2402,4271,3,150,450
5987,2402,4266,3,350,1050
5988,2402,4269,3,200,600
5989,2403,1226,1,80,80
5990,2403,1225,1,500,500
5991,2404,4065,3,350,1050
5992,2404,4061,2,100,200
5993,2404,4066,1,220,220
5994,2404,4063,1,200,200
5995,2405,177,1,400,400
5996,2405,170,3,220,660
5997,2405,174,2,280,560
5998,2406,3184,3,80,240
5999,2406,3180,2,500,1000
6000,2407,328,1,500,500
6001,2407,323,2,500,1000
6002,2407,324,1,450,450
6003,2407,325,1,250,250
6004,2408,1084,3,400,1200
6005,2408,1092,3,220,660
6006,2409,3107,3,150,450
6007,2409,3113,1,200,200
6008,2410,410,3,100,300
6009,2410,412,3,180,540
6010,2410,404,1,100,100
6011,2411,2472,3,450,1350
6012,2411,2476,1,500,500
6013,2411,2475,2,220,440
6014,2411,2471,2,80,160
6015,2412,4130,2,250,500
6016,2413,3670,1,400,400
6017,2413,3662,3,80,240
6018,2413,3660,3,200,600
6019,2414,1152,2,200,400
6020,2414,1155,2,200,400
6021,2414,1154,3,100,300
6022,2414,1153,2,280,560
6023,2415,655,3,220,660
6024,2415,661,2,120,240
6025,2415,659,3,250,750
6026,2416,1037,2,300,600
6027,2417,2003,1,450,450
6028,2417,2011,1,350,350
6029,2417,2008,2,400,800
6030,2418,1610,1,80,80
6031,2418,1611,2,180,360
6032,2419,4203,1,150,150
6033,2420,2553,2,200,400
6034,2420,2555,2,100,200
6035,2420,2552,2,300,600
6036,2421,3221,1,500,500
6037,2421,3224,1,150,150
6038,2421,3216,3,180,540
6039,2422,1157,1,280,280
6040,2423,1156,2,300,600
6041,2424,544,1,80,80
6042,2424,543,1,500,500
6043,2424,547,1,120,120
6044,2425,1036,3,300,900
6045,2425,1037,1,300,300
6046,2425,1033,1,180,180
6047,2426,2674,2,120,240
6048,2426,2675,1,120,120
6049,2426,2676,3,220,660
6050,2427,3666,1,400,400
6051,2427,3671,1,80,80
6052,2427,3661,1,100,100
6053,2427,3670,2,400,800
6054,2428,1330,1,100,100
6055,2428,1331,3,220,660
6056,2428,1327,3,100,300
6057,2429,193,2,180,360
6058,2429,191,3,150,450
6059,2429,192,3,250,750
6060,2430,1810,3,180,540
6061,2430,1811,2,250,500
6062,2430,1804,2,180,360
6063,2431,96,3,220,660
6064,2431,102,3,180,540
6065,2432,3304,2,500,1000
6066,2432,3306,3,400,1200
6067,2432,3309,2,500,1000
6068,2433,2460,3,80,240
6069,2433,2456,3,220,660
6070,2433,2461,2,450,900
6071,2433,2455,1,500,500
6072,2434,829,1,280,280
6073,2435,3633,1,250,250
6074,2435,3632,2,100,200
6075,2436,1368,2,120,240
6076,2436,1362,3,400,1200
6077,2436,1363,3,500,1500
6078,2437,3754,1,180,180
6079,2438,1332,3,450,1350
6080,2438,1342,3,300,900
6081,2438,1334,3,180,540
6082,2439,1304,2,500,1000
6083,2440,2203,1,500,500
6084,2440,2205,3,500,1500
6085,2440,2202,2,250,500
6086,2440,2206,3,120,360
6087,2441,1596,2,220,440
6088,2441,1592,3,450,1350
6089,2442,851,1,400,400
6090,2442,846,3,300,900
6091,2442,845,2,500,1000
6092,2442,848,3,150,450
6093,2443,2416,1,220,220
6094,2443,2420,3,200,600
6095,2443,2415,1,80,80
6096,2443,2423,3,150,450
6097,2444,2984,3,450,1350
6098,2444,2981,1,150,150
6099,2445,2396,1,100,100
6100,2445,2393,1,350,350
6101,2446,3228,3,220,660
6102,2446,3226,2,180,360
6103,2447,2779,2,220,440
6104,2447,2775,3,450,1350
6105,2448,2675,1,120,120
6106,2448,2673,2,400,800
6107,2448,2674,1,120,120
6108,2449,2179,3,500,1500
6109,2449,2178,2,180,360
6110,2449,2174,3,350,1050
6111,2450,2524,1,280,280
6112,2451,621,3,280,840
6113,2451,618,1,220,220
6114,2452,336,3,180,540
6115,2452,333,3,450,1350
6116,2453,1305,3,280,840
6117,2453,1311,1,200,200
6118,2453,1310,2,250,500
6119,2454,803,1,100,100
6120,2454,800,3,120,360
6121,2454,802,1,80,80
6122,2454,799,3,450,1350
6123,2455,2046,2,100,200
6124,2455,2045,1,100,100
6125,2455,2044,1,200,200
6126,2455,2047,1,100,100
6127,2456,2745,3,280,840
6128,2456,2739,1,500,500
6129,2457,2158,3,450,1350
6130,2457,2161,1,80,80
6131,2458,3030,2,280,560
6132,2458,3028,1,150,150
6133,2458,3033,1,180,180
6134,2458,3031,2,80,160
6135,2459,2510,1,500,500
6136,2459,2517,3,220,660
6137,2459,2519,3,400,1200
6138,2459,2521,1,180,180
6139,2460,937,2,80,160
6140,2460,930,1,80,80
6141,2460,931,2,150,300
6142,2460,938,3,220,660
6143,2461,2447,3,250,750
6144,2462,3775,1,400,400
6145,2462,3774,1,300,300
6146,2463,594,2,280,560
6147,2463,598,3,450,1350
6148,2464,3368,2,450,900
6149,2464,3367,2,220,440
6150,2465,674,1,400,400
6151,2466,1069,2,150,300
6152,2466,1070,3,350,1050
6153,2466,1071,3,450,1350
6154,2467,3463,2,180,360
6155,2467,3460,3,280,840
6156,2468,3407,1,80,80
6157,2469,3827,2,200,400
6158,2470,1134,2,450,900
6159,2470,1128,2,220,440
6160,2471,2411,1,200,200
6161,2472,1983,1,220,220
6162,2472,1985,1,450,450
6163,2472,1987,1,80,80
6164,2472,1984,1,220,220
6165,2473,1117,2,250,500
6166,2473,1123,3,220,660
6167,2473,1119,2,450,900
6168,2474,1197,3,450,1350
6169,2474,1192,1,150,150
6170,2474,1193,2,220,440
6171,2474,1195,2,350,700
6172,2475,3039,1,250,250
6173,2475,3040,1,500,500
6174,2476,224,1,450,450
6175,2476,221,2,180,360
6176,2476,222,3,80,240
6177,2477,261,2,500,1000
6178,2478,1282,2,300,600
6179,2478,1286,2,500,1000
6180,2478,1278,2,400,800
6181,2479,1313,1,100,100
6182,2479,1307,2,350,700
6183,2479,1306,2,350,700
6184,2480,3869,2,500,1000
6185,2480,3870,1,150,150
6186,2480,3867,1,300,300
6187,2480,3871,2,250,500
6188,2481,631,2,180,360
6189,2482,1807,3,120,360
6190,2482,1811,2,250,500
6191,2482,1808,3,180,540
6192,2483,266,1,280,280
6193,2483,268,2,250,500
6194,2483,272,3,250,750
6195,2483,269,2,450,900
6196,2484,2592,1,200,200
6197,2485,4000,1,80,80
6198,2486,2815,2,280,560
6199,2486,2819,1,150,150
6200,2486,2820,3,220,660
6201,2486,2813,3,250,750
6202,2487,4212,1,120,120
6203,2487,4210,3,350,1050
6204,2488,4114,1,220,220
6205,2488,4117,1,220,220
6206,2488,4113,2,350,700
6207,2489,1290,3,280,840
6208,2489,1287,2,350,700
6209,2489,1293,3,200,600
6210,2489,1291,1,400,400
6211,2490,3817,1,200,200
6212,2490,3814,3,220,660
6213,2491,3892,1,500,500
6214,2491,3894,3,250,750
6215,2492,72,1,150,150
6216,2492,77,3,350,1050
6217,2492,79,2,500,1000
6218,2493,414,2,150,300
6219,2493,415,2,220,440
6220,2494,2125,1,400,400
6221,2494,2127,2,80,160
6222,2494,2129,1,180,180
6223,2494,2122,2,280,560
6224,2495,7,3,300,900
6225,2495,10,2,120,240
6226,2495,12,2,100,200
6227,2495,8,2,400,800
6228,2496,3065,3,250,750
6229,2496,3064,3,220,660
6230,2497,214,1,180,180
6231,2497,208,3,450,1350
6232,2497,216,1,400,400
6233,2497,218,1,100,100
6234,2498,3142,3,200,600
6235,2499,1977,3,450,1350
6236,2499,1980,2,280,560
6237,2500,4115,3,150,450
6238,2500,4110,2,100,200
6239,2500,4116,2,500,1000
6240,2500,4111,1,250,250
6241,2501,595,1,250,250
6242,2501,596,3,450,1350
6243,2502,3209,2,250,500
6244,2503,57,3,300,900
6245,2503,53,2,450,900
6246,2503,59,2,250,500
6247,2503,58,2,280,560
6248,2504,1078,3,80,240
6249,2504,1082,3,120,360
6250,2504,1077,2,180,360
6251,2504,1080,1,80,80
6252,2505,799,2,450,900
6253,2506,322,3,200,600
6254,2506,321,3,100,300
6255,2507,1405,1,180,180
6256,2507,1414,2,80,160
6257,2508,4101,3,120,360
6258,2508,4107,2,200,400
6259,2508,4103,3,80,240
6260,2509,47,2,100,200
6261,2509,37,3,300,900
6262,2509,45,1,80,80
6263,2509,40,2,300,600
6264,2510,3226,2,180,360
6265,2510,3230,3,280,840
6266,2511,404,3,100,300
6267,2512,3977,2,120,240
6268,2512,3972,2,180,360
6269,2513,156,1,250,250
6270,2513,157,3,400,1200
6271,2513,155,2,200,400
6272,2514,1089,3,80,240
6273,2515,2260,1,100,100
6274,2515,2254,2,250,500
6275,2515,2264,2,450,900
6276,2516,3986,2,450,900
6277,2517,4130,1,250,250
6278,2518,2133,3,450,1350
6279,2518,2135,3,150,450
6280,2518,2132,1,500,500
6281,2518,2131,2,350,700
6282,2519,1749,2,350,700
6283,2519,1746,1,450,450
6284,2519,1744,2,80,160
6285,2519,1745,3,350,1050
6286,2520,360,3,120,360
6287,2520,361,2,120,240
6288,2520,363,2,220,440
6289,2520,359,2,350,700
6290,2521,3081,1,250,250
6291,2522,524,2,220,440
6292,2522,520,1,300,300
6293,2522,525,2,350,700
6294,2523,1687,3,350,1050
6295,2524,883,2,450,900
6296,2525,1425,2,180,360
6297,2525,1416,1,80,80
6298,2526,2209,3,300,900
6299,2527,2351,1,300,300
6300,2527,2347,2,450,900
6301,2527,2354,2,280,560
6302,2528,2250,3,350,1050
6303,2528,2248,1,500,500
6304,2529,3944,3,120,360
6305,2529,3953,2,200,400
6306,2529,3950,3,350,1050
6307,2529,3946,3,350,1050
6308,2530,1719,2,220,440
6309,2530,1727,3,400,1200
6310,2531,2347,1,450,450
6311,2531,2350,3,350,1050
6312,2532,1988,2,300,600
6313,2533,3616,1,400,400
6314,2533,3610,2,280,560
6315,2533,3613,2,200,400
6316,2533,3609,1,80,80
6317,2534,4248,1,450,450
6318,2534,4254,3,450,1350
6319,2534,4256,2,500,1000
6320,2535,145,2,300,600
6321,2535,141,3,150,450
6322,2536,3397,1,400,400
6323,2536,3396,2,80,160
6324,2537,1710,3,180,540
6325,2537,1706,1,150,150
6326,2538,612,3,180,540
6327,2538,605,3,400,1200
6328,2538,607,2,180,360
6329,2538,606,2,80,160
6330,2539,64,1,150,150
6331,2540,3360,2,500,1000
6332,2540,3359,3,350,1050
6333,2540,3357,2,200,400
6334,2541,2995,3,400,1200
6335,2541,2999,2,300,600
6336,2541,2998,3,280,840
6337,2542,3282,3,200,600
6338,2542,3286,2,180,360
6339,2543,3822,2,180,360
6340,2543,3823,1,300,300
6341,2543,3821,3,220,660
6342,2543,3820,1,100,100
6343,2544,4091,3,200,600
6344,2544,4095,2,250,500
6345,2544,4098,3,200,600
6346,2545,870,2,400,800
6347,2545,864,2,180,360
6348,2546,1910,2,350,700
6349,2547,3362,1,150,150
6350,2547,3363,3,280,840
6351,2548,2561,3,150,450
6352,2549,4266,2,350,700
6353,2549,4269,1,200,200
6354,2549,4272,2,300,600
6355,2550,3435,1,220,220
6356,2550,3434,3,400,1200
6357,2550,3433,1,280,280
6358,2551,1148,2,80,160
6359,2551,1149,3,400,1200
6360,2551,1150,3,150,450
6361,2552,931,1,150,150
6362,2552,938,2,220,440
6363,2552,934,3,80,240
6364,2553,1350,2,500,1000
6365,2553,1345,1,100,100
6366,2553,1349,3,500,1500
6367,2553,1347,3,200,600
6368,2554,1737,1,400,400
6369,2555,1683,1,500,500
6370,2556,2457,1,80,80
6371,2556,2456,2,220,440
6372,2557,1319,3,180,540
6373,2557,1322,2,280,560
6374,2558,1856,3,220,660
6375,2558,1854,1,150,150
6376,2559,2034,1,250,250
6377,2559,2033,3,280,840
6378,2559,2037,1,300,300
6379,2560,1658,3,220,660
6380,2560,1655,2,250,500
6381,2560,1657,2,80,160
6382,2561,2246,2,350,700
6383,2561,2247,2,450,900
6384,2562,2215,3,200,600
6385,2562,2222,3,450,1350
6386,2562,2213,3,250,750
6387,2563,2217,3,80,240
6388,2563,2223,2,400,800
6389,2564,1522,3,100,300
6390,2564,1528,2,80,160
6391,2564,1523,3,80,240
6392,2565,288,3,500,1500
6393,2565,291,1,300,300
6394,2566,2764,1,350,350
6395,2566,2767,2,500,1000
6396,2567,1837,1,80,80
6397,2567,1841,2,120,240
6398,2568,1680,2,500,1000
6399,2568,1678,3,400,1200
6400,2569,1470,3,150,450
6401,2569,1468,1,350,350
6402,2569,1464,1,250,250
6403,2570,2483,3,200,600
6404,2571,3468,1,80,80
6405,2572,2548,1,280,280
6406,2572,2545,3,450,1350
6407,2573,2145,1,280,280
6408,2573,2146,2,200,400
6409,2573,2148,1,180,180
6410,2574,688,1,280,280
6411,2574,685,3,450,1350
6412,2575,3753,1,80,80
6413,2575,3754,3,180,540
6414,2575,3752,1,120,120
6415,2575,3751,1,220,220
6416,2576,3278,3,200,600
6417,2576,3276,2,120,240
6418,2577,1347,2,200,400
6419,2578,4172,3,250,750
6420,2578,4170,2,250,500
6421,2578,4171,2,450,900
6422,2578,4173,2,80,160
6423,2579,3952,2,500,1000
6424,2579,3953,1,200,200
6425,2580,3399,1,450,450
6426,2580,3398,2,180,360
6427,2580,3403,2,280,560
6428,2581,986,2,150,300
6429,2581,982,2,80,160
6430,2582,567,1,450,450
6431,2582,569,1,120,120
6432,2582,563,3,300,900
6433,2582,564,1,80,80
6434,2583,3860,3,300,900
6435,2583,3856,3,150,450
6436,2583,3859,1,250,250
6437,2584,90,1,250,250
6438,2585,263,1,80,80
6439,2585,254,2,80,160
6440,2585,256,2,120,240
6441,2586,86,1,280,280
6442,2587,2723,3,150,450
6443,2587,2722,1,100,100
6444,2587,2727,3,400,1200
6445,2587,2728,1,280,280
6446,2588,1794,2,300,600
6447,2588,1796,3,200,600
6448,2589,451,2,300,600
6449,2589,450,2,500,1000
6450,2590,642,2,280,560
6451,2591,3412,3,450,1350
6452,2592,2270,3,250,750
6453,2592,2269,1,250,250
6454,2593,2077,2,250,500
6455,2593,2080,2,450,900
6456,2594,2714,3,200,600
6457,2594,2720,2,100,200
6458,2594,2715,3,400,1200
6459,2595,2139,1,120,120
6460,2595,2141,2,120,240
6461,2596,1461,1,400,400
6462,2596,1460,3,280,840
6463,2596,1463,2,150,300
6464,2597,1488,3,280,840
6465,2597,1487,2,500,1000
6466,2597,1485,1,100,100
6467,2597,1484,1,450,450
6468,2598,3992,2,280,560
6469,2598,3997,2,450,900
6470,2599,9,2,250,500
6471,2599,7,3,300,900
6472,2599,12,3,100,300
6473,2600,3680,1,500,500
6474,2600,3681,2,500,1000
6475,2600,3672,2,80,160
6476,2600,3678,2,300,600
6477,2601,1020,2,80,160
6478,2602,12,1,100,100
6479,2602,11,2,180,360
6480,2602,13,2,80,160
6481,2603,3091,1,120,120
6482,2603,3093,1,80,80
6483,2604,3782,3,300,900
6484,2605,3944,2,120,240
6485,2606,1325,1,400,400
6486,2606,1328,3,220,660
6487,2606,1329,1,250,250
6488,2606,1327,3,100,300
6489,2607,2968,2,250,500
6490,2607,2966,2,450,900
6491,2607,2965,3,280,840
6492,2608,782,2,180,360
6493,2608,780,3,500,1500
6494,2608,783,1,300,300
6495,2609,3554,2,200,400
6496,2610,311,2,80,160
6497,2610,307,2,300,600
6498,2610,312,2,100,200
6499,2611,1737,1,400,400
6500,2612,246,2,100,200
6501,2612,248,2,150,300
6502,2612,244,1,80,80
6503,2613,799,3,450,1350
6504,2613,801,2,220,440
6505,2614,3728,2,120,240
6506,2614,3732,3,300,900
6507,2614,3733,2,80,160
6508,2614,3731,1,350,350
6509,2615,3485,1,150,150
6510,2615,3486,1,80,80
6511,2616,1702,2,100,200
6512,2616,1697,1,300,300
6513,2617,3551,3,250,750
6514,2617,3553,2,220,440
6515,2618,760,2,350,700
6516,2618,757,2,300,600
6517,2618,758,1,220,220
6518,2618,756,3,280,840
6519,2619,455,1,150,150
6520,2619,462,1,120,120
6521,2619,461,2,100,200
6522,2619,456,2,120,240
6523,2620,2034,3,250,750
6524,2620,2039,3,200,600
6525,2621,804,1,180,180
6526,2621,802,1,80,80
6527,2621,799,3,450,1350
6528,2621,801,1,220,220
6529,2622,606,1,80,80
6530,2622,604,2,120,240
6531,2622,612,2,180,360
6532,2623,1700,1,100,100
6533,2624,2343,2,150,300
6534,2624,2342,2,250,500
6535,2624,2346,2,220,440
6536,2625,2810,1,400,400
6537,2625,2807,3,220,660
6538,2625,2808,1,400,400
6539,2625,2809,2,450,900
6540,2626,282,3,80,240
6541,2626,283,2,450,900
6542,2626,277,3,280,840
6543,2626,278,1,250,250
6544,2627,2068,2,120,240
6545,2627,2074,1,80,80
6546,2628,1003,1,300,300
6547,2628,999,1,400,400
6548,2628,1002,3,500,1500
6549,2629,2010,1,80,80
6550,2630,3755,3,100,300
6551,2630,3754,3,180,540
6552,2630,3756,2,400,800
6553,2630,3749,2,280,560
6554,2631,2559,3,200,600
6555,2631,2558,1,450,450
6556,2632,2234,2,280,560
6557,2633,1060,3,450,1350
6558,2633,1053,3,80,240
6559,2634,3607,1,500,500
6560,2634,3603,1,450,450
6561,2634,3604,1,450,450
6562,2635,1913,3,250,750
6563,2635,1910,3,350,1050
6564,2635,1912,2,280,560
6565,2636,2918,2,400,800
6566,2637,1840,3,100,300
6567,2637,1837,3,80,240
6568,2637,1844,3,300,900
6569,2638,3145,1,220,220
6570,2638,3153,1,150,150
6571,2639,1260,3,200,600
6572,2640,1186,2,350,700
6573,2640,1182,2,450,900
6574,2640,1190,2,400,800
6575,2640,1185,1,120,120
6576,2641,4294,1,180,180
6577,2641,4295,1,200,200
6578,2641,4292,3,80,240
6579,2642,4269,3,200,600
6580,2642,4270,3,500,1500
6581,2643,4008,1,180,180
6582,2643,4010,3,250,750
6583,2643,4007,1,220,220
6584,2644,2181,3,500,1500
6585,2644,2182,1,280,280
6586,2645,2406,1,250,250
6587,2645,2398,1,100,100
6588,2646,3476,2,80,160
6589,2646,3479,2,200,400
6590,2647,3053,3,400,1200
6591,2648,2554,2,180,360
6592,2649,813,1,300,300
6593,2649,814,2,350,700
6594,2650,2929,1,180,180
6595,2650,2937,3,200,600
6596,2651,3900,2,120,240
6597,2651,3906,3,220,660
6598,2651,3895,2,450,900
6599,2652,310,3,150,450
6600,2653,1329,2,250,500
6601,2654,4024,3,80,240
6602,2654,4032,2,500,1000
6603,2654,4031,2,100,200
6604,2655,3971,2,280,560
6605,2655,3979,1,350,350
6606,2656,3082,3,250,750
6607,2656,3078,2,250,500
6608,2656,3083,1,450,450
6609,2656,3080,2,250,500
6610,2657,2749,3,220,660
6611,2657,2747,3,150,450
6612,2657,2746,3,150,450
6613,2658,1491,1,300,300
6614,2658,1492,2,450,900
6615,2658,1493,1,220,220
6616,2658,1494,2,200,400
6617,2659,4274,2,220,440
6618,2660,3892,2,500,1000
6619,2660,3894,3,250,750
6620,2661,2313,3,280,840
6621,2661,2311,3,100,300
6622,2661,2309,1,350,350
6623,2662,2923,3,350,1050
6624,2663,2867,1,200,200
6625,2663,2875,1,120,120
6626,2663,2868,3,280,840
6627,2663,2869,2,500,1000
6628,2664,2008,1,400,400
6629,2664,2004,3,400,1200
6630,2664,2007,2,500,1000
6631,2665,649,1,200,200
6632,2665,650,1,400,400
6633,2665,645,2,250,500
6634,2666,646,2,400,800
6635,2666,648,3,80,240
6636,2666,650,1,400,400
6637,2666,647,1,300,300
6638,2667,1306,3,350,1050
6639,2667,1312,3,120,360
6640,2667,1313,2,100,200
6641,2667,1308,2,180,360
6642,2668,1172,2,500,1000
6643,2668,1177,2,250,500
6644,2668,1173,3,120,360
6645,2669,64,1,150,150
6646,2669,62,3,80,240
6647,2669,69,3,450,1350
6648,2669,61,1,350,350
6649,2670,111,1,80,80
6650,2671,1315,3,400,1200
6651,2672,2876,1,400,400
6652,2672,2881,1,450,450
6653,2673,3164,1,100,100
6654,2673,3159,2,500,1000
6655,2673,3165,3,400,1200
6656,2674,4014,3,300,900
6657,2674,4017,2,300,600
6658,2675,2720,2,100,200
6659,2675,2714,1,200,200
6660,2675,2711,3,150,450
6661,2675,2717,2,220,440
6662,2676,538,2,120,240
6663,2677,4173,3,80,240
6664,2678,2522,2,400,800
6665,2678,2527,3,200,600
6666,2678,2528,3,350,1050
6667,2679,2289,3,350,1050
6668,2679,2290,2,120,240
6669,2679,2291,3,200,600
6670,2680,1036,1,300,300
6671,2680,1034,1,150,150
6672,2680,1033,2,180,360
6673,2680,1037,2,300,600
6674,2681,1374,2,280,560
6675,2682,1139,1,400,400
6676,2682,1142,1,150,150
6677,2682,1140,3,250,750
6678,2682,1143,3,300,900
6679,2683,1321,3,300,900
6680,2684,4174,2,180,360
6681,2684,4171,1,450,450
6682,2684,4173,3,80,240
6683,2685,3820,2,100,200
6684,2686,3185,1,200,200
6685,2686,3180,2,500,1000
6686,2686,3181,2,450,900
6687,2686,3187,1,450,450
6688,2687,2747,3,150,450
6689,2687,2746,3,150,450
6690,2688,818,3,150,450
6691,2688,822,1,300,300
6692,2688,819,1,500,500
6693,2688,820,1,80,80
6694,2689,1994,1,100,100
6695,2689,1990,1,450,450
6696,2689,1993,3,200,600
6697,2690,4155,3,120,360
6698,2691,586,1,100,100
6699,2691,588,2,180,360
6700,2692,2733,1,300,300
6701,2692,2730,3,200,600
6702,2692,2737,1,500,500
6703,2692,2736,2,350,700
6704,2693,2270,1,250,250
6705,2693,2272,3,250,750
6706,2694,154,2,300,600
6707,2695,4251,1,250,250
6708,2695,4254,2,450,900
6709,2695,4248,3,450,1350
6710,2695,4253,2,280,560
6711,2696,385,2,250,500
6712,2696,384,1,280,280
6713,2697,3355,1,100,100
6714,2698,3944,2,120,240
6715,2698,3947,2,300,600
6716,2698,3945,3,100,300
6717,2698,3949,1,180,180
6718,2699,1637,1,280,280
6719,2699,1636,3,150,450
6720,2699,1641,1,180,180
6721,2700,1003,1,300,300
6722,2701,2684,2,250,500
6723,2702,3481,3,200,600
6724,2702,3474,3,180,540
6725,2703,2566,1,200,200
6726,2703,2567,3,200,600
6727,2703,2557,3,400,1200
6728,2703,2563,1,200,200
6729,2704,384,3,280,840
6730,2704,392,3,250,750
6731,2705,2474,2,100,200
6732,2705,2473,1,450,450
6733,2706,2589,2,400,800
6734,2706,2587,1,280,280
6735,2707,359,1,350,350
6736,2707,358,2,450,900
6737,2707,362,2,80,160
6738,2707,361,3,120,360
6739,2708,4085,2,280,560
6740,2708,4081,3,120,360
6741,2708,4087,2,500,1000
6742,2708,4082,2,400,800
6743,2709,1971,3,400,1200
6744,2709,1975,2,400,800
6745,2709,1968,2,180,360
6746,2710,2506,1,150,150
6747,2710,2502,2,500,1000
6748,2711,3174,1,150,150
6749,2711,3169,1,300,300
6750,2711,3171,3,500,1500
6751,2712,3515,3,500,1500
6752,2713,1427,3,280,840
6753,2714,3605,3,450,1350
6754,2714,3607,2,500,1000
6755,2714,3606,1,280,280
6756,2715,415,2,220,440
6757,2715,418,1,80,80
6758,2715,414,3,150,450
6759,2716,3343,1,200,200
6760,2716,3345,1,250,250
6761,2717,2230,3,180,540
6762,2717,2235,3,150,450
6763,2717,2231,3,350,1050
6764,2717,2232,3,350,1050
6765,2718,4116,2,500,1000
6766,2718,4112,2,200,400
6767,2718,4110,3,100,300
6768,2718,4114,3,220,660
6769,2719,478,2,300,600
6770,2719,479,3,250,750
6771,2719,476,1,450,450
6772,2720,415,3,220,660
6773,2720,418,2,80,160
6774,2721,119,3,220,660
6775,2721,121,2,220,440
6776,2722,2697,2,200,400
6777,2722,2701,2,80,160
6778,2722,2700,1,80,80
6779,2722,2702,3,280,840
6780,2723,321,3,100,300
6781,2724,1130,2,200,400
6782,2725,2311,3,100,300
6783,2725,2310,2,300,600
6784,2726,1617,1,500,500
6785,2726,1616,3,450,1350
6786,2726,1614,3,450,1350
6787,2726,1615,3,120,360
6788,2727,2447,1,250,250
6789,2727,2450,3,300,900
6790,2727,2453,3,250,750
6791,2728,1183,1,400,400
6792,2728,1181,3,500,1500
6793,2728,1179,1,150,150
6794,2728,1188,3,80,240
6795,2729,2908,3,80,240
6796,2729,2906,1,200,200
6797,2729,2907,3,400,1200
6798,2729,2901,3,250,750
6799,2730,798,1,300,300
6800,2730,795,3,100,300
6801,2730,796,1,180,180
6802,2731,439,1,200,200
6803,2732,1960,3,300,900
6804,2732,1957,2,250,500
6805,2732,1959,2,100,200
6806,2733,1742,1,100,100
6807,2733,1738,2,200,400
6808,2733,1739,2,200,400
6809,2733,1743,2,80,160
6810,2734,729,2,450,900
6811,2735,162,1,450,450
6812,2735,165,1,350,350
6813,2735,166,2,100,200
6814,2736,1040,3,150,450
6815,2737,1948,3,80,240
6816,2738,356,1,280,280
6817,2738,357,1,400,400
6818,2739,1980,3,280,840
6819,2739,1977,3,450,1350
6820,2740,4164,3,300,900
6821,2741,4226,1,400,400
6822,2741,4222,2,280,560
6823,2741,4228,1,80,80
6824,2741,4220,1,400,400
6825,2742,1146,3,400,1200
6826,2742,1145,1,80,80
6827,2742,1147,2,280,560
6828,2742,1149,3,400,1200
6829,2743,2265,3,300,900
6830,2743,2264,3,450,1350
6831,2743,2263,2,100,200
6832,2743,2255,2,250,500
6833,2744,3448,3,180,540
6834,2744,3442,3,350,1050
6835,2745,3030,2,280,560
6836,2745,3028,3,150,450
6837,2745,3031,3,80,240
6838,2745,3032,2,100,200
6839,2746,1118,3,200,600
6840,2747,1791,2,400,800
6841,2748,3501,1,300,300
6842,2748,3495,1,250,250
6843,2749,2808,1,400,400
6844,2749,2810,3,400,1200
6845,2750,2569,2,500,1000
6846,2750,2575,1,300,300
6847,2750,2571,2,80,160
6848,2750,2570,3,180,540
6849,2751,843,3,200,600
6850,2751,837,1,500,500
6851,2751,840,3,250,750
6852,2752,3995,2,350,700
6853,2752,3996,1,400,400
6854,2752,3993,1,80,80
6855,2753,4099,3,400,1200
6856,2753,4093,2,350,700
6857,2753,4100,1,150,150
6858,2753,4098,2,200,400
6859,2754,194,1,200,200
6860,2755,2744,1,500,500
6861,2755,2743,2,200,400
6862,2755,2745,1,280,280
6863,2755,2741,3,220,660
6864,2756,376,2,450,900
6865,2756,372,3,280,840
6866,2756,381,2,250,500
6867,2757,3637,2,120,240
6868,2757,3630,2,180,360
6869,2757,3635,2,80,160
6870,2757,3634,3,220,660
6871,2758,3745,3,80,240
6872,2759,1385,3,300,900
6873,2759,1381,3,80,240
6874,2760,1162,1,450,450
6875,2760,1153,1,280,280
6876,2761,3580,2,450,900
6877,2761,3584,1,220,220
6878,2762,2548,3,280,840
6879,2762,2550,3,180,540
6880,2763,4138,1,150,150
6881,2764,686,2,350,700
6882,2764,684,1,450,450
6883,2764,688,3,280,840
6884,2765,2793,1,500,500
6885,2766,3688,3,220,660
6886,2766,3685,2,180,360
6887,2766,3687,1,100,100
6888,2766,3686,2,180,360
6889,2767,1432,1,350,350
6890,2767,1431,1,200,200
6891,2767,1429,2,120,240
6892,2767,1430,3,400,1200
6893,2768,154,2,300,600
6894,2768,152,3,120,360
6895,2768,146,2,100,200
6896,2769,241,2,100,200
6897,2769,239,3,180,540
6898,2770,2683,3,350,1050
6899,2771,3334,2,200,400
6900,2771,3333,3,350,1050
6901,2772,4038,2,500,1000
6902,2772,4033,1,220,220
6903,2772,4040,1,80,80
6904,2772,4036,2,120,240
6905,2773,491,1,400,400
6906,2773,492,1,100,100
6907,2773,496,3,500,1500
6908,2773,494,2,400,800
6909,2774,864,1,180,180
6910,2774,863,2,220,440
6911,2774,862,2,180,360
6912,2775,296,2,400,800
6913,2776,1018,2,150,300
6914,2777,2572,1,100,100
6915,2777,2570,3,180,540
6916,2777,2568,1,350,350
6917,2778,1361,3,200,600
6918,2778,1367,3,250,750
6919,2778,1368,3,120,360
6920,2779,1661,1,350,350
6921,2779,1667,3,180,540
6922,2779,1665,1,300,300
6923,2780,3697,3,280,840
6924,2780,3695,1,120,120
6925,2781,1114,3,300,900
6926,2782,807,3,150,450
6927,2782,808,3,100,300
6928,2782,810,3,200,600
6929,2783,2979,3,280,840
6930,2783,2972,1,350,350
6931,2784,1036,1,300,300
6932,2785,3574,1,350,350
6933,2785,3575,3,350,1050
6934,2786,1710,1,180,180
6935,2787,2536,1,500,500
6936,2788,3637,2,120,240
6937,2788,3634,1,220,220
6938,2788,3633,1,250,250
6939,2788,3631,1,180,180
6940,2789,3388,2,220,440
6941,2789,3392,3,150,450
6942,2789,3390,2,80,160
6943,2790,2033,2,280,560
6944,2790,2039,1,200,200
6945,2791,3728,3,120,360
6946,2791,3731,1,350,350
6947,2792,1072,2,220,440
6948,2793,2636,1,400,400
6949,2793,2641,1,120,120
6950,2793,2639,3,500,1500
6951,2794,3544,3,220,660
6952,2795,1592,2,450,900
6953,2796,4021,1,200,200
6954,2797,1138,2,500,1000
6955,2797,1144,3,450,1350
6956,2797,1143,2,300,600
6957,2797,1141,2,150,300
6958,2798,2379,1,400,400
6959,2799,1665,1,300,300
6960,2799,1663,2,150,300
6961,2799,1661,3,350,1050
6962,2800,3242,3,400,1200
6963,2800,3247,2,500,1000
6964,2800,3245,3,400,1200
6965,2800,3246,3,220,660
6966,2801,2680,1,500,500
6967,2801,2679,1,350,350
6968,2801,2682,2,280,560
6969,2801,2678,1,220,220
6970,2802,1721,3,100,300
6971,2802,1727,1,400,400
6972,2802,1716,2,220,440
6973,2803,3355,2,100,200
6974,2803,3363,2,280,560
6975,2803,3358,1,80,80
6976,2804,583,3,180,540
6977,2804,579,3,80,240
6978,2805,345,1,100,100
6979,2805,343,3,80,240
6980,2805,342,2,250,500
6981,2806,3369,2,150,300
6982,2806,3367,3,220,660
6983,2807,3463,1,180,180
6984,2807,3460,1,280,280
6985,2808,578,3,250,750
6986,2808,575,2,180,360
6987,2808,571,1,280,280
6988,2809,2888,3,100,300
6989,2809,2890,3,200,600
6990,2809,2897,1,250,250
6991,2810,9,3,250,750
6992,2810,10,3,120,360
6993,2810,7,3,300,900
6994,2811,2620,1,100,100
6995,2811,2619,3,100,300
6996,2811,2622,2,280,560
6997,2811,2618,3,250,750
6998,2812,3273,2,500,1000
6999,2812,3272,1,180,180
7000,2813,3108,3,100,300
7001,2813,3111,2,180,360
7002,2814,4005,2,180,360
7003,2815,801,3,220,660
7004,2815,800,1,120,120
7005,2816,1649,2,300,600
7006,2816,1644,3,400,1200
7007,2817,2487,2,350,700
7008,2817,2481,3,150,450
7009,2817,2486,3,200,600
7010,2817,2485,2,80,160
7011,2818,3052,2,180,360
7012,2819,3681,3,500,1500
7013,2820,129,3,250,750
7014,2820,125,3,220,660
7015,2820,124,1,400,400
7016,2821,3563,1,100,100
7017,2821,3569,1,500,500
7018,2821,3568,1,350,350
7019,2821,3567,2,280,560
7020,2822,122,1,500,500
7021,2823,1884,2,300,600
7022,2824,770,2,100,200
7023,2824,772,3,250,750
7024,2824,768,2,500,1000
7025,2824,771,3,500,1500
7026,2825,3922,3,450,1350
7027,2825,3919,2,150,300
7028,2825,3918,2,280,560
7029,2826,3988,1,220,220
7030,2826,3985,3,400,1200
7031,2826,3987,2,280,560
7032,2827,436,3,350,1050
7033,2828,1035,3,250,750
7034,2828,1034,1,150,150
7035,2829,3329,3,350,1050
7036,2829,3325,2,500,1000
7037,2829,3328,2,450,900
7038,2829,3326,1,280,280
7039,2830,776,1,180,180
7040,2830,781,3,120,360
7041,2830,785,2,220,440
7042,2831,1360,3,400,1200
7043,2831,1361,3,200,600
7044,2831,1363,2,500,1000
7045,2832,2886,2,300,600
7046,2832,2887,1,80,80
7047,2832,2883,2,180,360
7048,2833,2704,2,250,500
7049,2834,463,2,450,900
7050,2835,1102,2,220,440
7051,2835,1097,3,250,750
7052,2836,1463,1,150,150
7053,2836,1470,2,150,300
7054,2836,1460,2,280,560
7055,2836,1468,1,350,350
7056,2837,3332,2,200,400
7057,2837,3337,2,120,240
7058,2837,3331,3,220,660
7059,2837,3334,1,200,200
7060,2838,3744,1,280,280
7061,2838,3745,2,80,160
7062,2838,3746,3,200,600
7063,2838,3748,1,450,450
7064,2839,3970,2,450,900
7065,2839,3963,2,400,800
7066,2840,1212,3,150,450
7067,2840,1210,1,220,220
7068,2841,2603,1,100,100
7069,2841,2600,2,120,240
7070,2842,1411,1,200,200
7071,2842,1408,2,80,160
7072,2843,270,2,300,600
7073,2844,2012,2,300,600
7074,2844,2015,1,400,400
7075,2844,2016,3,120,360
7076,2844,2013,3,120,360
7077,2845,2535,1,80,80
7078,2845,2539,2,300,600
7079,2846,3158,1,120,120
7080,2846,3156,1,300,300
7081,2847,2785,3,300,900
7082,2847,2783,1,250,250
7083,2847,2782,3,450,1350
7084,2847,2788,1,180,180
7085,2848,3268,3,180,540
7086,2848,3272,2,180,360
7087,2848,3273,3,500,1500
7088,2849,240,3,350,1050
7089,2849,242,1,150,150
7090,2849,243,2,100,200
7091,2849,239,1,180,180
7092,2850,3155,1,150,150
7093,2851,4068,3,180,540
7094,2852,1548,3,180,540
7095,2852,1540,3,450,1350
7096,2852,1549,3,100,300
7097,2853,4181,1,150,150
7098,2853,4180,2,450,900
7099,2854,246,2,100,200
7100,2854,247,1,80,80
7101,2854,248,3,150,450
7102,2854,244,2,80,160
7103,2855,163,3,280,840
7104,2856,2943,1,120,120
7105,2856,2946,2,100,200
7106,2856,2947,2,280,560
7107,2857,1201,1,250,250
7108,2857,1202,3,150,450
7109,2857,1205,1,120,120
7110,2858,1673,3,280,840
7111,2858,1672,1,150,150
7112,2858,1675,3,180,540
7113,2859,2318,3,280,840
7114,2860,3964,1,220,220
7115,2860,3967,1,500,500
7116,2860,3969,3,450,1350
7117,2860,3970,3,450,1350
7118,2861,2058,1,250,250
7119,2862,3399,2,450,900
7120,2863,2575,2,300,600
7121,2863,2568,2,350,700
7122,2863,2573,1,400,400
7123,2864,4078,1,500,500
7124,2864,4074,2,500,1000
7125,2864,4075,3,100,300
7126,2865,4060,2,200,400
7127,2865,4064,2,100,200
7128,2866,2526,2,150,300
7129,2866,2528,2,350,700
7130,2866,2525,1,350,350
7131,2866,2529,3,100,300
7132,2867,1700,3,100,300
7133,2867,1699,2,80,160
7134,2867,1698,2,500,1000
7135,2868,236,1,180,180
7136,2868,231,3,400,1200
7137,2869,2905,3,250,750
7138,2869,2901,2,250,500
7139,2869,2908,1,80,80
7140,2870,2881,1,450,450
7141,2871,3594,1,350,350
7142,2871,3599,1,300,300
7143,2871,3601,2,120,240
7144,2872,2409,1,180,180
7145,2873,1144,3,450,1350
7146,2873,1141,3,150,450
7147,2873,1138,2,500,1000
7148,2874,4058,3,100,300
7149,2875,3950,1,350,350
7150,2875,3949,3,180,540
7151,2875,3947,2,300,600
7152,2875,3953,3,200,600
7153,2876,820,1,80,80
7154,2876,822,1,300,300
7155,2877,897,3,180,540
7156,2877,892,3,400,1200
7157,2877,895,2,80,160
7158,2878,316,1,220,220
7159,2879,2507,2,400,800
7160,2879,2501,1,450,450
7161,2879,2500,2,300,600
7162,2879,2506,3,150,450
7163,2880,2464,2,220,440
7164,2880,2470,1,300,300
7165,2880,2462,2,220,440
7166,2881,1018,1,150,150
7167,2881,1016,3,400,1200
7168,2881,1015,3,150,450
7169,2882,3408,3,150,450
7170,2882,3406,2,120,240
7171,2883,1827,3,120,360
7172,2883,1829,3,450,1350
7173,2883,1836,3,400,1200
7174,2884,122,3,500,1500
7175,2884,120,3,80,240
7176,2884,119,3,220,660
7177,2885,4115,1,150,150
7178,2886,2973,2,400,800
7179,2886,2970,2,200,400
7180,2886,2972,3,350,1050
7181,2886,2971,1,250,250
7182,2887,1070,3,350,1050
7183,2888,4011,2,250,500
7184,2888,4010,2,250,500
7185,2888,4008,3,180,540
7186,2889,2610,1,80,80
7187,2889,2612,1,180,180
7188,2889,2611,3,200,600
7189,2890,3536,2,450,900
7190,2891,929,3,400,1200
7191,2891,935,1,200,200
7192,2892,3445,3,180,540
7193,2893,1261,1,100,100
7194,2893,1263,3,180,540
7195,2893,1268,3,150,450
7196,2893,1267,3,500,1500
7197,2894,543,1,500,500
7198,2894,544,3,80,240
7199,2894,545,1,280,280
7200,2895,192,3,250,750
7201,2896,4129,2,180,360
7202,2896,4130,3,250,750
7203,2897,2974,2,350,700
7204,2898,1270,1,100,100
7205,2898,1269,1,280,280
7206,2899,195,3,100,300
7207,2899,191,1,150,150
7208,2900,3091,3,120,360
7209,2900,3086,3,120,360
7210,2901,3066,2,180,360
7211,2902,187,1,150,150
7212,2902,190,3,200,600
7213,2902,186,3,250,750
7214,2902,188,1,220,220
7215,2903,311,3,80,240
7216,2903,307,1,300,300
7217,2903,313,1,300,300
7218,2904,2364,2,350,700
7219,2904,2359,1,450,450
7220,2904,2357,3,300,900
7221,2904,2361,1,450,450
7222,2905,3246,1,220,220
7223,2905,3242,2,400,800
7224,2905,3244,2,300,600
7225,2906,2044,1,200,200
7226,2906,2047,2,100,200
7227,2907,3869,2,500,1000
7228,2907,3872,3,120,360
7229,2908,451,2,300,600
7230,2908,450,1,500,500
7231,2909,4163,2,100,200
7232,2909,4161,2,450,900
7233,2909,4162,3,220,660
7234,2909,4165,2,100,200
7235,2910,1172,3,500,1500
7236,2910,1177,2,250,500
7237,2910,1174,2,150,300
7238,2910,1175,1,300,300
7239,2911,1497,2,300,600
7240,2911,1501,3,220,660
7241,2911,1499,3,400,1200
7242,2912,2133,1,450,450
7243,2913,886,1,350,350
7244,2913,889,1,280,280
7245,2914,168,3,120,360
7246,2914,177,3,400,1200
7247,2915,546,1,200,200
7248,2915,545,2,280,560
7249,2916,2112,1,120,120
7250,2916,2118,3,250,750
7251,2916,2111,3,220,660
7252,2916,2117,1,400,400
7253,2917,2861,2,100,200
7254,2918,784,3,120,360
7255,2918,783,3,300,900
7256,2919,4306,1,250,250
7257,2919,4307,2,100,200
7258,2920,3169,3,300,900
7259,2920,3177,2,500,1000
7260,2921,3033,1,180,180
7261,2922,2997,3,150,450
7262,2922,3000,3,250,750
7263,2922,2999,3,300,900
7264,2922,2996,3,280,840
7265,2923,1000,1,450,450
7266,2923,1002,1,500,500
7267,2924,39,2,250,500
7268,2925,3352,3,100,300
7269,2925,3348,2,100,200
7270,2926,2615,1,450,450
7271,2926,2609,3,500,1500
7272,2926,2605,2,250,500
7273,2927,2133,2,450,900
7274,2927,2134,1,300,300
7275,2927,2131,2,350,700
7276,2927,2132,3,500,1500
7277,2928,3700,1,100,100
7278,2929,1642,2,500,1000
7279,2929,1640,1,500,500
7280,2929,1643,3,300,900
7281,2930,502,3,200,600
7282,2930,500,1,300,300
7283,2930,505,1,400,400
7284,2931,1009,2,500,1000
7285,2931,1004,3,350,1050
7286,2931,1013,1,450,450
7287,2931,1014,2,300,600
7288,2932,2646,3,120,360
7289,2933,3583,1,100,100
7290,2933,3581,2,280,560
7291,2934,2856,1,300,300
7292,2934,2849,2,250,500
7293,2935,442,2,80,160
7294,2935,448,3,500,1500
7295,2935,440,3,300,900
7296,2936,327,2,250,500
7297,2936,324,1,450,450
7298,2937,127,2,180,360
7299,2937,125,2,220,440
7300,2937,126,2,280,560
7301,2938,3040,1,500,500
7302,2938,3042,3,180,540
7303,2938,3044,3,350,1050
7304,2939,3035,3,450,1350
7305,2939,3037,2,250,500
7306,2940,406,1,150,150
7307,2941,2557,3,400,1200
7308,2941,2561,3,150,450
7309,2941,2566,1,200,200
7310,2942,3641,3,80,240
7311,2943,58,2,280,560
7312,2944,1903,1,100,100
7313,2944,1900,1,450,450
7314,2944,1898,3,500,1500
7315,2945,3652,3,200,600
7316,2945,3649,1,100,100
7317,2946,2025,3,80,240
7318,2947,974,3,220,660
7319,2948,2246,1,350,350
7320,2948,2244,1,120,120
7321,2949,2840,3,180,540
7322,2949,2831,3,280,840
7323,2949,2833,1,180,180
7324,2950,2703,3,500,1500
7325,2951,1298,1,280,280
7326,2952,3327,1,80,80
7327,2952,3326,1,280,280
7328,2953,3698,3,300,900
7329,2953,3694,2,220,440
7330,2954,3751,1,220,220
7331,2954,3755,1,100,100
7332,2954,3752,3,120,360
7333,2954,3749,3,280,840
7334,2955,3894,2,250,500
7335,2956,2215,1,200,200
7336,2957,3943,1,80,80
7337,2957,3933,1,220,220
7338,2957,3938,1,80,80
7339,2958,3615,2,450,900
7340,2958,3611,2,250,500
7341,2958,3613,2,200,400
7342,2959,3216,2,180,360
7343,2960,2899,1,280,280
7344,2960,2894,2,220,440
7345,2961,1580,1,200,200
7346,2962,2641,1,120,120
7347,2962,2638,3,500,1500
7348,2963,2645,3,100,300
7349,2963,2651,2,150,300
7350,2963,2652,1,200,200
7351,2963,2647,1,150,150
7352,2964,1963,3,220,660
7353,2964,1959,3,100,300
7354,2964,1961,2,250,500
7355,2964,1960,2,300,600
7356,2965,2362,1,100,100
7357,2965,2361,1,450,450
7358,2966,3557,2,80,160
7359,2966,3559,2,450,900
7360,2967,3467,3,250,750
7361,2967,3472,3,80,240
7362,2967,3471,3,300,900
7363,2968,3869,3,500,1500
7364,2969,4043,2,400,800
7365,2970,2675,2,120,240
7366,2971,1653,1,80,80
7367,2972,1105,2,450,900
7368,2973,4045,3,150,450
7369,2973,4042,2,80,160
7370,2973,4043,1,400,400
7371,2974,3159,1,500,500
7372,2975,3559,3,450,1350
7373,2975,3561,1,100,100
7374,2975,3557,3,80,240
7375,2975,3555,1,300,300
7376,2976,1034,1,150,150
7377,2977,162,2,450,900
7378,2977,165,2,350,700
7379,2977,163,3,280,840
7380,2977,160,1,180,180
7381,2978,2713,2,400,800
7382,2978,2711,1,150,150
7383,2978,2717,1,220,220
7384,2979,932,3,120,360
7385,2980,2824,1,250,250
7386,2980,2828,1,180,180
7387,2980,2827,2,300,600
7388,2981,1835,3,250,750
7389,2981,1832,2,350,700
7390,2981,1836,2,400,800
7391,2981,1829,1,450,450
7392,2982,2101,1,250,250
7393,2982,2096,3,150,450
7394,2982,2102,3,280,840
7395,2983,3644,3,150,450
7396,2984,3469,3,150,450
7397,2984,3466,2,450,900
7398,2985,3374,3,180,540
7399,2985,3382,2,80,160
7400,2985,3373,1,100,100
7401,2986,195,1,100,100
7402,2986,193,1,180,180
7403,2987,2020,1,250,250
7404,2987,2021,2,250,500
7405,2987,2024,2,500,1000
7406,2988,3227,1,500,500
7407,2988,3225,1,180,180
7408,2988,3229,1,80,80
7409,2988,3226,3,180,540
7410,2989,1884,2,300,600
7411,2989,1877,3,500,1500
7412,2990,1036,3,300,900
7413,2990,1037,1,300,300
7414,2990,1032,3,280,840
7415,2990,1035,2,250,500
7416,2991,1867,2,250,500
7417,2991,1860,1,280,280
7418,2992,1633,1,120,120
7419,2993,3378,3,350,1050
7420,2993,3382,1,80,80
7421,2993,3374,3,180,540
7422,2993,3373,1,100,100
7423,2994,2882,2,400,800
7424,2994,2887,3,80,240
7425,2994,2883,3,180,540
7426,2995,2973,2,400,800
7427,2995,2971,3,250,750
7428,2996,1871,2,100,200
7429,2996,1868,1,300,300
7430,2996,1875,3,300,900
7431,2997,4286,2,80,160
7432,2998,3945,2,100,200
7433,2998,3951,3,350,1050
7434,2998,3948,1,200,200
7435,2999,2174,3,350,1050
7436,2999,2171,3,500,1500
7437,2999,2176,1,180,180
7438,2999,2172,2,350,700
7439,3000,535,2,220,440
7440,3000,537,3,220,660
7441,3001,1898,2,500,1000
7442,3001,1906,1,120,120
7443,3002,3971,1,280,280
7444,3002,3973,3,300,900
7445,3002,3979,1,350,350
7446,3002,3975,3,150,450
7447,3003,2554,3,180,540
7448,3003,2553,1,200,200
7449,3003,2555,1,100,100
7450,3004,2245,2,450,900
7451,3005,4167,1,250,250
7452,3006,3101,3,200,600
7453,3006,3097,1,220,220
7454,3006,3096,1,350,350
7455,3007,2312,2,120,240
7456,3007,2311,3,100,300
7457,3007,2309,3,350,1050
7458,3007,2313,3,280,840
7459,3008,4043,2,400,800
7460,3008,4045,1,150,150
7461,3008,4046,1,80,80
7462,3008,4044,2,250,500
7463,3009,2426,1,100,100
7464,3009,2430,2,500,1000
7465,3009,2434,2,180,360
7466,3009,2431,3,450,1350
7467,3010,4181,3,150,450
7468,3010,4182,3,350,1050
7469,3010,4176,3,400,1200
7470,3010,4175,1,450,450
7471,3011,2523,3,150,450
7472,3012,3539,3,100,300
7473,3012,3545,2,220,440
7474,3013,3365,3,150,450
7475,3014,1850,2,180,360
7476,3015,2417,2,350,700
7477,3016,3161,2,300,600
7478,3016,3165,3,400,1200
7479,3017,419,3,220,660
7480,3017,421,1,500,500
7481,3017,423,2,450,900
7482,3018,4047,2,180,360
7483,3018,4056,1,280,280
7484,3018,4049,2,220,440
7485,3018,4053,2,150,300
7486,3019,977,3,250,750
7487,3019,979,2,500,1000
7488,3020,3070,2,300,600
7489,3021,293,1,500,500
7490,3021,287,3,120,360
7491,3021,291,3,300,900
7492,3021,290,1,450,450
7493,3022,2707,1,80,80
7494,3022,2705,1,250,250
7495,3023,2528,3,350,1050
7496,3024,1911,2,450,900
7497,3024,1912,3,280,840
7498,3024,1908,2,80,160
7499,3024,1910,3,350,1050
7500,3025,1650,3,400,1200
7501,3026,2709,2,350,700
7502,3027,2459,1,450,450
7503,3028,363,2,220,440
7504,3028,359,2,350,700
7505,3029,2651,1,150,150
7506,3029,2648,2,100,200
7507,3030,2552,2,300,600
7508,3030,2551,2,100,200
7509,3030,2554,1,180,180
7510,3031,3144,3,100,300
7511,3031,3138,3,80,240
7512,3032,118,3,180,540
7513,3032,121,3,220,660
7514,3032,119,2,220,440
7515,3033,2932,3,100,300
7516,3033,2939,2,100,200
7517,3033,2934,1,150,150
7518,3034,4216,3,220,660
7519,3034,4218,2,120,240
7520,3034,4213,3,80,240
7521,3035,817,2,80,160
7522,3035,819,1,500,500
7523,3035,818,2,150,300
7524,3036,2234,1,280,280
7525,3037,3714,1,300,300
7526,3037,3716,1,100,100
7527,3037,3709,3,400,1200
7528,3038,1596,3,220,660
7529,3038,1599,2,250,500
7530,3038,1593,1,450,450
7531,3039,2035,2,300,600
7532,3040,203,3,300,900
7533,3040,196,3,220,660
7534,3040,197,1,80,80
7535,3040,206,1,450,450
7536,3041,1455,1,150,150
7537,3041,1454,3,250,750
7538,3041,1452,1,220,220
7539,3042,3731,1,350,350
7540,3042,3730,2,400,800
7541,3043,2231,3,350,1050
7542,3044,4295,3,200,600
7543,3044,4296,3,120,360
7544,3044,4293,2,100,200
7545,3045,3955,1,350,350
7546,3045,3956,2,80,160
7547,3045,3954,3,350,1050
7548,3045,3960,1,250,250
7549,3046,3603,3,450,1350
7550,3046,3608,1,100,100
7551,3046,3606,2,280,560
7552,3047,1717,2,220,440
7553,3047,1725,2,150,300
7554,3047,1721,2,100,200
7555,3047,1718,3,120,360
7556,3048,3909,2,400,800
7557,3048,3915,1,350,350
7558,3048,3908,1,200,200
7559,3048,3910,2,280,560
7560,3049,943,3,350,1050
7561,3049,941,2,80,160
7562,3049,944,2,180,360
7563,3049,940,1,80,80
7564,3050,2713,2,400,800
7565,3050,2711,3,150,450
7566,3051,3553,3,220,660
7567,3051,3551,1,250,250
7568,3051,3550,3,350,1050
7569,3052,3682,2,500,1000
7570,3052,3675,1,500,500
7571,3052,3678,2,300,600
7572,3052,3672,1,80,80
7573,3053,3041,2,80,160
7574,3054,3662,1,80,80
7575,3055,719,1,80,80
7576,3055,714,3,500,1500
7577,3055,715,2,200,400
7578,3056,4007,3,220,660
7579,3056,4008,3,180,540
7580,3057,605,1,400,400
7581,3057,604,1,120,120
7582,3057,603,3,300,900
7583,3057,608,1,250,250
7584,3058,3111,1,180,180
7585,3059,547,1,120,120
7586,3059,544,1,80,80
7587,3059,542,1,120,120
7588,3059,545,2,280,560
7589,3060,92,2,250,500
7590,3060,93,1,300,300
7591,3060,94,1,300,300
7592,3061,1187,3,120,360
7593,3061,1181,3,500,1500
7594,3061,1180,3,280,840
7595,3062,1702,3,100,300
7596,3063,4297,2,100,200
7597,3063,4298,1,180,180
7598,3063,4299,3,80,240
7599,3063,4304,2,200,400
7600,3064,2305,1,250,250
7601,3064,2303,1,450,450
7602,3064,2307,1,300,300
7603,3064,2308,2,180,360
7604,3065,1273,1,280,280
7605,3065,1272,1,300,300
7606,3066,1701,3,250,750
7607,3066,1702,1,100,100
7608,3067,3134,3,280,840
7609,3067,3137,1,100,100
7610,3068,2075,2,400,800
7611,3069,1785,2,250,500
7612,3069,1789,3,120,360
7613,3069,1787,1,280,280
7614,3070,2615,1,450,450
7615,3070,2610,2,80,160
7616,3070,2609,1,500,500
7617,3070,2611,1,200,200
7618,3071,3332,2,200,400
7619,3071,3331,3,220,660
7620,3072,2830,3,300,900
7621,3072,2822,3,100,300
7622,3073,2326,1,280,280
7623,3074,167,1,450,450
7624,3075,3629,1,350,350
7625,3076,3014,2,450,900
7626,3076,3019,1,450,450
7627,3076,3020,3,100,300
7628,3076,3015,2,500,1000
7629,3077,3210,2,80,160
7630,3077,3206,1,180,180
7631,3078,2757,2,200,400
7632,3078,2756,1,100,100
7633,3078,2753,1,300,300
7634,3078,2751,1,250,250
7635,3079,3210,1,80,80
7636,3079,3202,3,500,1500
7637,3079,3205,2,450,900
7638,3079,3211,2,400,800
7639,3080,2048,1,200,200
7640,3080,2057,3,180,540
7641,3080,2055,1,450,450
7642,3081,1245,2,80,160
7643,3081,1240,3,300,900
7644,3082,2356,2,400,800
7645,3083,1032,3,280,840
7646,3083,1033,1,180,180
7647,3084,2701,1,80,80
7648,3084,2702,3,280,840
7649,3085,3553,3,220,660
7650,3085,3552,1,400,400
7651,3086,2771,1,180,180
7652,3086,2765,2,220,440
7653,3086,2766,2,200,400
7654,3087,1948,2,80,160
7655,3087,1954,3,350,1050
7656,3087,1953,1,200,200
7657,3087,1952,2,120,240
7658,3088,748,1,120,120
7659,3088,744,3,350,1050
7660,3088,743,1,200,200
7661,3088,752,3,350,1050
7662,3089,2319,2,500,1000
7663,3089,2320,3,180,540
7664,3090,1688,1,200,200
7665,3090,1692,2,150,300
7666,3091,3302,1,220,220
7667,3092,725,2,280,560
7668,3092,722,2,220,440
7669,3093,1222,3,280,840
7670,3093,1225,2,500,1000
7671,3093,1228,3,120,360
7672,3093,1223,3,220,660
7673,3094,2344,1,100,100
7674,3094,2342,2,250,500
7675,3094,2346,1,220,220
7676,3094,2345,1,150,150
7677,3095,3534,3,300,900
7678,3095,3532,2,180,360
7679,3095,3533,3,150,450
7680,3096,2433,3,350,1050
7681,3097,2945,1,180,180
7682,3097,2947,2,280,560
7683,3098,3318,1,350,350
7684,3098,3314,3,350,1050
7685,3098,3316,1,250,250
7686,3098,3313,2,450,900
7687,3099,499,1,80,80
7688,3100,58,3,280,840
7689,3101,1118,2,200,400
7690,3101,1122,2,180,360
7691,3101,1119,3,450,1350
7692,3101,1124,1,80,80
7693,3102,2146,1,200,200
7694,3102,2149,1,80,80
7695,3102,2148,3,180,540
7696,3103,3261,3,500,1500
7697,3103,3262,2,400,800
7698,3103,3267,3,150,450
7699,3103,3260,1,180,180
7700,3104,3644,2,150,300
7701,3104,3646,2,300,600
7702,3104,3641,3,80,240
7703,3104,3647,2,350,700
7704,3105,1775,3,450,1350
7705,3105,1778,2,120,240
7706,3106,433,1,120,120
7707,3106,436,2,350,700
7708,3106,438,3,80,240
7709,3106,434,3,500,1500
7710,3107,3471,1,300,300
7711,3107,3470,3,180,540
7712,3108,326,3,180,540
7713,3108,321,1,100,100
7714,3108,323,3,500,1500
7715,3109,2125,3,400,1200
7716,3110,317,1,400,400
7717,3110,319,2,400,800
7718,3111,2963,3,220,660
7719,3111,2962,2,120,240
7720,3111,2964,2,150,300
7721,3111,2969,2,400,800
7722,3112,245,1,250,250
7723,3112,248,3,150,450
7724,3112,244,1,80,80
7725,3112,247,1,80,80
7726,3113,3654,3,120,360
7727,3114,2289,2,350,700
7728,3115,1964,1,400,400
7729,3115,1957,1,250,250
7730,3115,1959,3,100,300
7731,3116,2852,2,200,400
7732,3116,2854,2,500,1000
7733,3117,2176,3,180,540
7734,3117,2179,2,500,1000
7735,3117,2170,3,500,1500
7736,3117,2172,3,350,1050
7737,3118,4064,1,100,100
7738,3118,4062,3,120,360
7739,3118,4065,2,350,700
7740,3119,3822,3,180,540
7741,3119,3823,3,300,900
7742,3120,1247,1,80,80
7743,3120,1246,2,400,800
7744,3120,1245,3,80,240
7745,3121,1812,2,80,160
7746,3121,1814,1,150,150
7747,3121,1816,3,250,750
7748,3122,1420,2,220,440
7749,3122,1417,2,150,300
7750,3122,1419,1,80,80
7751,3123,3911,3,450,1350
7752,3124,2173,2,250,500
7753,3124,2179,2,500,1000
7754,3124,2175,3,120,360
7755,3125,2282,3,120,360
7756,3125,2277,1,250,250
7757,3125,2281,2,500,1000
7758,3126,722,3,220,660
7759,3126,726,2,350,700
7760,3126,725,1,280,280
7761,3126,728,3,500,1500
7762,3127,3031,1,80,80
7763,3127,3028,3,150,450
7764,3127,3032,2,100,200
7765,3128,2604,1,100,100
7766,3128,2602,2,80,160
7767,3128,2603,2,100,200
7768,3128,2598,3,350,1050
7769,3129,3994,3,400,1200
7770,3129,3992,3,280,840
7771,3130,197,2,80,160
7772,3130,203,1,300,300
7773,3130,202,1,180,180
7774,3130,200,3,200,600
7775,3131,782,2,180,360
7776,3132,2349,2,150,300
7777,3132,2354,3,280,840
7778,3132,2352,3,400,1200
7779,3133,4167,3,250,750
7780,3133,4164,3,300,900
7781,3133,4165,2,100,200
7782,3133,4162,1,220,220
7783,3134,273,2,220,440
7784,3134,271,2,400,800
7785,3134,270,2,300,600
7786,3134,266,2,280,560
7787,3135,2658,3,200,600
7788,3135,2655,3,280,840
7789,3135,2657,2,80,160
7790,3136,14,2,100,200
7791,3137,1511,3,450,1350
7792,3138,246,1,100,100
7793,3138,245,2,250,500
7794,3139,476,1,450,450
7795,3139,473,3,400,1200
7796,3139,474,2,100,200
7797,3139,478,3,300,900
7798,3140,3873,3,400,1200
7799,3141,3246,1,220,220
7800,3141,3240,2,220,440
7801,3141,3242,3,400,1200
7802,3142,1700,1,100,100
7803,3142,1699,2,80,160
7804,3142,1698,2,500,1000
7805,3143,931,3,150,450
7806,3143,938,1,220,220
7807,3143,934,1,80,80
7808,3143,939,3,80,240
7809,3144,1851,1,350,350
7810,3144,1848,1,280,280
7811,3144,1853,1,80,80
7812,3145,4090,2,250,500
7813,3145,4098,3,200,600
7814,3145,4097,3,200,600
7815,3145,4092,2,120,240
7816,3146,935,1,200,200
7817,3146,931,3,150,450
7818,3146,938,3,220,660
7819,3146,932,2,120,240
7820,3147,3315,3,300,900
7821,3148,1574,2,280,560
7822,3148,1569,1,120,120
7823,3149,149,3,450,1350
7824,3149,154,2,300,600
7825,3150,1174,2,150,300
7826,3150,1173,3,120,360
7827,3150,1177,2,250,500
7828,3150,1178,2,280,560
7829,3151,690,3,300,900
7830,3151,693,1,120,120
7831,3152,3609,3,80,240
7832,3152,3612,2,500,1000
7833,3152,3615,3,450,1350
7834,3152,3611,2,250,500
7835,3153,4315,1,450,450
7836,3154,1956,1,200,200
7837,3154,1945,1,450,450
7838,3154,1947,1,80,80
7839,3154,1949,1,220,220
7840,3155,4022,2,250,500
7841,3155,4012,1,80,80
7842,3155,4014,1,300,300
7843,3155,4017,2,300,600
7844,3156,892,3,400,1200
7845,3156,898,2,500,1000
7846,3156,895,1,80,80
7847,3157,3609,2,80,160
7848,3157,3611,1,250,250
7849,3157,3612,2,500,1000
7850,3157,3615,2,450,900
7851,3158,527,1,200,200
7852,3158,528,3,200,600
7853,3158,534,2,400,800
7854,3158,532,1,80,80
7855,3159,4292,3,80,240
7856,3160,336,2,180,360
7857,3160,338,1,450,450
7858,3161,1413,2,400,800
7859,3161,1411,1,200,200
7860,3162,2206,3,120,360
7861,3162,2205,3,500,1500
7862,3163,1027,2,350,700
7863,3163,1030,2,80,160
7864,3164,3312,1,80,80
7865,3164,3305,3,350,1050
7866,3164,3310,2,250,500
7867,3165,2573,2,400,800
7868,3165,2568,1,350,350
7869,3165,2570,2,180,360
7870,3166,3287,3,120,360
7871,3166,3281,2,400,800
7872,3167,2024,1,500,500
7873,3167,2023,1,250,250
7874,3167,2020,1,250,250
7875,3167,2021,3,250,750
7876,3168,2741,3,220,660
7877,3168,2743,2,200,400
7878,3168,2740,2,500,1000
7879,3168,2739,2,500,1000
7880,3169,520,2,300,600
7881,3170,3594,3,350,1050
7882,3171,3559,1,450,450
7883,3171,3558,1,350,350
7884,3172,2014,3,280,840
7885,3172,2017,1,300,300
7886,3172,2019,3,400,1200
7887,3173,937,1,80,80
7888,3173,930,1,80,80
7889,3174,1666,3,350,1050
7890,3175,4078,3,500,1500
7891,3176,305,1,80,80
7892,3176,298,1,80,80
7893,3177,3923,2,100,200
7894,3177,3918,1,280,280
7895,3177,3920,3,350,1050
7896,3178,3472,3,80,240
7897,3179,4127,2,350,700
7898,3179,4131,3,80,240
7899,3179,4133,2,100,200
7900,3180,3634,1,220,220
7901,3180,3629,3,350,1050
7902,3180,3633,1,250,250
7903,3180,3630,2,180,360
7904,3181,21,3,120,360
7905,3182,634,2,180,360
7906,3182,635,3,250,750
7907,3183,3662,3,80,240
7908,3183,3663,2,100,200
7909,3184,2274,3,450,1350
7910,3184,2273,1,400,400
7911,3184,2271,2,150,300
7912,3184,2267,1,220,220
7913,3185,430,3,100,300
7914,3186,1668,3,180,540
7915,3186,1660,1,200,200
7916,3186,1670,3,500,1500
7917,3186,1662,1,280,280
7918,3187,1800,1,120,120
7919,3188,2955,3,280,840
7920,3188,2960,1,100,100
7921,3189,4286,2,80,160
7922,3189,4287,1,150,150
7923,3189,4288,2,250,500
7924,3190,1620,2,350,700
7925,3190,1619,2,180,360
7926,3190,1615,1,120,120
7927,3191,2170,3,500,1500
7928,3191,2177,3,500,1500
7929,3191,2179,2,500,1000
7930,3192,3481,1,200,200
7931,3192,3474,2,180,360
7932,3193,1367,2,250,500
7933,3194,522,2,180,360
7934,3195,3940,1,250,250
7935,3195,3933,3,220,660
7936,3196,3833,2,200,400
7937,3196,3825,1,250,250
7938,3196,3828,3,250,750
7939,3196,3827,3,200,600
7940,3197,1021,3,500,1500
7941,3197,1015,1,150,150
7942,3197,1018,2,150,300
7943,3197,1016,2,400,800
7944,3198,896,1,300,300
7945,3198,900,1,450,450
7946,3198,892,3,400,1200
7947,3199,4164,2,300,600
7948,3200,156,1,250,250
7949,3200,158,1,120,120
7950,3200,155,2,200,400
7951,3200,159,1,150,150
7952,3201,2679,1,350,350
7953,3201,2684,3,250,750
7954,3201,2683,3,350,1050
7955,3201,2681,3,120,360
7956,3202,3269,3,150,450
7957,3202,3268,1,180,180
7958,3202,3272,3,180,540
7959,3203,355,1,500,500
7960,3203,346,3,350,1050
7961,3203,356,3,280,840
7962,3204,1472,3,220,660
7963,3204,1471,2,350,700
7964,3204,1480,3,100,300
7965,3204,1478,3,200,600
7966,3205,1002,3,500,1500
7967,3205,999,1,400,400
7968,3205,1001,3,220,660
7969,3205,1003,3,300,900
7970,3206,871,1,200,200
7971,3206,862,3,180,540
7972,3207,3586,3,100,300
7973,3207,3587,3,300,900
7974,3208,1793,3,80,240
7975,3209,3643,2,200,400
7976,3209,3644,1,150,150
7977,3210,3772,2,500,1000
7978,3210,3770,3,500,1500
7979,3211,3081,1,250,250
7980,3211,3078,1,250,250
7981,3211,3083,1,450,450
7982,3211,3082,3,250,750
7983,3212,79,3,500,1500
7984,3212,77,1,350,350
7985,3213,1960,1,300,300
7986,3214,1917,1,80,80
7987,3215,124,3,400,1200
7988,3215,123,1,280,280
7989,3215,127,3,180,540
7990,3215,125,2,220,440
7991,3216,2576,3,100,300
7992,3216,2585,1,250,250
7993,3217,3242,3,400,1200
7994,3217,3248,2,220,440
7995,3217,3243,2,120,240
7996,3217,3246,3,220,660
7997,3218,429,1,300,300
7998,3218,431,2,400,800
7999,3219,4238,3,80,240
8000,3219,4236,3,450,1350
8001,3219,4231,3,250,750
8002,3220,3168,1,200,200
8003,3220,3176,3,500,1500
8004,3221,2703,3,500,1500
8005,3221,2707,3,80,240
8006,3222,2554,1,180,180
8007,3222,2552,1,300,300
8008,3223,2565,3,350,1050
8009,3223,2567,1,200,200
8010,3223,2560,3,200,600
8011,3224,2297,1,80,80
8012,3225,767,1,500,500
8013,3225,772,1,250,250
8014,3225,769,1,500,500
8015,3225,766,3,80,240
8016,3226,2644,3,300,900
8017,3226,2643,3,100,300
8018,3226,2634,3,180,540
8019,3226,2639,2,500,1000
8020,3227,3416,2,400,800
8021,3228,3182,1,100,100
8022,3228,3189,1,280,280
8023,3228,3180,2,500,1000
8024,3229,3968,2,200,400
8025,3230,3929,2,400,800
8026,3230,3924,3,400,1200
8027,3230,3930,3,250,750
8028,3230,3931,3,80,240
8029,3231,383,1,80,80
8030,3231,388,2,500,1000
8031,3231,385,2,250,500
8032,3232,4110,1,100,100
8033,3233,2416,2,220,440
8034,3233,2417,2,350,700
8035,3234,3732,3,300,900
8036,3235,3975,3,150,450
8037,3235,3979,2,350,700
8038,3236,1377,1,120,120
8039,3236,1375,2,300,600
8040,3237,2597,2,80,160
8041,3237,2587,3,280,840
8042,3237,2588,1,400,400
8043,3237,2592,1,200,200
8044,3238,2920,3,400,1200
8045,3238,2924,1,250,250
8046,3238,2923,1,350,350
8047,3239,950,3,300,900
8048,3240,352,2,450,900
8049,3241,2247,3,450,1350
8050,3241,2243,1,200,200
8051,3241,2242,3,150,450
8052,3241,2244,2,120,240
8053,3242,1823,1,150,150
8054,3242,1820,2,250,500
8055,3242,1822,2,80,160
8056,3243,152,1,120,120
8057,3243,147,2,280,560
8058,3244,2179,2,500,1000
8059,3245,3408,2,150,300
8060,3245,3405,3,80,240
8061,3246,3098,2,350,700
8062,3246,3095,2,180,360
8063,3247,2727,1,400,400
8064,3247,2724,1,150,150
8065,3247,2722,2,100,200
8066,3248,2941,3,220,660
8067,3248,2950,2,220,440
8068,3248,2949,2,100,200
8069,3248,2948,2,450,900
8070,3249,1592,1,450,450
8071,3250,2292,3,180,540
8072,3250,2288,3,220,660
8073,3251,449,3,120,360
8074,3252,230,3,150,450
8075,3252,228,3,250,750
8076,3253,406,3,150,450
8077,3253,410,1,100,100
8078,3253,412,3,180,540
8079,3254,3917,3,300,900
8080,3254,3911,1,450,450
8081,3254,3912,3,100,300
8082,3255,1991,2,500,1000
8083,3255,1992,1,120,120
8084,3255,1990,2,450,900
8085,3256,3374,1,180,180
8086,3256,3379,3,120,360
8087,3256,3378,2,350,700
8088,3256,3373,1,100,100
8089,3257,1098,3,80,240
8090,3257,1099,2,350,700
8091,3257,1101,3,280,840
8092,3257,1094,1,400,400
8093,3258,3751,3,220,660
8094,3258,3754,2,180,360
8095,3259,1196,2,200,400
8096,3259,1192,1,150,150
8097,3259,1197,2,450,900
8098,3259,1193,3,220,660
8099,3260,1700,3,100,300
8100,3260,1701,3,250,750
8101,3261,3120,2,150,300
8102,3261,3119,3,120,360
8103,3262,3413,2,200,400
8104,3262,3418,1,150,150
8105,3262,3420,3,450,1350
8106,3263,2138,3,220,660
8107,3263,2137,1,180,180
8108,3264,442,1,80,80
8109,3265,3641,1,80,80
8110,3266,750,3,450,1350
8111,3266,746,3,200,600
8112,3267,995,3,180,540
8113,3267,990,1,100,100
8114,3268,747,1,80,80
8115,3268,753,1,150,150
8116,3269,223,1,350,350
8117,3269,219,3,400,1200
8118,3269,222,3,80,240
8119,3269,224,3,450,1350
8120,3270,3926,2,200,400
8121,3270,3929,1,400,400
8122,3271,4266,3,350,1050
8123,3272,1223,2,220,440
8124,3272,1226,2,80,160
8125,3272,1225,3,500,1500
8126,3273,447,2,200,400
8127,3273,441,1,180,180
8128,3274,4304,2,200,400
8129,3275,1579,2,150,300
8130,3275,1580,3,200,600
8131,3275,1582,3,250,750
8132,3275,1587,2,80,160
8133,3276,267,3,280,840
8134,3276,266,2,280,560
8135,3277,2106,1,350,350
8136,3278,1843,1,450,450
8137,3278,1844,1,300,300
8138,3278,1840,2,100,200
8139,3279,579,3,80,240
8140,3279,581,3,150,450
8141,3279,580,1,300,300
8142,3279,582,3,120,360
8143,3280,2133,1,450,450
8144,3281,322,2,200,400
8145,3281,326,3,180,540
8146,3281,328,1,500,500
8147,3282,1473,2,220,440
8148,3282,1479,3,350,1050
8149,3282,1480,1,100,100
8150,3282,1478,2,200,400
8151,3283,2286,3,180,540
8152,3283,2292,1,180,180
8153,3283,2294,1,280,280
8154,3283,2288,3,220,660
8155,3284,885,2,500,1000
8156,3284,891,1,200,200
8157,3284,890,2,120,240
8158,3284,884,1,150,150
8159,3285,798,1,300,300
8160,3285,796,3,180,540
8161,3286,4214,3,100,300
8162,3287,2068,1,120,120
8163,3287,2074,2,80,160
8164,3288,1642,2,500,1000
8165,3288,1636,1,150,150
8166,3288,1643,1,300,300
8167,3289,2882,3,400,1200
8168,3290,1335,3,100,300
8169,3290,1340,3,100,300
8170,3290,1338,3,220,660
8171,3290,1336,3,400,1200
8172,3291,1764,1,450,450
8173,3291,1765,2,300,600
8174,3292,1876,3,500,1500
8175,3292,1869,2,250,500
8176,3293,404,3,100,300
8177,3293,405,3,300,900
8178,3293,410,2,100,200
8179,3293,409,2,300,600
8180,3294,2690,3,280,840
8181,3294,2693,1,180,180
8182,3295,376,3,450,1350
8183,3295,375,1,400,400
8184,3295,372,3,280,840
8185,3296,285,3,150,450
8186,3296,290,2,450,900
8187,3297,2291,2,200,400
8188,3297,2287,1,100,100
8189,3297,2288,2,220,440
8190,3297,2294,3,280,840
8191,3298,3222,2,100,200
8192,3298,3223,1,120,120
8193,3298,3214,1,400,400
8194,3298,3218,1,220,220
8195,3299,1266,3,150,450
8196,3299,1268,1,150,150
8197,3299,1270,3,100,300
8198,3299,1264,3,80,240
8199,3300,1446,1,500,500
8200,3301,319,3,400,1200
8201,3302,1481,1,250,250
8202,3303,4058,2,100,200
8203,3303,4048,2,500,1000
8204,3303,4053,2,150,300
8205,3304,3018,3,220,660
8206,3304,3019,3,450,1350
8207,3304,3014,3,450,1350
8208,3304,3020,3,100,300
8209,3305,1693,1,180,180
8210,3306,2453,3,250,750
8211,3306,2451,1,120,120
8212,3307,3281,1,400,400
8213,3308,834,3,180,540
8214,3308,825,2,250,500
8215,3308,833,1,500,500
8216,3309,1070,2,350,700
8217,3309,1072,3,220,660
8218,3309,1073,1,180,180
8219,3310,2755,1,200,200
8220,3310,2760,1,350,350
8221,3311,3156,2,300,600
8222,3311,3158,3,120,360
8223,3311,3155,2,150,300
8224,3312,2184,1,100,100
8225,3313,3836,3,200,600
8226,3314,246,3,100,300
8227,3314,248,1,150,150
8228,3314,244,3,80,240
8229,3314,245,3,250,750
8230,3315,1011,1,280,280
8231,3315,1012,1,150,150
8232,3316,4200,1,100,100
8233,3317,4077,1,80,80
8234,3318,654,1,150,150
8235,3318,659,3,250,750
8236,3318,651,3,400,1200
8237,3318,661,1,120,120
8238,3319,874,3,180,540
8239,3319,876,1,500,500
8240,3319,875,1,300,300
8241,3319,880,3,80,240
8242,3320,1483,2,250,500
8243,3320,1482,3,220,660
8244,3321,1887,2,280,560
8245,3321,1877,3,500,1500
8246,3322,3021,1,120,120
8247,3323,1564,3,80,240
8248,3324,3199,1,150,150
8249,3324,3193,3,150,450
8250,3324,3194,3,400,1200
8251,3325,1785,2,250,500
8252,3325,1788,2,300,600
8253,3325,1787,1,280,280
8254,3325,1786,2,180,360
8255,3326,2082,2,350,700
8256,3326,2077,1,250,250
8257,3326,2076,1,200,200
8258,3327,3493,1,450,450
8259,3327,3495,3,250,750
8260,3327,3499,3,350,1050
8261,3327,3498,2,450,900
8262,3328,3917,2,300,600
8263,3328,3909,2,400,800
8264,3328,3915,3,350,1050
8265,3328,3913,1,220,220
8266,3329,389,2,300,600
8267,3329,388,1,500,500
8268,3330,424,2,220,440
8269,3330,423,3,450,1350
8270,3330,419,3,220,660
8271,3330,425,3,280,840
8272,3331,3186,1,180,180
8273,3332,4223,3,180,540
8274,3332,4224,3,200,600
8275,3332,4228,1,80,80
8276,3332,4220,2,400,800
8277,3333,1461,1,400,400
8278,3333,1463,1,150,150
8279,3334,1634,3,350,1050
8280,3334,1630,3,220,660
8281,3335,2969,1,400,400
8282,3336,1255,1,350,350
8283,3337,3063,2,300,600
8284,3338,4205,3,300,900
8285,3338,4202,3,280,840
8286,3338,4204,1,100,100
8287,3339,1394,1,500,500
8288,3339,1397,1,500,500
8289,3339,1399,3,200,600
8290,3339,1403,1,120,120
8291,3340,655,3,220,660
8292,3340,653,3,220,660
8293,3340,661,3,120,360
8294,3340,656,3,350,1050
8295,3341,1223,3,220,660
8296,3341,1225,3,500,1500
8297,3342,1803,3,300,900
8298,3343,563,1,300,300
8299,3343,564,1,80,80
8300,3343,569,2,120,240
8301,3343,566,3,150,450
8302,3344,2324,1,220,220
8303,3344,2329,1,150,150
8304,3345,1539,3,300,900
8305,3346,4065,2,350,700
8306,3346,4066,3,220,660
8307,3346,4060,3,200,600
8308,3346,4061,2,100,200
8309,3347,4190,3,450,1350
8310,3348,1916,1,450,450
8311,3348,1922,1,120,120
8312,3349,1104,3,220,660
8313,3349,1105,2,450,900
8314,3349,1109,1,300,300
8315,3350,2885,2,400,800
8316,3350,2884,1,280,280
8317,3350,2887,3,80,240
8318,3351,1039,1,300,300
8319,3351,1044,3,150,450
8320,3351,1046,2,120,240
8321,3351,1048,3,120,360
8322,3352,4129,1,180,180
8323,3352,4132,2,150,300
8324,3352,4130,2,250,500
8325,3352,4133,3,100,300
8326,3353,2645,3,100,300
8327,3353,2648,1,100,100
8328,3354,1606,1,250,250
8329,3354,1612,2,80,160
8330,3354,1608,3,280,840
8331,3355,2141,3,120,360
8332,3355,2139,2,120,240
8333,3355,2142,1,500,500
8334,3355,2138,3,220,660
8335,3356,4011,2,250,500
8336,3357,3880,3,280,840
8337,3357,3877,3,300,900
8338,3358,2103,2,150,300
8339,3358,2104,1,450,450
8340,3358,2105,3,450,1350
8341,3358,2107,3,180,540
8342,3359,2439,3,400,1200
8343,3360,1632,2,280,560
8344,3361,1185,3,120,360
8345,3362,1370,3,180,540
8346,3362,1372,3,200,600
8347,3362,1369,2,180,360
8348,3362,1371,3,400,1200
8349,3363,1198,2,300,600
8350,3363,1201,2,250,500
8351,3364,713,1,450,450
8352,3364,714,1,500,500
8353,3364,716,3,150,450
8354,3364,719,2,80,160
8355,3365,4208,3,280,840
8356,3365,4207,3,120,360
8357,3365,4203,2,150,300
8358,3366,3991,3,500,1500
8359,3366,3987,3,280,840
8360,3366,3990,1,300,300
8361,3366,3983,3,100,300
8362,3367,757,2,300,600
8363,3367,755,2,80,160
8364,3368,167,2,450,900
8365,3368,160,2,180,360
8366,3369,1279,3,180,540
8367,3369,1281,3,150,450
8368,3369,1283,3,250,750
8369,3369,1286,3,500,1500
8370,3370,3761,1,400,400
8371,3370,3760,2,280,560
8372,3370,3765,3,300,900
8373,3371,2980,3,350,1050
8374,3371,2979,1,280,280
8375,3371,2976,1,250,250
8376,3372,1720,2,400,800
8377,3372,1724,3,300,900
8378,3372,1718,3,120,360
8379,3372,1723,1,80,80
8380,3373,413,2,250,500
8381,3374,2236,1,120,120
8382,3374,2237,2,120,240
8383,3375,2302,3,220,660
8384,3376,772,3,250,750
8385,3376,771,2,500,1000
8386,3376,766,1,80,80
8387,3377,242,2,150,300
8388,3377,240,2,350,700
8389,3377,243,2,100,200
8390,3377,239,1,180,180
8391,3378,31,2,120,240
8392,3378,34,1,450,450
8393,3378,36,3,450,1350
8394,3379,3016,2,250,500
8395,3379,3019,3,450,1350
8396,3379,3013,2,250,500
8397,3379,3018,3,220,660
8398,3380,3700,2,100,200
8399,3380,3701,3,100,300
8400,3381,2915,1,100,100
8401,3381,2916,1,150,150
8402,3382,208,2,450,900
8403,3382,217,1,280,280
8404,3383,733,3,220,660
8405,3384,3710,3,400,1200
8406,3384,3715,2,80,160
8407,3385,1646,1,120,120
8408,3385,1653,3,80,240
8409,3386,4219,1,80,80
8410,3387,267,1,280,280
8411,3388,503,2,180,360
8412,3388,507,2,400,800
8413,3389,96,2,220,440
8414,3389,99,2,150,300
8415,3390,3440,1,400,400
8416,3390,3445,3,180,540
8417,3390,3443,2,180,360
8418,3390,3446,1,80,80
8419,3391,3324,1,400,400
8420,3391,3322,2,100,200
8421,3392,3045,3,150,450
8422,3392,3052,2,180,360
8423,3392,3049,3,200,600
8424,3393,1651,2,200,400
8425,3394,3856,2,150,300
8426,3394,3863,1,400,400
8427,3395,2601,2,100,200
8428,3395,2603,1,100,100
8429,3395,2599,3,300,900
8430,3396,1829,1,450,450
8431,3397,3064,1,220,220
8432,3398,2138,3,220,660
8433,3399,638,3,500,1500
8434,3400,1843,2,450,900
8435,3400,1839,1,300,300
8436,3400,1846,3,500,1500
8437,3400,1837,2,80,160
8438,3401,1889,2,180,360
8439,3401,1896,1,280,280
8440,3401,1894,2,200,400
8441,3401,1890,1,220,220
8442,3402,3381,1,200,200
8443,3402,3378,2,350,700
8444,3402,3377,2,120,240
8445,3402,3375,3,350,1050
8446,3403,2750,3,350,1050
8447,3403,2746,2,150,300
8448,3404,2698,1,400,400
8449,3405,2244,2,120,240
8450,3405,2243,1,200,200
8451,3405,2246,3,350,1050
8452,3405,2245,2,450,900
8453,3406,4024,2,80,160
8454,3407,3590,2,220,440
8455,3408,4005,2,180,360
8456,3408,4008,2,180,360
8457,3408,4009,1,300,300
8458,3409,3563,2,100,200
8459,3409,3562,3,100,300
8460,3409,3570,3,450,1350
8461,3410,431,3,400,1200
8462,3410,429,2,300,600
8463,3411,2774,3,150,450
8464,3412,772,2,250,500
8465,3413,2551,1,100,100
8466,3414,2992,3,350,1050
8467,3414,2991,3,300,900
8468,3414,2989,1,220,220
8469,3415,3755,2,100,200
8470,3415,3754,2,180,360
8471,3415,3749,1,280,280
8472,3415,3753,2,80,160
8473,3416,1098,2,80,160
8474,3416,1099,2,350,700
8475,3417,3993,1,80,80
8476,3417,3995,3,350,1050
8477,3417,3997,1,450,450
8478,3417,3996,3,400,1200
8479,3418,547,3,120,360
8480,3418,546,1,200,200
8481,3418,542,2,120,240
8482,3419,313,2,300,600
8483,3419,312,3,100,300
8484,3419,314,1,500,500
8485,3419,307,3,300,900
8486,3420,2754,1,500,500
8487,3420,2755,3,200,600
8488,3420,2759,3,200,600
8489,3421,2325,3,280,840
8490,3421,2328,3,100,300
8491,3422,1443,2,300,600
8492,3422,1444,1,500,500
8493,3423,2983,3,350,1050
8494,3423,2985,2,180,360
8495,3424,993,3,300,900
8496,3424,992,1,180,180
8497,3424,990,2,100,200
8498,3425,49,3,300,900
8499,3425,48,3,150,450
8500,3425,51,3,100,300
8501,3426,790,3,300,900
8502,3426,786,3,300,900
8503,3427,590,3,120,360
8504,3428,847,1,280,280
8505,3428,850,1,150,150
8506,3428,848,3,150,450
8507,3429,3702,1,500,500
8508,3430,2161,3,80,240
8509,3431,986,1,150,150
8510,3432,567,2,450,900
8511,3433,3817,3,200,600
8512,3433,3818,2,200,400
8513,3434,1102,2,220,440
8514,3434,1098,3,80,240
8515,3435,4275,3,280,840
8516,3436,2507,1,400,400
8517,3436,2504,2,150,300
8518,3436,2503,3,350,1050
8519,3436,2501,3,450,1350
8520,3437,3986,1,450,450
8521,3437,3990,3,300,900
8522,3438,1704,3,120,360
8523,3438,1710,2,180,360
8524,3439,3710,3,400,1200
8525,3440,3786,1,200,200
8526,3440,3782,1,300,300
8527,3441,253,3,150,450
8528,3441,251,3,450,1350
8529,3441,250,3,100,300
8530,3441,252,2,80,160
8531,3442,641,1,400,400
8532,3442,647,1,300,300
8533,3442,650,2,400,800
8534,3442,642,1,280,280
8535,3443,292,3,280,840
8536,3443,294,2,180,360
8537,3444,2015,3,400,1200
8538,3445,2042,1,280,280
8539,3445,2041,2,80,160
8540,3445,2044,2,200,400
8541,3445,2045,2,100,200
8542,3446,3820,2,100,200
8543,3446,3822,3,180,540
8544,3446,3823,3,300,900
8545,3446,3824,2,450,900
8546,3447,1337,1,220,220
8547,3447,1334,1,180,180
8548,3447,1333,3,120,360
8549,3448,4154,2,400,800
8550,3448,4153,1,350,350
8551,3448,4155,1,120,120
8552,3449,1024,3,250,750
8553,3449,1023,3,120,360
8554,3449,1029,1,150,150
8555,3449,1031,3,180,540
8556,3450,2508,2,80,160
8557,3451,3271,2,150,300
8558,3452,3088,3,350,1050
8559,3453,2292,1,180,180
8560,3453,2291,2,200,400
8561,3453,2286,1,180,180
8562,3454,400,3,220,660
8563,3454,396,3,500,1500
8564,3454,394,2,100,200
8565,3455,1875,1,300,300
8566,3455,1868,2,300,600
8567,3455,1872,3,280,840
8568,3456,4257,1,150,150
8569,3456,4259,2,200,400
8570,3456,4262,3,300,900
8571,3457,1268,1,150,150
8572,3457,1265,2,450,900
8573,3458,1358,3,220,660
8574,3458,1355,1,200,200
8575,3459,1245,2,80,160
8576,3459,1243,3,350,1050
8577,3460,999,1,400,400
8578,3460,1002,1,500,500
8579,3461,2076,3,200,600
8580,3462,4027,2,200,400
8581,3463,556,3,500,1500
8582,3463,558,1,220,220
8583,3463,548,2,450,900
8584,3463,557,3,80,240
8585,3464,994,2,80,160
8586,3465,1554,1,500,500
8587,3465,1558,2,180,360
8588,3465,1552,2,200,400
8589,3466,2171,3,500,1500
8590,3466,2175,1,120,120
8591,3466,2179,3,500,1500
8592,3466,2174,1,350,350
8593,3467,1767,2,350,700
8594,3467,1772,1,350,350
8595,3468,3065,2,250,500
8596,3468,3062,3,80,240
8597,3468,3061,1,100,100
8598,3469,2654,1,250,250
8599,3469,2659,3,350,1050
8600,3470,1453,3,100,300
8601,3471,862,1,180,180
8602,3471,865,3,300,900
8603,3471,870,1,400,400
8604,3471,869,2,280,560
8605,3472,200,2,200,400
8606,3472,201,3,120,360
8607,3472,203,3,300,900
8608,3473,87,3,450,1350
8609,3473,83,1,450,450
8610,3473,80,2,280,560
8611,3474,963,3,280,840
8612,3474,967,2,200,400
8613,3474,961,3,400,1200
8614,3475,1653,2,80,160
8615,3476,2130,2,200,400
8616,3476,2124,2,80,160
8617,3476,2129,2,180,360
8618,3476,2128,3,280,840
8619,3477,615,3,450,1350
8620,3477,613,1,120,120
8621,3477,617,3,220,660
8622,3478,717,3,450,1350
8623,3479,423,1,450,450
8624,3479,421,2,500,1000
8625,3479,425,2,280,560
8626,3480,1108,1,300,300
8627,3480,1110,3,150,450
8628,3480,1105,2,450,900
8629,3481,1796,1,200,200
8630,3482,2883,1,180,180
8631,3482,2882,3,400,1200
8632,3483,1767,2,350,700
8633,3484,437,2,180,360
8634,3485,1134,3,450,1350
8635,3485,1136,3,120,360
8636,3486,1529,3,150,450
8637,3486,1531,3,500,1500
8638,3486,1538,3,400,1200
8639,3486,1535,3,150,450
8640,3487,724,2,300,600
8641,3487,720,2,280,560
8642,3487,722,1,220,220
8643,3488,1131,3,120,360
8644,3488,1135,3,180,540
8645,3489,4171,2,450,900
8646,3490,594,3,280,840
8647,3490,601,3,500,1500
8648,3491,4063,3,200,600
8649,3491,4059,2,200,400
8650,3492,4002,3,180,540
8651,3492,4001,2,500,1000
8652,3492,4000,3,80,240
8653,3492,3999,1,350,350
8654,3493,1985,3,450,1350
8655,3493,1986,2,100,200
8656,3493,1989,2,280,560
8657,3493,1988,3,300,900
8658,3494,2165,3,80,240
8659,3494,2159,3,180,540
8660,3494,2164,1,220,220
8661,3494,2158,2,450,900
8662,3495,487,3,300,900
8663,3495,482,1,250,250
8664,3495,484,1,180,180
8665,3496,3654,1,120,120
8666,3497,2113,2,80,160
8667,3498,518,1,120,120
8668,3499,2015,1,400,400
8669,3499,2018,2,250,500
8670,3500,3474,3,180,540
8671,3500,3480,3,100,300
8672,3500,3476,1,80,80
8673,3501,1610,1,80,80
8674,3501,1608,2,280,560
8675,3501,1607,1,500,500
8676,3501,1609,3,200,600
8677,3502,3300,2,200,400
8678,3502,3299,3,500,1500
8679,3502,3302,3,220,660
8680,3502,3301,3,100,300
8681,3503,2279,2,150,300
8682,3503,2278,3,250,750
8683,3503,2277,1,250,250
8684,3503,2283,1,150,150
8685,3504,304,2,150,300
8686,3504,298,2,80,160
8687,3504,301,2,220,440
8688,3504,305,1,80,80
8689,3505,2981,2,150,300
8690,3505,2985,1,180,180
8691,3505,2986,3,250,750
8692,3506,4218,1,120,120
8693,3506,4217,1,100,100
8694,3507,1714,2,150,300
8695,3507,1715,2,300,600
8696,3508,1427,3,280,840
8697,3508,1428,3,100,300
8698,3509,345,1,100,100
8699,3509,341,2,220,440
8700,3509,344,3,100,300
8701,3510,3189,1,280,280
8702,3510,3188,3,120,360
8703,3510,3179,3,100,300
8704,3511,2905,1,250,250
8705,3511,2901,1,250,250
8706,3511,2907,1,400,400
8707,3511,2903,2,200,400
8708,3512,4068,1,180,180
8709,3512,4078,3,500,1500
8710,3513,3549,2,200,400
8711,3513,3538,3,250,750
8712,3514,2434,3,180,540
8713,3514,2432,1,120,120
8714,3514,2430,3,500,1500
8715,3514,2426,1,100,100
8716,3515,2362,2,100,200
8717,3515,2364,3,350,1050
8718,3516,3859,3,250,750
8719,3516,3856,1,150,150
8720,3516,3864,2,280,560
8721,3517,3469,1,150,150
8722,3518,1109,3,300,900
8723,3518,1110,3,150,450
8724,3519,593,2,250,500
8725,3519,597,2,220,440
8726,3519,595,2,250,500
8727,3519,598,1,450,450
8728,3520,971,2,250,500
8729,3520,972,2,80,160
8730,3520,973,2,400,800
8731,3520,968,2,120,240
8732,3521,1916,3,450,1350
8733,3521,1921,2,400,800
8734,3521,1920,3,500,1500
8735,3522,2598,3,350,1050
8736,3522,2600,1,120,120
8737,3522,2601,1,100,100
8738,3523,2755,3,200,600
8739,3523,2757,1,200,200
8740,3523,2756,3,100,300
8741,3524,2780,3,500,1500
8742,3524,2774,3,150,450
8743,3524,2773,1,250,250
8744,3524,2775,1,450,450
8745,3525,2589,1,400,400
8746,3525,2593,2,80,160
8747,3525,2591,3,200,600
8748,3526,2561,3,150,450
8749,3527,3485,2,150,300
8750,3527,3492,3,280,840
8751,3527,3489,3,250,750
8752,3528,1030,3,80,240
8753,3529,2990,3,450,1350
8754,3529,2987,1,400,400
8755,3529,2991,3,300,900
8756,3529,2988,3,300,900
8757,3530,163,1,280,280
8758,3530,162,2,450,900
8759,3530,166,3,100,300
8760,3531,1480,3,100,300
8761,3531,1477,2,220,440
8762,3532,1794,2,300,600
8763,3532,1793,1,80,80
8764,3532,1795,2,300,600
8765,3532,1797,2,280,560
8766,3533,1370,3,180,540
8767,3533,1372,2,200,400
8768,3533,1373,2,180,360
8769,3533,1369,3,180,540
8770,3534,3409,3,80,240
8771,3535,3226,1,180,180
8772,3535,3230,2,280,560
8773,3536,2538,1,450,450
8774,3536,2539,1,300,300
8775,3537,1581,1,120,120
8776,3537,1583,1,250,250
8777,3538,4110,2,100,200
8778,3538,4112,1,200,200
8779,3539,3243,2,120,240
8780,3539,3244,1,300,300
8781,3539,3240,3,220,660
8782,3539,3246,3,220,660
8783,3540,3850,2,120,240
8784,3540,3854,3,220,660
8785,3540,3848,2,220,440
8786,3540,3851,2,300,600
8787,3541,1480,1,100,100
8788,3541,1476,1,300,300
8789,3541,1474,2,180,360
8790,3542,1441,1,450,450
8791,3542,1442,1,350,350
8792,3542,1440,3,150,450
8793,3543,1298,1,280,280
8794,3544,2526,3,150,450
8795,3544,2529,1,100,100
8796,3544,2527,1,200,200
8797,3545,3870,2,150,300
8798,3545,3869,3,500,1500
8799,3546,633,1,250,250
8800,3547,3054,1,500,500
8801,3547,3055,1,280,280
8802,3547,3053,3,400,1200
8803,3548,4,2,280,560
8804,3549,514,2,180,360
8805,3549,509,1,100,100
8806,3550,586,3,100,300
8807,3550,591,1,400,400
8808,3551,4242,2,500,1000
8809,3551,4240,1,80,80
8810,3551,4245,1,80,80
8811,3551,4243,3,150,450
8812,3552,3078,1,250,250
8813,3552,3081,2,250,500
8814,3552,3083,3,450,1350
8815,3552,3082,1,250,250
8816,3553,3967,3,500,1500
8817,3553,3968,3,200,600
8818,3554,2082,3,350,1050
8819,3554,2077,2,250,500
8820,3554,2083,2,220,440
8821,3555,244,3,80,240
8822,3556,3281,2,400,800
8823,3556,3283,2,200,400
8824,3556,3282,2,200,400
8825,3557,678,1,280,280
8826,3557,682,2,120,240
8827,3558,2308,3,180,540
8828,3558,2304,1,350,350
8829,3559,2196,1,350,350
8830,3559,2194,2,150,300
8831,3560,2207,2,300,600
8832,3561,787,3,120,360
8833,3561,788,1,200,200
8834,3561,790,2,300,600
8835,3561,786,2,300,600
8836,3562,298,3,80,240
8837,3562,303,3,80,240
8838,3563,3031,3,80,240
8839,3563,3030,2,280,560
8840,3564,1563,3,150,450
8841,3564,1562,1,100,100
8842,3565,966,1,400,400
8843,3565,961,2,400,800
8844,3566,2540,3,350,1050
8845,3567,3867,2,300,600
8846,3567,3868,1,100,100
8847,3567,3872,2,120,240
8848,3568,1073,3,180,540
8849,3568,1070,3,350,1050
8850,3568,1071,3,450,1350
8851,3569,1437,3,180,540
8852,3570,2049,3,280,840
8853,3570,2050,3,100,300
8854,3570,2052,3,280,840
8855,3571,1563,2,150,300
8856,3571,1565,3,300,900
8857,3572,22,2,180,360
8858,3573,2548,1,280,280
8859,3573,2546,2,250,500
8860,3574,88,2,120,240
8861,3574,82,2,280,560
8862,3575,3190,1,500,500
8863,3575,3179,2,100,200
8864,3575,3188,3,120,360
8865,3576,948,3,120,360
8866,3576,945,2,100,200
8867,3577,3011,3,280,840
8868,3577,3008,1,280,280
8869,3577,3001,2,120,240
8870,3577,3012,1,450,450
8871,3578,3195,1,250,250
8872,3578,3201,3,300,900
8873,3578,3191,1,180,180
8874,3578,3192,2,400,800
8875,3579,2782,2,450,900
8876,3580,1303,2,180,360
8877,3581,3691,3,80,240
8878,3581,3692,3,350,1050
8879,3581,3693,3,180,540
8880,3582,2499,1,350,350
8881,3582,2505,3,280,840
8882,3582,2503,1,350,350
8883,3583,138,1,450,450
8884,3584,3149,1,200,200
8885,3584,3146,2,120,240
8886,3585,1965,1,500,500
8887,3585,1973,1,180,180
8888,3585,1974,3,80,240
8889,3585,1966,2,220,440
8890,3586,2222,2,450,900
8891,3586,2216,1,200,200
8892,3587,2935,3,100,300
8893,3587,2930,2,120,240
8894,3587,2929,1,180,180
8895,3587,2939,3,100,300
8896,3588,297,3,100,300
8897,3588,303,3,80,240
8898,3588,295,3,300,900
8899,3588,304,1,150,150
8900,3589,434,3,500,1500
8901,3589,437,2,180,360
8902,3590,2332,1,100,100
8903,3590,2339,2,220,440
8904,3590,2340,1,400,400
8905,3590,2333,2,300,600
8906,3591,3275,1,150,150
8907,3591,3278,1,200,200
8908,3591,3277,3,150,450
8909,3592,3169,2,300,600
8910,3592,3178,2,300,600
8911,3593,621,3,280,840
8912,3593,616,2,400,800
8913,3593,619,1,180,180
8914,3594,3014,1,450,450
8915,3594,3018,2,220,440
8916,3594,3016,3,250,750
8917,3594,3015,1,500,500
8918,3595,3324,2,400,800
8919,3595,3322,1,100,100
8920,3596,2482,2,400,800
8921,3597,1943,3,450,1350
8922,3598,1099,3,350,1050
8923,3598,1101,2,280,560
8924,3598,1096,1,120,120
8925,3598,1095,2,100,200
8926,3599,3849,3,120,360
8927,3599,3854,1,220,220
8928,3599,3850,1,120,120
8929,3599,3845,1,400,400
8930,3600,2409,2,180,360
8931,3601,3029,2,200,400
8932,3601,3031,1,80,80
8933,3602,2004,1,400,400
8934,3602,2010,1,80,80
8935,3603,4185,2,300,600
8936,3603,4187,1,180,180
8937,3604,4202,1,280,280
8938,3604,4209,1,300,300
8939,3604,4212,3,120,360
8940,3604,4210,2,350,700
8941,3605,281,3,220,660
8942,3606,927,1,400,400
8943,3607,3652,3,200,600
8944,3607,3650,2,350,700
8945,3607,3649,1,100,100
8946,3607,3651,1,150,150
8947,3608,3463,3,180,540
8948,3608,3464,2,450,900
8949,3608,3460,2,280,560
8950,3608,3459,2,180,360
8951,3609,1873,2,220,440
8952,3610,2532,1,250,250
8953,3610,2531,2,180,360
8954,3610,2534,2,350,700
8955,3610,2533,2,220,440
8956,3611,2674,2,120,240
8957,3612,3213,1,80,80
8958,3612,3207,1,350,350
8959,3613,2741,2,220,440
8960,3613,2742,2,300,600
8961,3613,2740,1,500,500
8962,3614,4,1,280,280
8963,3615,307,2,300,600
8964,3615,310,3,150,450
8965,3615,311,1,80,80
8966,3615,309,1,280,280
8967,3616,2694,2,280,560
8968,3616,2691,2,300,600
8969,3616,2695,3,100,300
8970,3617,2843,1,500,500
8971,3618,3729,2,200,400
8972,3619,740,3,280,840
8973,3619,734,2,400,800
8974,3620,2767,2,500,1000
8975,3621,4019,1,250,250
8976,3621,4018,1,300,300
8977,3622,3011,2,280,560
8978,3623,1049,2,250,500
8979,3623,1038,3,200,600
8980,3624,3485,2,150,300
8981,3624,3490,3,280,840
8982,3624,3483,1,450,450
8983,3624,3489,2,250,500
8984,3625,3656,3,280,840
8985,3626,350,2,180,360
8986,3627,2423,3,150,450
8987,3628,3024,3,200,600
8988,3629,936,1,500,500
8989,3629,938,3,220,660
8990,3629,935,1,200,200
8991,3629,939,1,80,80
8992,3630,4207,1,120,120
8993,3630,4203,3,150,450
8994,3630,4210,3,350,1050
8995,3631,1690,1,200,200
8996,3631,1694,3,500,1500
8997,3632,797,1,80,80
8998,3633,2240,3,150,450
8999,3633,2238,1,80,80
9000,3634,454,1,200,200
9001,3634,451,3,300,900
9002,3634,452,1,120,120
9003,3635,3885,3,400,1200
9004,3635,3889,3,80,240
9005,3635,3884,1,180,180
9006,3635,3886,3,200,600
9007,3636,4080,3,120,360
9008,3636,4083,3,80,240
9009,3636,4087,2,500,1000
9010,3636,4088,2,250,500
9011,3637,948,1,120,120
9012,3638,2123,2,100,200
9013,3638,2119,2,280,560
9014,3639,2818,2,220,440
9015,3639,2812,1,350,350
9016,3639,2816,1,100,100
9017,3639,2815,3,280,840
9018,3640,2809,2,450,900
9019,3641,2999,3,300,900
9020,3641,2994,2,100,200
9021,3641,2998,1,280,280
9022,3642,1448,2,220,440
9023,3642,1444,1,500,500
9024,3642,1450,1,300,300
9025,3642,1445,2,200,400
9026,3643,470,2,180,360
9027,3643,471,1,220,220
9028,3644,3723,1,150,150
9029,3644,3718,3,280,840
9030,3645,1015,1,150,150
9031,3645,1021,3,500,1500
9032,3645,1019,2,180,360
9033,3645,1018,1,150,150
9034,3646,1326,2,400,800
9035,3646,1328,1,220,220
9036,3646,1331,3,220,660
9037,3646,1325,3,400,1200
9038,3647,2667,3,180,540
9039,3647,2666,1,80,80
9040,3648,2305,2,250,500
9041,3649,750,2,450,900
9042,3650,3896,2,220,440
9043,3650,3904,1,450,450
9044,3650,3901,2,120,240
9045,3650,3903,2,280,560
9046,3651,542,3,120,360
9047,3651,544,1,80,80
9048,3651,543,1,500,500
9049,3651,546,1,200,200
9050,3652,1575,2,220,440
9051,3652,1576,3,300,900
9052,3652,1578,1,80,80
9053,3653,1912,3,280,840
9054,3653,1913,3,250,750
9055,3653,1910,2,350,700
9056,3653,1911,2,450,900
9057,3654,27,3,280,840
9058,3654,30,3,280,840
9059,3654,26,1,100,100
9060,3655,2144,1,150,150
9061,3655,2143,3,200,600
9062,3655,2145,1,280,280
9063,3656,367,3,500,1500
9064,3656,368,3,200,600
9065,3657,1364,2,450,900
9066,3657,1365,1,350,350
9067,3657,1368,3,120,360
9068,3657,1363,1,500,500
9069,3658,687,1,250,250
9070,3658,683,3,250,750
9071,3658,688,1,280,280
9072,3658,684,1,450,450
9073,3659,3483,1,450,450
9074,3659,3490,2,280,560
9075,3659,3486,1,80,80
9076,3660,196,3,220,660
9077,3660,204,3,220,660
9078,3660,203,2,300,600
9079,3661,1781,1,100,100
9080,3661,1779,3,250,750
9081,3661,1784,2,200,400
9082,3661,1778,2,120,240
9083,3662,167,2,450,900
9084,3662,160,3,180,540
9085,3662,165,1,350,350
9086,3663,3057,1,80,80
9087,3663,3054,3,500,1500
9088,3664,3024,2,200,400
9089,3664,3027,1,450,450
9090,3665,3606,3,280,840
9091,3665,3603,2,450,900
9092,3665,3605,1,450,450
9093,3665,3607,1,500,500
9094,3666,804,2,180,360
9095,3666,803,3,100,300
9096,3666,800,3,120,360
9097,3666,802,1,80,80
9098,3667,2202,1,250,250
9099,3667,2204,3,280,840
9100,3667,2206,1,120,120
9101,3667,2203,3,500,1500
9102,3668,124,3,400,1200
9103,3669,4174,2,180,360
9104,3670,2752,2,400,800
9105,3670,2755,1,200,200
9106,3670,2756,1,100,100
9107,3670,2753,3,300,900
9108,3671,3655,3,250,750
9109,3671,3657,1,120,120
9110,3671,3659,1,220,220
9111,3671,3658,2,180,360
9112,3672,241,2,100,200
9113,3672,240,2,350,700
9114,3673,2453,3,250,750
9115,3673,2446,3,200,600
9116,3674,2570,3,180,540
9117,3674,2573,1,400,400
9118,3674,2575,2,300,600
9119,3674,2569,3,500,1500
9120,3675,332,3,300,900
9121,3675,338,1,450,450
9122,3675,337,3,220,660
9123,3676,3123,2,280,560
9124,3676,3120,3,150,450
9125,3677,2123,2,100,200
9126,3678,776,3,180,540
9127,3678,778,1,300,300
9128,3679,345,3,100,300
9129,3679,340,2,450,900
9130,3679,339,3,220,660
9131,3679,342,2,250,500
9132,3680,950,3,300,900
9133,3680,948,1,120,120
9134,3680,946,3,80,240
9135,3681,240,3,350,1050
9136,3681,241,1,100,100
9137,3682,1233,1,500,500
9138,3682,1234,1,350,350
9139,3682,1231,2,500,1000
9140,3682,1239,2,300,600
9141,3683,2862,1,200,200
9142,3683,2860,3,220,660
9143,3684,190,1,200,200
9144,3684,188,2,220,440
9145,3684,186,3,250,750
9146,3684,187,2,150,300
9147,3685,636,1,220,220
9148,3686,1728,3,250,750
9149,3686,1733,1,250,250
9150,3686,1732,3,500,1500
9151,3686,1729,1,180,180
9152,3687,158,3,120,360
9153,3687,156,2,250,500
9154,3687,159,3,150,450
9155,3687,157,2,400,800
9156,3688,3335,1,450,450
9157,3688,3337,3,120,360
9158,3688,3336,3,220,660
9159,3688,3330,2,280,560
9160,3689,2443,1,450,450
9161,3689,2437,2,150,300
9162,3689,2441,1,400,400
9163,3689,2440,3,220,660
9164,3690,986,2,150,300
9165,3690,988,1,450,450
9166,3690,983,3,200,600
9167,3691,882,1,120,120
9168,3691,880,1,80,80
9169,3692,214,3,180,540
9170,3692,218,2,100,200
9171,3692,213,3,450,1350
9172,3693,2080,2,450,900
9173,3693,2079,2,250,500
9174,3693,2077,1,250,250
9175,3694,2248,2,500,1000
9176,3694,2250,2,350,700
9177,3695,2632,2,200,400
9178,3695,2631,2,120,240
9179,3696,2569,2,500,1000
9180,3696,2571,2,80,160
9181,3696,2575,2,300,600
9182,3697,156,3,250,750
9183,3698,777,3,120,360
9184,3698,783,3,300,900
9185,3699,3738,3,450,1350
9186,3700,451,2,300,600
9187,3700,454,1,200,200
9188,3700,453,3,450,1350
9189,3701,2254,2,250,500
9190,3701,2258,3,500,1500
9191,3701,2255,3,250,750
9192,3701,2261,2,150,300
9193,3702,788,1,200,200
9194,3703,2435,3,350,1050
9195,3703,2445,2,120,240
9196,3703,2444,3,450,1350
9197,3703,2441,1,400,400
9198,3704,4296,3,120,360
9199,3704,4294,2,180,360
9200,3704,4293,2,100,200
9201,3704,4292,1,80,80
9202,3705,3215,3,120,360
9203,3706,577,1,500,500
9204,3706,572,1,250,250
9205,3706,576,2,100,200
9206,3706,571,2,280,560
9207,3707,2705,3,250,750
9208,3707,2707,2,80,160
9209,3707,2706,3,400,1200
9210,3708,47,3,100,300
9211,3708,43,1,150,150
9212,3708,42,3,100,300
9213,3709,1874,3,100,300
9214,3709,1876,2,500,1000
9215,3709,1875,3,300,900
9216,3710,2495,3,200,600
9217,3710,2488,2,500,1000
9218,3711,886,2,350,700
9219,3711,885,1,500,500
9220,3711,891,2,200,400
9221,3711,889,3,280,840
9222,3712,3038,1,280,280
9223,3712,3035,2,450,900
9224,3712,3037,2,250,500
9225,3713,3901,2,120,240
9226,3714,1564,3,80,240
9227,3714,1566,2,350,700
9228,3715,1128,1,220,220
9229,3715,1131,1,120,120
9230,3716,2533,2,220,440
9231,3716,2531,2,180,360
9232,3716,2534,3,350,1050
9233,3716,2530,1,250,250
9234,3717,3645,2,400,800
9235,3717,3644,1,150,150
9236,3717,3647,3,350,1050
9237,3717,3642,3,280,840
9238,3718,2567,2,200,400
9239,3718,2558,1,450,450
9240,3718,2563,3,200,600
9241,3718,2564,1,280,280
9242,3719,578,2,250,500
9243,3719,571,2,280,560
9244,3719,572,2,250,500
9245,3720,3241,1,80,80
9246,3720,3245,2,400,800
9247,3720,3242,2,400,800
9248,3720,3247,1,500,500
9249,3721,786,1,300,300
9250,3721,790,1,300,300
9251,3722,720,1,280,280
9252,3723,1153,1,280,280
9253,3723,1158,1,180,180
9254,3723,1155,1,200,200
9255,3723,1162,1,450,450
9256,3724,59,2,250,500
9257,3724,56,2,250,500
9258,3724,58,1,280,280
9259,3725,2868,1,280,280
9260,3726,1191,1,100,100
9261,3726,1193,3,220,660
9262,3727,244,3,80,240
9263,3727,245,2,250,500
9264,3727,246,1,100,100
9265,3727,247,1,80,80
9266,3728,772,1,250,250
9267,3728,774,1,180,180
9268,3729,3029,1,200,200
9269,3729,3030,1,280,280
9270,3729,3031,3,80,240
9271,3730,135,3,350,1050
9272,3730,131,3,100,300
9273,3730,140,2,150,300
9274,3730,133,1,100,100
9275,3731,3132,3,80,240
9276,3732,3861,3,120,360
9277,3733,327,3,250,750
9278,3734,789,3,300,900
9279,3734,786,2,300,600
9280,3734,788,3,200,600
9281,3734,790,2,300,600
9282,3735,2394,3,350,1050
9283,3736,72,3,150,450
9284,3736,75,3,300,900
9285,3736,73,3,250,750
9286,3737,3469,2,150,300
9287,3737,3465,1,300,300
9288,3738,2348,2,180,360
9289,3738,2349,2,150,300
9290,3738,2351,2,300,600
9291,3739,942,2,400,800
9292,3739,943,1,350,350
9293,3740,3523,3,450,1350
9294,3740,3527,2,150,300
9295,3740,3524,1,400,400
9296,3741,3275,2,150,300
9297,3741,3279,1,200,200
9298,3741,3276,3,120,360
9299,3742,2177,3,500,1500
9300,3742,2170,1,500,500
9301,3742,2179,1,500,500
9302,3743,3141,3,100,300
9303,3743,3139,2,350,700
9304,3743,3143,1,200,200
9305,3743,3144,3,100,300
9306,3744,3461,1,100,100
9307,3745,633,1,250,250
9308,3745,631,3,180,540
9309,3745,630,2,280,560
9310,3746,745,3,350,1050
9311,3747,3888,3,250,750
9312,3747,3886,1,200,200
9313,3747,3889,1,80,80
9314,3748,1489,3,100,300
9315,3749,430,2,100,200
9316,3749,428,2,120,240
9317,3750,3167,2,80,160
9318,3751,3849,2,120,240
9319,3751,3855,1,250,250
9320,3751,3845,3,400,1200
9321,3752,2409,2,180,360
9322,3753,1402,1,80,80
9323,3753,1396,1,120,120
9324,3753,1401,1,80,80
9325,3754,3992,2,280,560
9326,3754,3994,2,400,800
9327,3754,3996,1,400,400
9328,3754,3993,2,80,160
9329,3755,2742,1,300,300
9330,3755,2743,1,200,200
9331,3755,2741,3,220,660
9332,3756,2188,3,250,750
9333,3756,2181,1,500,500
9334,3756,2180,3,200,600
9335,3756,2186,3,250,750
9336,3757,1808,1,180,180
9337,3758,2745,2,280,560
9338,3758,2738,1,500,500
9339,3759,2529,3,100,300
9340,3759,2523,1,150,150
9341,3759,2526,2,150,300
9342,3759,2528,2,350,700
9343,3760,2676,2,220,440
9344,3760,2674,2,120,240
9345,3760,2675,2,120,240
9346,3760,2673,1,400,400
9347,3761,1072,3,220,660
9348,3762,365,2,150,300
9349,3762,368,2,200,400
9350,3762,367,2,500,1000
9351,3762,366,3,250,750
9352,3763,1778,2,120,240
9353,3764,2555,2,100,200
9354,3765,3698,1,300,300
9355,3766,4069,2,80,160
9356,3767,4264,3,200,600
9357,3767,4262,2,300,600
9358,3768,655,1,220,220
9359,3768,656,3,350,1050
9360,3768,657,3,350,1050
9361,3769,931,1,150,150
9362,3770,402,2,120,240
9363,3770,396,2,500,1000
9364,3770,397,3,350,1050
9365,3770,399,3,250,750
9366,3771,1711,1,350,350
9367,3771,1713,2,350,700
9368,3771,1715,1,300,300
9369,3772,604,3,120,360
9370,3772,603,2,300,600
9371,3772,605,3,400,1200
9372,3772,609,1,180,180
9373,3773,225,2,250,500
9374,3774,2559,2,200,400
9375,3774,2561,1,150,150
9376,3774,2566,2,200,400
9377,3774,2565,3,350,1050
9378,3775,3643,3,200,600
9379,3775,3644,3,150,450
9380,3776,3427,1,450,450
9381,3776,3423,1,500,500
9382,3776,3428,1,400,400
9383,3777,504,1,150,150
9384,3777,497,3,100,300
9385,3777,499,1,80,80
9386,3777,503,2,180,360
9387,3778,1946,1,100,100
9388,3778,1945,1,450,450
9389,3778,1948,3,80,240
9390,3778,1950,1,220,220
9391,3779,1936,2,350,700
9392,3780,1906,1,120,120
9393,3780,1904,1,450,450
9394,3781,4111,3,250,750
9395,3782,2725,1,100,100
9396,3782,2728,1,280,280
9397,3783,1317,1,400,400
9398,3783,1320,3,400,1200
9399,3783,1315,1,400,400
9400,3783,1314,1,400,400
9401,3784,3204,3,300,900
9402,3784,3213,3,80,240
9403,3784,3208,3,120,360
9404,3784,3202,1,500,500
9405,3785,4277,3,150,450
9406,3785,4275,2,280,560
9407,3785,4273,2,120,240
9408,3786,2554,1,180,180
9409,3786,2555,1,100,100
9410,3786,2552,2,300,600
9411,3786,2553,3,200,600
9412,3787,1502,1,280,280
9413,3787,1500,2,80,160
9414,3787,1501,3,220,660
9415,3788,2226,2,80,160
9416,3788,2227,2,350,700
9417,3789,3943,3,80,240
9418,3789,3941,2,80,160
9419,3789,3936,3,100,300
9420,3789,3935,3,200,600
9421,3790,2367,2,200,400
9422,3790,2366,1,300,300
9423,3790,2374,3,300,900
9424,3790,2369,1,400,400
9425,3791,3731,3,350,1050
9426,3792,4292,3,80,240
9427,3792,4293,2,100,200
9428,3792,4295,1,200,200
9429,3793,2810,2,400,800
9430,3793,2809,2,450,900
9431,3793,2811,2,120,240
9432,3793,2807,2,220,440
9433,3794,3844,2,280,560
9434,3794,3847,1,400,400
9435,3794,3854,2,220,440
9436,3794,3849,3,120,360
9437,3795,1123,3,220,660
9438,3795,1125,2,80,160
9439,3796,1655,2,250,500
9440,3796,1659,3,120,360
9441,3797,394,1,100,100
9442,3797,400,1,220,220
9443,3797,397,1,350,350
9444,3797,398,2,220,440
9445,3798,2376,1,300,300
9446,3798,2366,2,300,600
9447,3798,2372,2,220,440
9448,3798,2374,3,300,900
9449,3799,1903,2,100,200
9450,3800,2686,3,250,750
9451,3800,2689,2,80,160
9452,3800,2685,1,350,350
9453,3800,2688,2,280,560
9454,3801,2965,2,280,560
9455,3802,1734,3,450,1350
9456,3802,1729,1,180,180
9457,3802,1733,3,250,750
9458,3803,1907,1,180,180
9459,3803,1906,1,120,120
9460,3804,2697,1,200,200
9461,3805,3786,2,200,400
9462,3805,3783,3,300,900
9463,3805,3782,3,300,900
9464,3805,3781,2,150,300
9465,3806,4302,1,220,220
9466,3806,4299,1,80,80
9467,3807,3046,3,120,360
9468,3808,4160,2,350,700
9469,3808,4169,1,200,200
9470,3808,4162,1,220,220
9471,3809,2466,2,250,500
9472,3809,2465,2,300,600
9473,3809,2467,3,220,660
9474,3809,2464,3,220,660
9475,3810,115,2,250,500
9476,3811,3373,1,100,100
9477,3811,3376,2,80,160
9478,3811,3377,3,120,360
9479,3812,226,1,280,280
9480,3812,229,3,80,240
9481,3812,225,2,250,500
9482,3812,230,1,150,150
9483,3813,4268,2,400,800
9484,3813,4269,1,200,200
9485,3813,4270,3,500,1500
9486,3813,4271,3,150,450
9487,3814,1070,3,350,1050
9488,3815,3344,1,180,180
9489,3815,3342,1,250,250
9490,3815,3345,3,250,750
9491,3816,1792,3,500,1500
9492,3816,1788,3,300,900
9493,3816,1789,3,120,360
9494,3816,1786,1,180,180
9495,3817,881,1,300,300
9496,3817,875,2,300,600
9497,3817,874,2,180,360
9498,3817,876,1,500,500
9499,3818,940,1,80,80
9500,3818,944,2,180,360
9501,3818,941,2,80,160
9502,3818,943,3,350,1050
9503,3819,1508,3,150,450
9504,3819,1506,1,220,220
9505,3820,432,1,500,500
9506,3820,435,3,150,450
9507,3820,436,1,350,350
9508,3821,1659,2,120,240
9509,3821,1654,1,150,150
9510,3821,1656,1,200,200
9511,3822,759,2,150,300
9512,3823,986,3,150,450
9513,3823,982,1,80,80
9514,3824,2752,1,400,400
9515,3824,2751,2,250,500
9516,3825,937,2,80,160
9517,3826,306,2,450,900
9518,3826,298,3,80,240
9519,3827,52,2,250,500
9520,3828,342,2,250,500
9521,3828,345,1,100,100
9522,3828,343,2,80,160
9523,3829,3078,3,250,750
9524,3829,3081,3,250,750
9525,3830,2561,2,150,300
9526,3830,2556,2,500,1000
9527,3831,3982,3,250,750
9528,3831,3980,3,200,600
9529,3832,4311,3,350,1050
9530,3833,2644,1,300,300
9531,3833,2641,2,120,240
9532,3834,952,3,500,1500
9533,3835,3737,2,80,160
9534,3835,3739,2,250,500
9535,3836,907,1,100,100
9536,3836,905,3,450,1350
9537,3836,908,1,280,280
9538,3836,913,3,150,450
9539,3837,1829,2,450,900
9540,3837,1835,1,250,250
9541,3837,1826,2,280,560
9542,3838,556,2,500,1000
9543,3838,548,1,450,450
9544,3838,552,3,300,900
9545,3839,1124,3,80,240
9546,3839,1126,1,280,280
9547,3840,3487,3,180,540
9548,3841,3552,3,400,1200
9549,3841,3554,1,200,200
9550,3841,3553,1,220,220
9551,3841,3551,1,250,250
9552,3842,3075,3,80,240
9553,3842,3073,3,280,840
9554,3843,2207,2,300,600
9555,3843,2208,2,120,240
9556,3844,624,1,200,200
9557,3844,628,1,150,150
9558,3845,321,1,100,100
9559,3845,324,1,450,450
9560,3845,325,2,250,500
9561,3846,1095,3,100,300
9562,3846,1100,3,100,300
9563,3846,1099,1,350,350
9564,3846,1096,1,120,120
9565,3847,3258,2,250,500
9566,3848,1880,1,200,200
9567,3849,3955,1,350,350
9568,3849,3958,2,180,360
9569,3850,3988,2,220,440
9570,3850,3981,2,200,400
9571,3850,3980,3,200,600
9572,3850,3991,2,500,1000
9573,3851,1168,2,180,360
9574,3851,1164,3,200,600
9575,3852,464,3,150,450
9576,3852,463,2,450,900
9577,3853,125,1,220,220
9578,3853,126,1,280,280
9579,3853,129,2,250,500
9580,3853,124,3,400,1200
9581,3854,193,1,180,180
9582,3854,195,3,100,300
9583,3854,192,3,250,750
9584,3855,91,2,80,160
9585,3856,4084,1,120,120
9586,3856,4083,2,80,160
9587,3856,4081,1,120,120
9588,3857,48,3,150,450
9589,3857,49,3,300,900
9590,3857,52,3,250,750
9591,3857,51,1,100,100
9592,3858,3871,1,250,250
9593,3858,3872,1,120,120
9594,3858,3869,1,500,500
9595,3859,3141,2,100,200
9596,3859,3138,2,80,160
9597,3859,3143,1,200,200
9598,3859,3140,2,400,800
9599,3860,2130,1,200,200
9600,3860,2126,2,180,360
9601,3860,2128,1,280,280
9602,3861,2564,3,280,840
9603,3862,4146,3,280,840
9604,3862,4142,1,200,200
9605,3862,4144,3,120,360
9606,3862,4147,2,100,200
9607,3863,533,2,350,700
9608,3863,529,2,120,240
9609,3864,3298,1,400,400
9610,3864,3303,3,120,360
9611,3864,3301,2,100,200
9612,3864,3299,2,500,1000
9613,3865,2501,2,450,900
9614,3865,2509,1,500,500
9615,3865,2502,3,500,1500
9616,3865,2503,3,350,1050
9617,3866,1954,3,350,1050
9618,3866,1946,3,100,300
9619,3866,1950,2,220,440
9620,3866,1955,1,500,500
9621,3867,1598,3,450,1350
9622,3868,609,3,180,540
9623,3869,2881,1,450,450
9624,3869,2880,1,180,180
9625,3869,2879,3,250,750
9626,3869,2878,1,180,180
9627,3870,612,2,180,360
9628,3871,3074,3,400,1200
9629,3872,464,2,150,300
9630,3872,463,3,450,1350
9631,3872,469,2,150,300
9632,3872,468,2,450,900
9633,3873,2096,1,150,150
9634,3873,2098,1,280,280
9635,3873,2099,3,150,450
9636,3874,245,3,250,750
9637,3875,1795,1,300,300
9638,3876,3911,3,450,1350
9639,3877,783,1,300,300
9640,3878,750,2,450,900
9641,3879,3112,2,280,560
9642,3879,3107,1,150,150
9643,3880,2951,1,150,150
9644,3880,2948,1,450,450
9645,3881,1896,2,280,560
9646,3881,1894,3,200,600
9647,3882,958,1,200,200
9648,3883,4187,2,180,360
9649,3884,3823,2,300,600
9650,3884,3822,2,180,360
9651,3885,241,2,100,200
9652,3885,240,2,350,700
9653,3886,3404,1,220,220
9654,3886,3406,2,120,240
9655,3886,3409,1,80,80
9656,3886,3410,1,220,220
9657,3887,2868,3,280,840
9658,3887,2874,3,220,660
9659,3887,2869,1,500,500
9660,3888,1823,2,150,300
9661,3888,1824,1,350,350
9662,3889,1771,1,100,100
9663,3889,1769,2,120,240
9664,3889,1770,3,450,1350
9665,3890,798,2,300,600
9666,3891,3268,3,180,540
9667,3891,3270,2,80,160
9668,3891,3271,3,150,450
9669,3892,340,1,450,450
9670,3892,339,2,220,440
9671,3892,342,2,250,500
9672,3892,341,2,220,440
9673,3893,792,1,250,250
9674,3893,798,3,300,900
9675,3894,1764,1,450,450
9676,3894,1763,2,250,500
9677,3894,1761,2,80,160
9678,3894,1762,1,80,80
9679,3895,3307,1,150,150
9680,3896,2192,1,150,150
9681,3896,2195,2,80,160
9682,3896,2189,3,150,450
9683,3896,2200,1,220,220
9684,3897,634,1,180,180
9685,3898,2611,3,200,600
9686,3898,2613,3,80,240
9687,3899,1091,3,120,360
9688,3900,1792,3,500,1500
9689,3900,1791,2,400,800
9690,3901,2864,3,180,540
9691,3901,2861,2,100,200
9692,3901,2857,1,120,120
9693,3902,562,3,80,240
9694,3902,560,3,500,1500
9695,3903,2581,1,450,450
9696,3904,2748,3,220,660
9697,3905,3534,1,300,300
9698,3905,3533,3,150,450
9699,3905,3537,3,300,900
9700,3906,91,2,80,160
9701,3906,92,1,250,250
9702,3907,2618,3,250,750
9703,3907,2617,2,500,1000
9704,3908,1447,1,200,200
9705,3908,1448,2,220,440
9706,3908,1449,1,200,200
9707,3909,1161,2,450,900
9708,3909,1156,2,300,600
9709,3910,2129,2,180,360
9710,3910,2119,1,280,280
9711,3910,2127,3,80,240
9712,3911,2317,1,200,200
9713,3911,2320,2,180,360
9714,3911,2319,2,500,1000
9715,3912,1797,3,280,840
9716,3912,1793,1,80,80
9717,3913,87,1,450,450
9718,3913,84,2,400,800
9719,3914,4314,1,350,350
9720,3915,731,1,100,100
9721,3915,742,3,150,450
9722,3915,734,1,400,400
9723,3916,1744,2,80,160
9724,3917,1578,3,80,240
9725,3918,1575,3,220,660
9726,3918,1571,3,400,1200
9727,3918,1574,2,280,560
9728,3919,2983,1,350,350
9729,3919,2986,1,250,250
9730,3919,2985,3,180,540
9731,3920,1970,2,180,360
9732,3921,3888,3,250,750
9733,3922,4293,3,100,300
9734,3922,4294,2,180,360
9735,3922,4296,3,120,360
9736,3923,557,2,80,160
9737,3923,548,1,450,450
9738,3923,558,2,220,440
9739,3924,2307,2,300,600
9740,3924,2305,3,250,750
9741,3924,2303,2,450,900
9742,3925,1196,3,200,600
9743,3926,1427,2,280,560
9744,3926,1432,2,350,700
9745,3926,1431,3,200,600
9746,3927,21,2,120,240
9747,3928,2145,1,280,280
9748,3929,763,1,80,80
9749,3929,764,2,200,400
9750,3930,2713,1,400,400
9751,3931,1848,3,280,840
9752,3932,51,1,100,100
9753,3932,50,3,400,1200
9754,3933,3184,1,80,80
9755,3933,3190,2,500,1000
9756,3933,3187,2,450,900
9757,3934,359,1,350,350
9758,3934,361,1,120,120
9759,3935,1298,1,280,280
9760,3935,1304,3,500,1500
9761,3935,1300,3,450,1350
9762,3935,1299,3,300,900
9763,3936,3887,2,120,240
9764,3936,3888,3,250,750
9765,3937,3320,2,300,600
9766,3937,3323,3,450,1350
9767,3937,3324,2,400,800
9768,3938,687,2,250,500
9769,3938,685,1,450,450
9770,3938,686,1,350,350
9771,3938,683,3,250,750
9772,3939,1249,1,250,250
9773,3940,3476,3,80,240
9774,3940,3480,2,100,200
9775,3941,1341,2,500,1000
9776,3941,1335,3,100,300
9777,3941,1332,1,450,450
9778,3941,1339,2,200,400
9779,3942,867,1,280,280
9780,3942,869,1,280,280
9781,3942,862,2,180,360
9782,3942,861,2,200,400
9783,3943,3056,1,200,200
9784,3944,1246,2,400,800
9785,3944,1242,1,400,400
9786,3944,1244,3,300,900
9787,3945,3484,2,120,240
9788,3945,3485,1,150,150
9789,3946,782,3,180,540
9790,3946,775,2,280,560
9791,3946,777,2,120,240
9792,3946,780,1,500,500
9793,3947,51,3,100,300
9794,3947,50,1,400,400
9795,3947,52,2,250,500
9796,3948,927,1,400,400
9797,3949,764,3,200,600
9798,3949,761,1,220,220
9799,3950,1088,3,150,450
9800,3950,1085,1,350,350
9801,3951,3220,2,400,800
9802,3951,3223,3,120,360
9803,3951,3215,2,120,240
9804,3951,3221,1,500,500
9805,3952,375,1,400,400
9806,3952,372,1,280,280
9807,3952,377,2,450,900
9808,3952,376,3,450,1350
9809,3953,4274,1,220,220
9810,3953,4273,3,120,360
9811,3954,2151,1,400,400
9812,3954,2150,3,200,600
9813,3955,2331,1,400,400
9814,3955,2334,2,300,600
9815,3955,2338,2,280,560
9816,3955,2340,3,400,1200
9817,3956,415,2,220,440
9818,3956,414,3,150,450
9819,3956,416,1,250,250
9820,3957,1136,2,120,240
9821,3958,339,1,220,220
9822,3958,345,1,100,100
9823,3958,341,1,220,220
9824,3959,1464,2,250,500
9825,3959,1465,3,180,540
9826,3959,1468,3,350,1050
9827,3959,1461,3,400,1200
9828,3960,633,3,250,750
9829,3960,630,1,280,280
9830,3960,629,2,150,300
9831,3960,632,1,80,80
9832,3961,3412,2,450,900
9833,3961,3413,3,200,600
9834,3961,3414,1,220,220
9835,3961,3422,2,300,600
9836,3962,2028,1,250,250
9837,3963,1856,2,220,440
9838,3963,1855,1,200,200
9839,3964,1445,2,200,400
9840,3965,90,3,250,750
9841,3965,94,2,300,600
9842,3965,91,2,80,160
9843,3966,4173,3,80,240
9844,3967,383,1,80,80
9845,3967,384,2,280,560
9846,3968,1955,1,500,500
9847,3968,1950,3,220,660
9848,3968,1946,2,100,200
9849,3969,3775,1,400,400
9850,3969,3772,2,500,1000
9851,3970,3056,1,200,200
9852,3970,3054,2,500,1000
9853,3971,3011,3,280,840
9854,3971,3006,3,280,840
9855,3971,3002,2,450,900
9856,3972,340,2,450,900
9857,3972,343,1,80,80
9858,3972,342,3,250,750
9859,3972,345,1,100,100
9860,3973,917,1,300,300
9861,3973,914,3,250,750
9862,3974,3271,3,150,450
9863,3974,3269,3,150,450
9864,3974,3270,1,80,80
9865,3974,3268,1,180,180
9866,3975,2376,1,300,300
9867,3975,2365,3,220,660
9868,3975,2369,1,400,400
9869,3975,2370,2,200,400
9870,3976,3573,2,250,500
9871,3976,3574,2,350,700
9872,3976,3575,1,350,350
9873,3977,1282,2,300,600
9874,3977,1285,3,280,840
9875,3978,3455,1,250,250
9876,3978,3454,1,350,350
9877,3978,3451,1,200,200
9878,3979,4077,1,80,80
9879,3979,4074,3,500,1500
9880,3979,4073,1,500,500
9881,3979,4068,3,180,540
9882,3980,3063,1,300,300
9883,3981,3933,2,220,440
9884,3981,3943,2,80,160
9885,3981,3942,3,80,240
9886,3981,3939,2,80,160
9887,3982,1056,3,120,360
9888,3982,1059,3,350,1050
9889,3983,253,3,150,450
9890,3983,250,2,100,200
9891,3983,252,1,80,80
9892,3984,3945,1,100,100
9893,3985,2147,1,200,200
9894,3985,2148,1,180,180
9895,3985,2149,3,80,240
9896,3985,2143,2,200,400
9897,3986,1297,2,200,400
9898,3986,1303,3,180,540
9899,3987,3383,2,280,560
9900,3987,3384,1,300,300
9901,3988,3152,2,120,240
9902,3988,3153,3,150,450
9903,3988,3147,3,200,600
9904,3989,31,2,120,240
9905,3989,34,3,450,1350
9906,3990,3324,3,400,1200
9907,3990,3322,2,100,200
9908,3990,3323,3,450,1350
9909,3991,4027,1,200,200
9910,3991,4025,3,300,900
9911,3992,2477,1,350,350
9912,3992,2481,3,150,450
9913,3992,2479,2,350,700
9914,3992,2482,3,400,1200
9915,3993,231,3,400,1200
9916,3993,236,2,180,360
9917,3993,235,1,220,220
9918,3993,234,3,280,840
9919,3994,2608,3,500,1500
9920,3994,2610,3,80,240
9921,3995,1475,3,300,900
9922,3996,127,1,180,180
9923,3997,112,1,280,280
9924,3997,108,2,80,160
9925,3997,116,2,300,600
9926,3997,109,1,450,450
9927,3998,1491,3,300,900
9928,3999,3423,3,500,1500
9929,3999,3424,1,180,180
9930,3999,3429,1,180,180
9931,3999,3427,2,450,900
9932,4000,4250,3,80,240
9933,4000,4251,3,250,750
9934,4000,4252,2,400,800
9935,4000,4253,2,280,560
9936,4001,3294,1,80,80
9937,4001,3292,3,500,1500
9938,4001,3288,1,120,120
9939,4002,2538,1,450,450
9940,4002,2540,2,350,700
9941,4003,1963,2,220,440
9942,4003,1958,3,300,900
9943,4003,1961,3,250,750
9944,4003,1960,3,300,900
9945,4004,163,3,280,840
9946,4004,161,1,120,120
9947,4004,165,2,350,700
9948,4005,4313,3,500,1500
9949,4005,4315,3,450,1350
9950,4005,4306,2,250,500
9951,4006,3822,3,180,540
9952,4007,4304,3,200,600
9953,4007,4300,3,220,660
9954,4007,4305,2,400,800
9955,4007,4299,3,80,240
9956,4008,2679,1,350,350
9957,4009,1104,3,220,660
9958,4009,1103,1,250,250
9959,4010,3448,3,180,540
9960,4010,3440,3,400,1200
9961,4010,3445,3,180,540
9962,4011,771,3,500,1500
9963,4011,773,3,280,840
9964,4011,768,1,500,500
9965,4011,774,1,180,180
9966,4012,683,3,250,750
9967,4012,688,3,280,840
9968,4013,1608,3,280,840
9969,4013,1606,3,250,750
9970,4013,1609,2,200,400
9971,4014,3487,3,180,540
9972,4014,3489,2,250,500
9973,4014,3486,2,80,160
9974,4015,233,2,300,600
9975,4015,237,2,200,400
9976,4015,235,2,220,440
9977,4015,231,3,400,1200
9978,4016,3181,2,450,900
9979,4016,3187,3,450,1350
9980,4016,3188,2,120,240
9981,4016,3190,2,500,1000
9982,4017,2169,2,450,900
9983,4017,2165,3,80,240
9984,4018,3893,1,120,120
9985,4018,3892,3,500,1500
9986,4018,3891,3,400,1200
9987,4018,3894,1,250,250
9988,4019,4243,2,150,300
9989,4019,4241,2,450,900
9990,4019,4240,3,80,240
9991,4020,1343,1,120,120
9992,4020,1352,3,150,450
9993,4020,1346,3,180,540
9994,4020,1351,1,100,100
9995,4021,4276,1,280,280
9996,4021,4274,1,220,220
9997,4022,4264,2,200,400
9998,4023,286,3,150,450
9999,4023,288,1,500,500
10000,4023,289,2,220,440
10001,4024,364,3,180,540
10002,4024,363,3,220,660
10003,4024,361,3,120,360
10004,4024,362,2,80,160
10005,4025,3144,2,100,200
10006,4026,4182,1,350,350
10007,4027,2317,1,200,200
10008,4027,2321,2,300,600
10009,4027,2322,3,200,600
10010,4027,2316,1,500,500
10011,4028,2452,2,300,600
10012,4028,2449,1,500,500
10013,4029,2811,1,120,120
10014,4029,2808,3,400,1200
10015,4030,3001,2,120,240
10016,4030,3003,3,120,360
10017,4030,3007,1,200,200
10018,4031,3611,3,250,750
10019,4031,3615,2,450,900
10020,4031,3610,3,280,840
10021,4031,3613,3,200,600
10022,4032,166,1,100,100
10023,4032,160,1,180,180
10024,4032,162,2,450,900
10025,4032,164,3,100,300
10026,4033,1250,1,400,400
10027,4033,1251,3,450,1350
10028,4033,1259,1,350,350
10029,4034,1869,2,250,500
10030,4035,253,3,150,450
10031,4035,249,2,280,560
10032,4035,251,3,450,1350
10033,4035,250,3,100,300
10034,4036,60,1,120,120
10035,4036,63,1,200,200
10036,4036,69,1,450,450
10037,4036,70,2,120,240
10038,4037,2310,3,300,900
10039,4037,2312,3,120,360
10040,4037,2311,1,100,100
10041,4037,2309,2,350,700
10042,4038,2910,1,150,150
10043,4038,2914,3,300,900
10044,4038,2916,3,150,450
10045,4038,2912,2,500,1000
10046,4039,2691,1,300,300
10047,4040,3237,3,350,1050
10048,4040,3233,1,120,120
10049,4041,1016,1,400,400
10050,4041,1021,2,500,1000
10051,4041,1020,3,80,240
10052,4042,1705,1,450,450
10053,4042,1703,1,220,220
10054,4042,1708,1,300,300
10055,4042,1709,1,280,280
10056,4043,3813,3,100,300
10057,4044,145,3,300,900
10058,4045,2284,2,350,700
10059,4045,2276,3,200,600
10060,4045,2278,1,250,250
10061,4045,2281,1,500,500
10062,4046,3584,2,220,440
10063,4046,3582,1,500,500
10064,4047,2132,3,500,1500
10065,4047,2131,1,350,350
10066,4048,2390,1,100,100
10067,4048,2391,1,350,350
10068,4048,2387,3,220,660
10069,4049,1796,3,200,600
10070,4049,1794,1,300,300
10071,4050,2027,2,450,900
10072,4051,2905,2,250,500
10073,4051,2903,3,200,600
10074,4051,2906,3,200,600
10075,4051,2901,2,250,500
10076,4052,3518,1,80,80
10077,4052,3515,1,500,500
10078,4052,3516,3,400,1200
10079,4053,1627,1,150,150
10080,4053,1625,2,100,200
10081,4053,1626,2,500,1000
10082,4053,1629,1,500,500
10083,4054,2440,1,220,220
10084,4054,2439,1,400,400
10085,4054,2437,1,150,150
10086,4055,2674,2,120,240
10087,4055,2677,1,220,220
10088,4055,2673,1,400,400
10089,4055,2676,3,220,660
10090,4056,1788,3,300,900
10091,4057,2996,2,280,560
10092,4058,217,1,280,280
10093,4058,210,2,180,360
10094,4059,3078,1,250,250
10095,4059,3081,1,250,250
10096,4060,3077,1,500,500
10097,4060,3070,3,300,900
10098,4060,3069,3,450,1350
10099,4061,572,1,250,250
10100,4062,2657,3,80,240
10101,4063,1454,2,250,500
10102,4063,1456,1,220,220
10103,4063,1453,2,100,200
10104,4063,1457,3,120,360
10105,4064,1836,3,400,1200
10106,4064,1830,2,150,300
10107,4064,1826,1,280,280
10108,4064,1827,2,120,240
10109,4065,1001,3,220,660
10110,4066,3270,1,80,80
10111,4066,3271,3,150,450
10112,4067,3428,1,400,400
10113,4067,3429,2,180,360
10114,4068,1990,2,450,900
10115,4068,1994,2,100,200
10116,4068,1991,1,500,500
10117,4069,36,1,450,450
10118,4070,1302,2,150,300
10119,4070,1297,3,200,600
10120,4070,1300,3,450,1350
10121,4071,646,3,400,1200
10122,4071,647,2,300,600
10123,4071,644,2,80,160
10124,4071,650,3,400,1200
10125,4072,4114,1,220,220
10126,4073,3026,2,150,300
10127,4073,3021,3,120,360
10128,4073,3023,1,300,300
10129,4074,2909,1,80,80
10130,4075,2448,1,150,150
10131,4075,2453,1,250,250
10132,4075,2447,3,250,750
10133,4076,3951,1,350,350
10134,4077,2322,2,200,400
10135,4077,2317,1,200,200
10136,4078,515,3,300,900
10137,4078,512,2,250,500
10138,4078,517,2,500,1000
10139,4079,4057,2,220,440
10140,4079,4051,1,450,450
10141,4079,4056,3,280,840
10142,4080,626,1,120,120
10143,4080,625,2,250,500
10144,4081,362,2,80,160
10145,4082,2006,1,500,500
10146,4082,2002,2,200,400
10147,4082,2007,1,500,500
10148,4083,3877,1,300,300
10149,4084,3086,2,120,240
10150,4084,3091,2,120,240
10151,4085,241,2,100,200
10152,4086,3319,1,400,400
10153,4087,2341,3,100,300
10154,4087,2346,1,220,220
10155,4088,3313,1,450,450
10156,4089,2200,2,220,440
10157,4089,2190,1,280,280
10158,4090,4230,1,500,500
10159,4091,2486,2,200,400
10160,4092,4166,2,500,1000
10161,4092,4168,2,400,800
10162,4092,4165,3,100,300
10163,4093,523,2,250,500
10164,4093,521,3,400,1200
10165,4094,1590,3,500,1500
10166,4094,1591,2,180,360
10167,4094,1596,2,220,440
10168,4094,1598,1,450,450
10169,4095,2225,3,250,750
10170,4095,2224,3,280,840
10171,4095,2230,2,180,360
10172,4095,2231,1,350,350
10173,4096,3823,2,300,600
10174,4096,3821,3,220,660
10175,4096,3824,3,450,1350
10176,4096,3820,2,100,200
10177,4097,129,2,250,500
10178,4097,124,3,400,1200
10179,4097,128,2,500,1000
10180,4097,123,3,280,840
10181,4098,2293,2,100,200
10182,4098,2294,2,280,560
10183,4099,268,3,250,750
10184,4099,271,3,400,1200
10185,4099,266,3,280,840
10186,4100,3495,3,250,750
10187,4100,3496,2,80,160
10188,4100,3498,3,450,1350
10189,4100,3500,2,200,400
10190,4101,1796,2,200,400
10191,4101,1797,3,280,840
10192,4101,1795,3,300,900
10193,4102,905,2,450,900
10194,4103,1771,3,100,300
10195,4104,3656,1,280,280
10196,4104,3657,1,120,120
10197,4105,915,1,120,120
10198,4106,3632,2,100,200
10199,4107,3028,2,150,300
10200,4108,1905,1,120,120
10201,4108,1907,1,180,180
10202,4108,1900,2,450,900
10203,4108,1902,2,180,360
10204,4109,3176,3,500,1500
10205,4110,1229,1,280,280
10206,4110,1237,1,500,500
10207,4110,1236,2,220,440
10208,4111,4284,3,400,1200
10209,4111,4283,1,280,280
10210,4111,4285,3,400,1200
10211,4111,4280,3,280,840
10212,4112,3406,2,120,240
10213,4112,3404,2,220,440
10214,4113,2407,2,200,400
10215,4114,453,3,450,1350
10216,4114,454,1,200,200
10217,4114,452,2,120,240
10218,4115,1626,3,500,1500
10219,4116,4245,2,80,160
10220,4116,4244,2,500,1000
10221,4116,4242,2,500,1000
10222,4116,4240,2,80,160
10223,4117,1161,3,450,1350
10224,4117,1155,2,200,400
10225,4118,578,1,250,250
10226,4118,571,1,280,280
10227,4118,572,2,250,500
10228,4119,1937,2,350,700
10229,4119,1941,1,120,120
10230,4119,1943,3,450,1350
10231,4120,2890,1,200,200
10232,4121,193,2,180,360
10233,4121,194,3,200,600
10234,4121,195,2,100,200
10235,4121,192,2,250,500
10236,4122,1997,1,350,350
10237,4122,1998,3,220,660
10238,4123,516,3,200,600
10239,4123,513,3,350,1050
10240,4123,512,3,250,750
10241,4124,1811,2,250,500
10242,4124,1808,1,180,180
10243,4125,497,1,100,100
10244,4126,226,1,280,280
10245,4126,227,2,280,560
10246,4127,2814,2,500,1000
10247,4127,2816,3,100,300
10248,4127,2817,1,220,220
10249,4128,3889,3,80,240
10250,4128,3888,2,250,500
10251,4128,3886,2,200,400
10252,4128,3885,3,400,1200
10253,4129,1384,2,180,360
10254,4129,1390,3,120,360
10255,4130,4111,1,250,250
10256,4131,3747,3,120,360
10257,4132,2775,2,450,900
10258,4133,1044,2,150,300
10259,4134,3057,2,80,160
10260,4134,3053,2,400,800
10261,4134,3055,1,280,280
10262,4135,4247,2,500,1000
10263,4135,4246,2,220,440
10264,4135,4254,2,450,900
10265,4135,4251,1,250,250
10266,4136,1910,2,350,700
10267,4136,1909,2,120,240
10268,4136,1913,3,250,750
10269,4136,1911,1,450,450
10270,4137,2677,1,220,220
10271,4137,2676,3,220,660
10272,4138,2730,2,200,400
10273,4138,2735,3,250,750
10274,4138,2737,2,500,1000
10275,4139,1383,2,150,300
10276,4139,1387,3,100,300
10277,4140,1279,3,180,540
10278,4141,1987,3,80,240
10279,4141,1982,3,150,450
10280,4141,1985,1,450,450
10281,4141,1986,3,100,300
10282,4142,3694,2,220,440
10283,4143,2910,1,150,150
10284,4143,2916,1,150,150
10285,4143,2912,3,500,1500
10286,4144,619,3,180,540
10287,4144,613,2,120,240
10288,4145,2152,3,400,1200
10289,4145,2153,2,450,900
10290,4146,2900,3,350,1050
10291,4146,2909,1,80,80
10292,4146,2901,3,250,750
10293,4146,2905,1,250,250
10294,4147,3505,1,300,300
10295,4147,3508,2,180,360
10296,4147,3509,1,450,450
10297,4147,3502,2,100,200
10298,4148,3397,2,400,800
10299,4148,3394,1,300,300
10300,4149,2457,3,80,240
10301,4150,2323,3,450,1350
10302,4150,2325,3,280,840
10303,4151,4308,1,450,450
10304,4151,4311,1,350,350
10305,4151,4307,1,100,100
10306,4151,4306,1,250,250
10307,4152,4052,1,120,120
10308,4152,4054,2,250,500
10309,4152,4050,3,500,1500
10310,4153,4304,1,200,200
10311,4154,1369,1,180,180
10312,4154,1371,1,400,400
10313,4154,1370,1,180,180
10314,4154,1373,2,180,360
10315,4155,778,3,300,900
10316,4156,4228,2,80,160
10317,4157,2857,3,120,360
10318,4158,3105,2,180,360
10319,4158,3104,3,500,1500
10320,4158,3113,2,200,400
10321,4158,3110,2,200,400
10322,4159,506,3,100,300
10323,4160,1954,3,350,1050
10324,4160,1952,1,120,120
10325,4160,1945,2,450,900
10326,4161,3955,1,350,350
10327,4161,3958,3,180,540
10328,4162,1857,3,100,300
10329,4162,1853,3,80,240
10330,4163,2923,2,350,700
10331,4163,2917,1,200,200
10332,4163,2928,3,280,840
10333,4164,2608,3,500,1500
10334,4164,2612,2,180,360
10335,4165,2426,2,100,200
10336,4165,2425,1,280,280
10337,4165,2429,3,300,900
10338,4166,2453,1,250,250
10339,4166,2449,1,500,500
10340,4167,2293,2,100,200
10341,4167,2287,3,100,300
10342,4167,2290,2,120,240
10343,4167,2292,1,180,180
10344,4168,3506,1,120,120
10345,4168,3502,1,100,100
10346,4169,1070,3,350,1050
10347,4169,1073,3,180,540
10348,4169,1072,1,220,220
10349,4169,1069,3,150,450
10350,4170,3733,2,80,160
10351,4170,3729,3,200,600
10352,4170,3728,2,120,240
10353,4170,3732,1,300,300
10354,4171,3575,2,350,700
10355,4171,3576,3,500,1500
10356,4171,3574,1,350,350
10357,4172,1312,1,120,120
10358,4172,1313,1,100,100
10359,4173,3603,2,450,900
10360,4173,3606,1,280,280
10361,4173,3602,3,350,1050
10362,4174,2946,2,100,200
10363,4174,2941,2,220,440
10364,4174,2948,2,450,900
10365,4174,2944,1,350,350
10366,4175,203,1,300,300
10367,4175,201,2,120,240
10368,4176,2358,2,120,240
10369,4177,4178,2,400,800
10370,4178,3086,1,120,120
10371,4179,1734,1,450,450
10372,4180,2935,1,100,100
10373,4180,2934,3,150,450
10374,4180,2929,3,180,540
10375,4180,2930,1,120,120
10376,4181,3905,1,280,280
10377,4181,3902,1,120,120
10378,4181,3897,1,250,250
10379,4181,3896,1,220,220
10380,4182,2984,1,450,450
10381,4182,2983,1,350,350
10382,4182,2982,2,220,440
10383,4182,2986,1,250,250
10384,4183,3311,3,100,300
10385,4183,3307,2,150,300
10386,4183,3308,1,120,120
10387,4183,3304,1,500,500
10388,4184,1105,1,450,450
10389,4185,2749,2,220,440
10390,4185,2746,3,150,450
10391,4185,2747,2,150,300
10392,4186,3174,1,150,150
10393,4186,3168,3,200,600
10394,4186,3173,2,120,240
10395,4186,3167,2,80,160
10396,4187,646,2,400,800
10397,4187,641,1,400,400
10398,4187,645,1,250,250
10399,4187,644,3,80,240
10400,4188,3026,1,150,150
10401,4188,3021,1,120,120
10402,4188,3023,3,300,900
10403,4189,773,2,280,560
10404,4189,771,2,500,1000
10405,4190,2722,3,100,300
10406,4190,2727,2,400,800
10407,4190,2721,3,450,1350
10408,4190,2725,2,100,200
10409,4191,940,1,80,80
10410,4192,2792,3,100,300
10411,4192,2787,1,100,100
10412,4193,789,1,300,300
10413,4193,790,2,300,600
10414,4193,787,3,120,360
10415,4193,786,1,300,300
10416,4194,754,2,300,600
10417,4194,748,2,120,240
10418,4195,3337,2,120,240
10419,4195,3331,3,220,660
10420,4195,3334,2,200,400
10421,4195,3332,1,200,200
10422,4196,2631,1,120,120
10423,4197,2082,2,350,700
10424,4197,2079,3,250,750
10425,4197,2077,3,250,750
10426,4198,3778,2,180,360
10427,4198,3772,3,500,1500
10428,4198,3773,1,250,250
10429,4198,3780,2,500,1000
10430,4199,4201,2,400,800
10431,4200,625,3,250,750
10432,4201,861,1,200,200
10433,4202,950,2,300,600
10434,4202,947,1,350,350
10435,4202,945,2,100,200
10436,4203,1126,2,280,560
10437,4204,3444,1,220,220
10438,4204,3440,2,400,800
10439,4204,3441,1,500,500
10440,4205,2468,1,250,250
10441,4205,2466,3,250,750
10442,4206,976,2,220,440
10443,4206,979,1,500,500
10444,4207,1728,2,250,500
10445,4207,1730,1,220,220
10446,4207,1734,3,450,1350
10447,4207,1731,2,250,500
10448,4208,1255,1,350,350
10449,4209,3716,2,100,200
10450,4209,3713,1,400,400
10451,4210,1108,3,300,900
10452,4210,1110,3,150,450
10453,4210,1107,1,350,350
10454,4210,1104,3,220,660
10455,4211,2206,3,120,360
10456,4212,4035,3,220,660
10457,4212,4033,1,220,220
10458,4212,4036,1,120,120
10459,4213,2137,1,180,180
10460,4213,2139,1,120,120
10461,4214,3429,2,180,360
10462,4215,2374,1,300,300
10463,4215,2365,3,220,660
10464,4216,1713,3,350,1050
10465,4217,2307,3,300,900
10466,4217,2306,1,220,220
10467,4217,2303,3,450,1350
10468,4218,2912,3,500,1500
10469,4218,2916,1,150,150
10470,4218,2913,3,450,1350
10471,4219,3196,3,450,1350
10472,4219,3199,2,150,300
10473,4219,3194,1,400,400
10474,4220,2913,2,450,900
10475,4220,2912,2,500,1000
10476,4220,2910,2,150,300
10477,4220,2914,1,300,300
10478,4221,668,1,300,300
10479,4221,666,3,220,660
10480,4221,670,2,350,700
10481,4221,669,3,150,450
10482,4222,499,2,80,160
10483,4222,507,3,400,1200
10484,4223,2350,3,350,1050
10485,4223,2351,3,300,900
10486,4224,541,1,400,400
10487,4224,537,3,220,660
10488,4225,239,1,180,180
10489,4226,3605,3,450,1350
10490,4226,3603,2,450,900
10491,4226,3608,1,100,100
10492,4227,2229,3,300,900
10493,4227,2234,3,280,840
10494,4227,2231,3,350,1050
10495,4228,3947,2,300,600
10496,4228,3946,2,350,700
10497,4228,3944,1,120,120
10498,4228,3953,2,200,400
10499,4229,2154,1,120,120
10500,4230,2328,1,100,100
10501,4230,2324,1,220,220
10502,4230,2326,3,280,840
10503,4230,2329,2,150,300
10504,4231,1880,1,200,200
10505,4231,1886,1,250,250
10506,4231,1885,3,220,660
10507,4232,118,3,180,540
10508,4232,122,2,500,1000
10509,4232,119,3,220,660
10510,4233,234,2,280,560
10511,4233,231,1,400,400
10512,4233,232,2,280,560
10513,4233,237,1,200,200
10514,4234,2008,2,400,800
10515,4234,2004,2,400,800
10516,4234,2011,3,350,1050
10517,4235,1709,1,280,280
10518,4235,1707,2,500,1000
10519,4235,1706,1,150,150
10520,4236,2120,3,100,300
10521,4236,2127,1,80,80
10522,4237,443,2,400,800
10523,4237,439,3,200,600
10524,4238,3724,1,180,180
10525,4239,2324,1,220,220
10526,4239,2329,3,150,450
10527,4239,2326,2,280,560
10528,4240,2394,3,350,1050
10529,4240,2393,1,350,350
10530,4241,3870,1,150,150
10531,4241,3872,3,120,360
10532,4241,3867,3,300,900
10533,4242,2415,2,80,160
10534,4242,2417,3,350,1050
10535,4242,2416,3,220,660
10536,4242,2423,2,150,300
10537,4243,4212,2,120,240
10538,4244,1970,3,180,540
10539,4244,1971,1,400,400
10540,4244,1975,1,400,400
10541,4244,1972,1,350,350
10542,4245,1854,1,150,150
10543,4246,2647,3,150,450
10544,4246,2649,3,180,540
10545,4247,73,1,250,250
10546,4247,77,1,350,350
10547,4248,215,1,180,180
10548,4248,217,1,280,280
10549,4248,212,3,200,600
10550,4249,2436,3,150,450
10551,4250,4169,2,200,400
10552,4250,4167,2,250,500
10553,4250,4165,3,100,300
10554,4250,4160,1,350,350
10555,4251,1276,1,450,450
10556,4251,1277,2,200,400
10557,4251,1275,3,150,450
10558,4252,2392,3,400,1200
10559,4252,2389,2,400,800
10560,4253,2031,2,220,440
10561,4254,3432,3,500,1500
10562,4254,3438,3,300,900
10563,4255,1272,2,300,600
10564,4255,1274,2,500,1000
10565,4255,1273,1,280,280
10566,4256,4144,2,120,240
10567,4256,4146,1,280,280
10568,4257,3526,2,400,800
10569,4257,3527,3,150,450
10570,4258,4188,2,300,600
10571,4259,1343,3,120,360
10572,4259,1347,3,200,600
10573,4260,4107,3,200,600
10574,4261,3354,1,180,180
10575,4261,3349,1,200,200
10576,4261,3350,1,300,300
10577,4261,3352,3,100,300
10578,4262,447,2,200,400
10579,4263,1256,3,350,1050
10580,4263,1249,3,250,750
10581,4264,4074,1,500,500
10582,4264,4073,1,500,500
10583,4264,4072,3,350,1050
10584,4265,1404,2,80,160
10585,4266,2609,3,500,1500
10586,4267,2959,3,120,360
10587,4267,2952,1,250,250
10588,4268,3395,3,300,900
10589,4268,3396,3,80,240
10590,4269,1631,1,180,180
10591,4269,1632,3,280,840
10592,4269,1633,1,120,120
10593,4270,2140,2,500,1000
10594,4270,2137,1,180,180
10595,4270,2142,3,500,1500
10596,4270,2138,2,220,440
10597,4271,713,2,450,900
10598,4271,714,3,500,1500
10599,4272,913,2,150,300
10600,4273,2031,2,220,440
10601,4273,2025,2,80,160
10602,4274,3888,1,250,250
10603,4274,3884,3,180,540
10604,4274,3889,3,80,240
10605,4275,473,2,400,800
10606,4276,278,3,250,750
10607,4276,280,2,80,160
10608,4276,281,3,220,660
10609,4277,1819,3,100,300
10610,4277,1821,1,450,450
10611,4277,1822,3,80,240
10612,4277,1823,2,150,300
10613,4278,4059,1,200,200
10614,4278,4061,2,100,200
10615,4278,4060,1,200,200
10616,4278,4065,1,350,350
10617,4279,3345,1,250,250
10618,4279,3343,1,200,200
10619,4279,3342,1,250,250
10620,4279,3346,2,400,800
10621,4280,3157,1,280,280
10622,4280,3156,3,300,900
10623,4280,3158,1,120,120
10624,4280,3154,2,180,360
10625,4281,3810,2,120,240
10626,4281,3812,3,250,750
10627,4281,3816,1,400,400
10628,4281,3817,3,200,600
10629,4282,87,2,450,900
10630,4283,156,1,250,250
10631,4283,158,3,120,360
10632,4283,157,3,400,1200
10633,4283,159,3,150,450
10634,4284,2828,2,180,360
10635,4285,3368,3,450,1350
10636,4285,3366,2,500,1000
10637,4286,1441,1,450,450
10638,4286,1437,1,180,180
10639,4286,1435,3,300,900
10640,4286,1442,1,350,350
10641,4287,3326,2,280,560
10642,4287,3329,2,350,700
10643,4288,2929,2,180,360
10644,4288,2938,2,450,900
10645,4289,3102,1,300,300
10646,4289,3095,3,180,540
10647,4289,3098,3,350,1050
10648,4290,113,3,150,450
10649,4291,2594,1,180,180
10650,4292,1748,1,150,150
10651,4292,1744,3,80,240
10652,4293,3040,2,500,1000
10653,4293,3044,3,350,1050
10654,4294,2911,3,450,1350
10655,4294,2913,3,450,1350
10656,4295,4025,3,300,900
10657,4295,4026,3,120,360
10658,4296,1892,1,100,100
10659,4296,1894,1,200,200
10660,4297,50,1,400,400
10661,4297,48,2,150,300
10662,4297,52,2,250,500
10663,4298,1017,3,150,450
10664,4298,1021,3,500,1500
10665,4298,1019,3,180,540
10666,4298,1018,2,150,300
10667,4299,967,1,200,200
10668,4299,965,3,350,1050
10669,4300,56,2,250,500
10670,4300,58,1,280,280
10671,4301,2816,3,100,300
10672,4301,2820,1,220,220
10673,4302,4011,2,250,500
10674,4302,4009,1,300,300
10675,4302,4007,1,220,220
10676,4303,3094,3,150,450
10677,4303,3086,1,120,120
10678,4303,3093,3,80,240
10679,4304,1911,1,450,450
10680,4304,1913,1,250,250
10681,4305,1303,1,180,180
10682,4305,1301,2,80,160
10683,4306,1854,2,150,300
10684,4306,1848,1,280,280
10685,4307,167,1,450,450
10686,4307,161,2,120,240
10687,4307,162,3,450,1350
10688,4308,1141,3,150,450
10689,4308,1143,1,300,300
10690,4308,1140,1,250,250
10691,4309,399,2,250,500
10692,4309,401,2,80,160
10693,4309,395,3,500,1500
10694,4310,2245,2,450,900
10695,4311,3919,1,150,150
10696,4311,3923,2,100,200
10697,4311,3918,2,280,560
10698,4311,3921,2,100,200
10699,4312,1240,3,300,900
10700,4312,1245,3,80,240
10701,4313,27,2,280,560
10702,4314,215,1,180,180
10703,4315,1597,1,350,350
10704,4315,1599,3,250,750
10705,4315,1598,1,450,450
10706,4316,1578,1,80,80
10707,4317,3589,2,200,400
10708,4317,3586,1,100,100
10709,4318,3958,1,180,180
10710,4318,3956,1,80,80
10711,4318,3955,3,350,1050
10712,4319,2382,2,250,500
10713,4319,2379,3,400,1200
10714,4320,1303,1,180,180
10715,4321,2827,1,300,300
10716,4322,4240,2,80,160
10717,4322,4245,2,80,160
10718,4323,226,3,280,840
10719,4323,225,3,250,750
10720,4323,230,2,150,300
10721,4323,229,3,80,240
10722,4324,649,3,200,600
10723,4325,752,1,350,350
10724,4325,743,1,200,200
10725,4326,2633,3,450,1350
10726,4326,2630,3,400,1200
10727,4326,2631,1,120,120
10728,4327,1626,3,500,1500
10729,4327,1627,2,150,300
10730,4327,1625,3,100,300
10731,4327,1628,2,100,200
10732,4328,581,1,150,150
10733,4328,580,1,300,300
10734,4329,3369,1,150,150
10735,4329,3370,1,400,400
10736,4330,391,1,120,120
10737,4330,387,2,120,240
10738,4331,1304,3,500,1500
10739,4332,802,2,80,160
10740,4332,804,2,180,360
10741,4332,801,2,220,440
10742,4332,803,1,100,100
10743,4333,4254,1,450,450
10744,4333,4249,2,150,300
10745,4333,4248,3,450,1350
10746,4334,746,1,200,200
10747,4334,745,3,350,1050
10748,4334,754,3,300,900
10749,4334,750,1,450,450
10750,4335,3747,1,120,120
10751,4335,3748,2,450,900
10752,4336,2453,1,250,250
10753,4337,4050,3,500,1500
10754,4337,4048,1,500,500
10755,4337,4047,3,180,540
10756,4337,4053,2,150,300
10757,4338,1632,3,280,840
10758,4338,1635,2,80,160
10759,4338,1634,3,350,1050
10760,4339,3607,2,500,1000
10761,4339,3603,3,450,1350
10762,4339,3608,2,100,200
10763,4340,772,3,250,750
10764,4340,769,3,500,1500
10765,4340,766,2,80,160
10766,4341,800,2,120,240
10767,4342,1320,2,400,800
10768,4343,3400,2,120,240
10769,4343,3399,2,450,900
10770,4343,3403,1,280,280
10771,4343,3401,3,400,1200
10772,4344,3620,1,400,400
10773,4344,3617,1,150,150
10774,4345,3481,3,200,600
10775,4345,3474,3,180,540
10776,4346,95,2,400,800
10777,4346,106,1,200,200
10778,4347,1729,3,180,540
10779,4347,1730,2,220,440
10780,4347,1733,2,250,500
10781,4348,2554,2,180,360
10782,4349,597,2,220,440
10783,4350,1283,2,250,500
10784,4350,1280,2,100,200
10785,4350,1285,1,280,280
10786,4350,1286,1,500,500
10787,4351,2551,3,100,300
10788,4351,2552,1,300,300
10789,4351,2555,1,100,100
10790,4351,2554,1,180,180
10791,4352,1355,1,200,200
10792,4352,1356,3,350,1050
10793,4353,3271,2,150,300
10794,4353,3270,3,80,240
10795,4353,3269,1,150,150
10796,4354,3975,2,150,300
10797,4354,3978,3,400,1200
10798,4354,3973,1,300,300
10799,4354,3974,2,280,560
10800,4355,2425,3,280,840
10801,4355,2427,3,100,300
10802,4355,2426,3,100,300
10803,4355,2424,3,150,450
10804,4356,3811,1,150,150
10805,4356,3815,3,80,240
10806,4356,3817,3,200,600
10807,4357,3712,2,120,240
10808,4357,3710,1,400,400
10809,4358,1773,2,350,700
10810,4359,145,1,300,300
10811,4359,144,2,200,400
10812,4360,1633,3,120,360
10813,4361,3763,2,280,560
10814,4361,3767,2,80,160
10815,4361,3768,3,350,1050
10816,4362,2746,1,150,150
10817,4362,2747,1,150,150
10818,4362,2748,3,220,660
10819,4363,4065,1,350,350
10820,4363,4067,3,200,600
10821,4364,2392,3,400,1200
10822,4365,501,1,350,350
10823,4365,508,3,500,1500
10824,4366,3522,1,300,300
10825,4366,3525,2,180,360
10826,4367,987,1,220,220
10827,4367,988,1,450,450
10828,4367,982,3,80,240
10829,4368,2915,2,100,200
10830,4369,1602,1,100,100
10831,4369,1603,1,500,500
10832,4369,1601,2,400,800
10833,4370,432,2,500,1000
10834,4371,3155,3,150,450
10835,4372,455,1,150,150
10836,4372,460,3,150,450
10837,4372,459,1,80,80
10838,4372,458,1,150,150
10839,4373,1133,1,180,180
10840,4374,2161,1,80,80
10841,4375,3414,2,220,440
10842,4375,3411,2,100,200
10843,4375,3417,1,500,500
10844,4375,3422,2,300,600
10845,4376,968,3,120,360
10846,4376,969,3,300,900
10847,4377,2810,3,400,1200
10848,4377,2806,1,500,500
10849,4377,2811,1,120,120
10850,4378,1430,1,400,400
10851,4378,1429,1,120,120
10852,4378,1427,3,280,840
10853,4378,1428,2,100,200
10854,4379,849,3,250,750
10855,4380,818,3,150,450
10856,4380,823,2,300,600
10857,4380,817,2,80,160
10858,4381,4122,2,180,360
10859,4382,2088,1,180,180
10860,4382,2094,1,450,450
10861,4382,2087,3,400,1200
10862,4382,2092,1,350,350
10863,4383,1816,2,250,500
10864,4384,3061,2,100,200
10865,4385,2253,1,250,250
10866,4385,2251,1,150,150
10867,4386,2416,1,220,220
10868,4386,2421,2,120,240
10869,4386,2423,3,150,450
10870,4386,2422,1,80,80
10871,4387,1068,3,500,1500
10872,4387,1065,3,220,660
10873,4387,1063,3,280,840
10874,4387,1066,3,200,600
10875,4388,1327,1,100,100
10876,4388,1325,3,400,1200
10877,4388,1329,1,250,250
10878,4388,1330,3,100,300
10879,4389,2021,2,250,500
10880,4389,2022,2,280,560
10881,4389,2024,3,500,1500
10882,4390,3037,2,250,500
10883,4390,3034,1,450,450
10884,4390,3036,2,150,300
10885,4391,818,3,150,450
10886,4392,2047,3,100,300
10887,4392,2042,3,280,840
10888,4392,2043,3,400,1200
10889,4392,2041,2,80,160
10890,4393,1535,2,150,300
10891,4393,1531,2,500,1000
10892,4393,1538,2,400,800
10893,4394,1017,1,150,150
10894,4394,1016,2,400,800
10895,4395,3073,2,280,560
10896,4395,3074,2,400,800
10897,4396,528,2,200,400
10898,4396,533,2,350,700
10899,4396,527,2,200,400
10900,4396,532,1,80,80
10901,4397,4180,3,450,1350
10902,4398,3761,1,400,400
10903,4398,3760,2,280,560
10904,4399,3786,3,200,600
10905,4399,3785,2,250,500
10906,4399,3781,1,150,150
10907,4400,1410,1,80,80
10908,4400,1409,2,220,440
10909,4401,21,1,120,120
10910,4401,19,2,280,560
10911,4401,14,2,100,200
10912,4402,3116,1,80,80
10913,4402,3120,2,150,300
10914,4402,3123,3,280,840
10915,4402,3125,2,300,600
10916,4403,3439,1,500,500
10917,4403,3448,1,180,180
10918,4404,2457,2,80,160
10919,4405,537,2,220,440
10920,4406,1765,1,300,300
10921,4406,1762,1,80,80
10922,4406,1764,2,450,900
10923,4406,1761,3,80,240
10924,4407,3057,1,80,80
10925,4407,3055,2,280,560
10926,4408,2541,1,350,350
10927,4408,2540,1,350,350
10928,4409,333,2,450,900
10929,4410,3477,2,120,240
10930,4410,3478,2,450,900
10931,4410,3476,1,80,80
10932,4410,3479,3,200,600
10933,4411,3977,3,120,360
10934,4411,3972,2,180,360
10935,4412,1066,2,200,400
10936,4412,1065,1,220,220
10937,4412,1067,2,500,1000
10938,4412,1063,3,280,840
10939,4413,1149,1,400,400
10940,4413,1151,1,350,350
10941,4413,1148,2,80,160
10942,4414,1486,2,280,560
10943,4414,1488,1,280,280
10944,4414,1487,1,500,500
10945,4414,1483,3,250,750
10946,4415,4295,1,200,200
10947,4416,545,3,280,840
10948,4416,547,1,120,120
10949,4416,544,3,80,240
10950,4417,3352,1,100,100
10951,4418,4191,3,120,360
10952,4418,4186,1,400,400
10953,4418,4187,2,180,360
10954,4419,615,1,450,450
10955,4419,614,2,500,1000
10956,4419,621,3,280,840
10957,4419,617,2,220,440
10958,4420,112,3,280,840
10959,4420,115,2,250,500
10960,4420,108,1,80,80
10961,4420,116,2,300,600
10962,4421,2055,2,450,900
10963,4422,3639,3,500,1500
10964,4422,3638,2,220,440
10965,4422,3640,1,100,100
10966,4422,3632,2,100,200
10967,4423,1626,1,500,500
10968,4423,1628,2,100,200
10969,4424,522,3,180,540
10970,4424,523,3,250,750
10971,4424,519,2,280,560
10972,4425,3147,1,200,200
10973,4425,3150,2,220,440
10974,4426,3452,2,400,800
10975,4426,3453,3,120,360
10976,4426,3450,1,180,180
10977,4427,2999,1,300,300
10978,4427,2995,1,400,400
10979,4427,2998,3,280,840
10980,4427,2997,2,150,300
10981,4428,3490,3,280,840
10982,4429,1301,2,80,160
10983,4429,1304,1,500,500
10984,4429,1303,2,180,360
10985,4430,2029,2,120,240
10986,4431,2701,1,80,80
10987,4431,2698,2,400,800
10988,4431,2697,3,200,600
10989,4432,2313,2,280,560
10990,4432,2312,3,120,360
10991,4432,2311,3,100,300
10992,4433,4084,3,120,360
10993,4433,4082,2,400,800
10994,4434,1570,2,180,360
10995,4434,1571,3,400,1200
10996,4434,1574,3,280,840
10997,4434,1577,1,280,280
10998,4435,2981,2,150,300
10999,4435,2983,1,350,350
11000,4436,315,3,200,600
11001,4436,314,3,500,1500
11002,4437,2963,2,220,440
11003,4438,1683,3,500,1500
11004,4438,1685,3,80,240
11005,4439,2364,1,350,350
11006,4439,2356,2,400,800
11007,4440,22,1,180,180
11008,4441,3083,1,450,450
11009,4441,3079,1,300,300
11010,4442,1164,2,200,400
11011,4442,1169,3,350,1050
11012,4442,1168,1,180,180
11013,4443,2681,2,120,240
11014,4444,1376,1,150,150
11015,4444,1380,2,180,360
11016,4444,1375,1,300,300
11017,4444,1378,1,180,180
11018,4445,2699,3,350,1050
11019,4446,2573,3,400,1200
11020,4446,2571,3,80,240
11021,4446,2572,2,100,200
11022,4446,2569,2,500,1000
11023,4447,1780,2,500,1000
11024,4447,1778,1,120,120
11025,4447,1783,3,180,540
11026,4447,1773,1,350,350
11027,4448,4171,2,450,900
11028,4449,1287,1,350,350
11029,4449,1295,1,350,350
11030,4449,1291,1,400,400
11031,4450,1202,1,150,150
11032,4450,1207,2,350,700
11033,4450,1205,2,120,240
11034,4451,2515,3,80,240
11035,4451,2516,3,220,660
11036,4451,2517,1,220,220
11037,4452,1681,3,500,1500
11038,4452,1685,2,80,160
11039,4452,1686,1,180,180
11040,4452,1683,2,500,1000
11041,4453,454,3,200,600
11042,4454,242,2,150,300
11043,4454,239,2,180,360
11044,4454,241,2,100,200
11045,4455,375,3,400,1200
11046,4455,378,1,180,180
11047,4455,370,3,220,660
11048,4455,374,1,120,120
11049,4456,4135,1,150,150
11050,4457,1276,3,450,1350
11051,4457,1272,2,300,600
11052,4457,1275,2,150,300
11053,4458,330,3,200,600
11054,4459,39,1,250,250
11055,4459,41,1,80,80
11056,4460,3911,2,450,900
11057,4460,3913,1,220,220
11058,4461,2608,3,500,1500
11059,4461,2609,2,500,1000
11060,4461,2613,1,80,80
11061,4461,2605,3,250,750
11062,4462,1453,2,100,200
11063,4463,3138,3,80,240
11064,4464,348,2,150,300
11065,4465,2356,3,400,1200
11066,4465,2358,1,120,120
11067,4465,2361,2,450,900
11068,4466,1299,3,300,900
11069,4466,1303,2,180,360
11070,4466,1300,2,450,900
11071,4466,1301,1,80,80
11072,4467,2118,2,250,500
11073,4468,2104,3,450,1350
11074,4468,2105,1,450,450
11075,4469,3870,2,150,300
11076,4469,3867,3,300,900
11077,4469,3871,3,250,750
11078,4470,1072,1,220,220
11079,4471,2392,2,400,800
11080,4471,2391,3,350,1050
11081,4472,4255,1,300,300
11082,4473,1732,3,500,1500
11083,4473,1731,1,250,250
11084,4474,1181,3,500,1500
11085,4474,1185,2,120,240
11086,4475,2368,1,100,100
11087,4475,2372,2,220,440
11088,4475,2375,1,80,80
11089,4475,2376,3,300,900
11090,4476,3930,2,250,500
11091,4476,3925,3,250,750
11092,4477,1124,1,80,80
11093,4477,1122,3,180,540
11094,4478,1815,1,100,100
11095,4478,1818,2,150,300
11096,4478,1813,3,80,240
11097,4479,3367,3,220,660
11098,4479,3370,2,400,800
11099,4479,3366,1,500,500
11100,4480,3108,1,100,100
11101,4480,3104,3,500,1500
11102,4480,3109,3,180,540
11103,4480,3113,3,200,600
11104,4481,1260,3,200,600
11105,4481,1270,1,100,100
11106,4481,1267,3,500,1500
11107,4481,1261,2,100,200
11108,4482,2037,1,300,300
11109,4482,2035,2,300,600
11110,4483,2798,3,300,900
11111,4483,2800,2,400,800
11112,4483,2801,2,350,700
11113,4484,3096,3,350,1050
11114,4484,3095,1,180,180
11115,4485,2263,1,100,100
11116,4486,49,1,300,300
11117,4486,48,3,150,450
11118,4486,51,3,100,300
11119,4487,2801,3,350,1050
11120,4487,2795,3,80,240
11121,4487,2803,1,80,80
11122,4487,2804,2,400,800
11123,4488,752,1,350,350
11124,4489,126,3,280,840
11125,4489,127,2,180,360
11126,4490,245,1,250,250
11127,4490,246,1,100,100
11128,4490,244,2,80,160
11129,4491,3915,2,350,700
11130,4492,3312,1,80,80
11131,4492,3306,3,400,1200
11132,4492,3307,1,150,150
11133,4493,2272,2,250,500
11134,4493,2273,3,400,1200
11135,4494,885,3,500,1500
11136,4494,888,1,350,350
11137,4494,886,3,350,1050
11138,4495,224,1,450,450
11139,4495,221,3,180,540
11140,4495,219,2,400,800
11141,4495,223,3,350,1050
11142,4496,2023,2,250,500
11143,4496,2020,2,250,500
11144,4496,2022,3,280,840
11145,4496,2021,3,250,750
11146,4497,2036,2,450,900
11147,4497,2040,1,250,250
11148,4497,2035,1,300,300
11149,4497,2033,2,280,560
11150,4498,3748,3,450,1350
11151,4498,3744,3,280,840
11152,4499,1800,1,120,120
11153,4499,1802,3,400,1200
11154,4499,1799,1,220,220
11155,4499,1803,2,300,600
11156,4500,3150,1,220,220
11157,4500,3151,1,180,180
11158,4500,3146,1,120,120
11159,4500,3149,2,200,400
11160,4501,710,3,220,660
11161,4501,700,1,180,180
11162,4501,709,1,280,280
11163,4501,707,2,250,500
11164,4502,1789,2,120,240
11165,4503,1655,2,250,500
11166,4503,1654,2,150,300
11167,4503,1659,2,120,240
11168,4504,11,2,180,360
11169,4504,12,3,100,300
11170,4505,322,1,200,200
11171,4506,571,1,280,280
11172,4506,570,1,220,220
11173,4506,573,2,350,700
11174,4506,574,2,200,400
11175,4507,2937,3,200,600
11176,4507,2934,1,150,150
11177,4507,2930,1,120,120
11178,4508,1659,2,120,240
11179,4508,1656,2,200,400
11180,4508,1654,3,150,450
11181,4508,1655,3,250,750
11182,4509,459,1,80,80
11183,4509,461,2,100,200
11184,4510,2289,2,350,700
11185,4511,3014,1,450,450
11186,4512,4294,1,180,180
11187,4513,1860,3,280,840
11188,4513,1858,3,180,540
11189,4513,1861,1,150,150
11190,4514,1072,2,220,440
11191,4514,1071,1,450,450
11192,4515,3993,2,80,160
11193,4515,3992,2,280,560
11194,4515,3997,1,450,450
11195,4515,3996,2,400,800
11196,4516,788,1,200,200
11197,4516,789,1,300,300
11198,4516,790,3,300,900
11199,4516,787,2,120,240
11200,4517,3290,1,250,250
11201,4518,2412,2,300,600
11202,4518,2414,3,80,240
11203,4518,2413,1,150,150
11204,4518,2409,2,180,360
11205,4519,2696,2,300,600
11206,4519,2694,3,280,840
11207,4519,2693,1,180,180
11208,4519,2692,1,400,400
11209,4520,1336,2,400,800
11210,4520,1340,2,100,200
11211,4520,1335,2,100,200
11212,4521,2404,2,150,300
11213,4522,399,3,250,750
11214,4522,397,1,350,350
11215,4522,393,3,250,750
11216,4522,398,3,220,660
11217,4523,3920,1,350,350
11218,4523,3918,3,280,840
11219,4523,3919,3,150,450
11220,4524,3147,1,200,200
11221,4524,3146,2,120,240
11222,4524,3153,1,150,150
11223,4524,3150,3,220,660
11224,4525,164,2,100,200
11225,4525,162,1,450,450
11226,4525,165,1,350,350
11227,4525,160,1,180,180
11228,4526,1533,3,180,540
11229,4526,1535,3,150,450
11230,4527,818,2,150,300
11231,4527,821,2,220,440
11232,4527,822,2,300,600
11233,4528,1177,2,250,500
11234,4528,1172,3,500,1500
11235,4528,1175,1,300,300
11236,4528,1178,2,280,560
11237,4529,3144,2,100,200
11238,4529,3139,2,350,700
11239,4529,3140,2,400,800
11240,4529,3142,3,200,600
11241,4530,1063,2,280,560
11242,4531,1279,3,180,540
11243,4531,1283,3,250,750
11244,4531,1281,1,150,150
11245,4531,1278,2,400,800
11246,4532,127,3,180,540
11247,4532,123,3,280,840
11248,4533,1094,1,400,400
11249,4533,1097,3,250,750
11250,4534,1592,2,450,900
11251,4535,1834,3,400,1200
11252,4535,1827,3,120,360
11253,4535,1826,1,280,280
11254,4536,294,3,180,540
11255,4537,2241,1,220,220
11256,4538,2053,1,80,80
11257,4538,2052,3,280,840
11258,4539,3108,3,100,300
11259,4539,3113,2,200,400
11260,4539,3112,2,280,560
11261,4539,3110,2,200,400
11262,4540,1733,2,250,500
11263,4540,1728,3,250,750
11264,4540,1730,2,220,440
11265,4540,1729,2,180,360
11266,4541,3041,1,80,80
11267,4541,3042,3,180,540
11268,4542,1950,1,220,220
11269,4542,1946,3,100,300
11270,4542,1947,2,80,160
11271,4542,1949,3,220,660
11272,4543,2731,1,180,180
11273,4543,2733,3,300,900
11274,4543,2737,1,500,500
11275,4544,932,1,120,120
11276,4545,243,2,100,200
11277,4546,4035,1,220,220
11278,4546,4038,3,500,1500
11279,4547,1098,1,80,80
11280,4547,1101,2,280,560
11281,4548,4008,1,180,180
11282,4548,4011,3,250,750
11283,4549,3328,2,450,900
11284,4549,3329,2,350,700
11285,4549,3325,1,500,500
11286,4549,3327,3,80,240
11287,4550,2874,2,220,440
11288,4550,2869,1,500,500
11289,4551,3616,2,400,800
11290,4552,3496,3,80,240
11291,4552,3499,1,350,350
11292,4552,3497,1,250,250
11293,4553,4200,3,100,300
11294,4553,4199,1,280,280
11295,4554,3585,3,350,1050
11296,4554,3582,2,500,1000
11297,4555,422,2,120,240
11298,4556,4206,1,280,280
11299,4556,4211,1,180,180
11300,4556,4209,2,300,600
11301,4556,4210,1,350,350
11302,4557,986,2,150,300
11303,4557,982,2,80,160
11304,4557,985,3,100,300
11305,4558,212,1,200,200
11306,4558,216,3,400,1200
11307,4558,207,2,220,440
11308,4559,3519,2,180,360
11309,4559,3518,3,80,240
11310,4560,683,3,250,750
11311,4560,685,1,450,450
11312,4560,686,3,350,1050
11313,4560,688,2,280,560
11314,4561,1894,1,200,200
11315,4562,61,2,350,700
11316,4562,69,2,450,900
11317,4562,71,3,300,900
11318,4563,4131,1,80,80
11319,4563,4130,3,250,750
11320,4564,1240,2,300,600
11321,4564,1246,3,400,1200
11322,4565,965,2,350,700
11323,4566,1843,1,450,450
11324,4566,1847,3,100,300
11325,4567,1663,3,150,450
11326,4568,2852,1,200,200
11327,4569,4240,1,80,80
11328,4569,4243,2,150,300
11329,4569,4242,2,500,1000
11330,4569,4245,3,80,240
11331,4570,3498,2,450,900
11332,4571,2310,2,300,600
11333,4571,2311,3,100,300
11334,4571,2312,1,120,120
11335,4571,2309,3,350,1050
11336,4572,1697,2,300,600
11337,4573,173,1,280,280
11338,4573,172,3,100,300
11339,4573,176,3,80,240
11340,4573,168,2,120,240
11341,4574,2532,3,250,750
11342,4574,2533,2,220,440
11343,4574,2530,3,250,750
11344,4574,2534,1,350,350
11345,4575,1250,2,400,800
11346,4575,1251,2,450,900
11347,4576,3744,2,280,560
11348,4577,1630,2,220,440
11349,4578,1048,2,120,240
11350,4578,1044,2,150,300
11351,4579,3357,1,200,200
11352,4579,3364,1,350,350
11353,4579,3365,1,150,150
11354,4579,3356,1,220,220
11355,4580,2029,2,120,240
11356,4580,2026,1,400,400
11357,4580,2028,2,250,500
11358,4580,2032,1,250,250
11359,4581,2390,3,100,300
11360,4581,2389,1,400,400
11361,4581,2392,2,400,800
11362,4582,1384,2,180,360
11363,4582,1386,3,200,600
11364,4582,1389,3,250,750
11365,4582,1387,1,100,100
11366,4583,3083,1,450,450
11367,4583,3081,1,250,250
11368,4584,1729,3,180,540
11369,4584,1731,3,250,750
11370,4584,1733,3,250,750
11371,4584,1732,1,500,500
11372,4585,1890,3,220,660
11373,4585,1896,3,280,840
11374,4586,1999,1,100,100
11375,4586,1997,3,350,1050
11376,4586,1996,1,180,180
11377,4587,1265,1,450,450
11378,4587,1266,1,150,150
11379,4587,1269,1,280,280
11380,4587,1271,2,350,700
11381,4588,2938,3,450,1350
11382,4588,2935,1,100,100
11383,4588,2930,2,120,240
11384,4588,2936,3,350,1050
11385,4589,1568,2,220,440
11386,4589,1565,3,300,900
11387,4589,1566,2,350,700
11388,4590,3325,1,500,500
11389,4591,2371,3,100,300
11390,4591,2372,3,220,660
11391,4591,2368,2,100,200
11392,4592,3091,2,120,240
11393,4592,3094,1,150,150
11394,4593,3152,3,120,360
11395,4593,3151,1,180,180
11396,4593,3147,3,200,600
11397,4594,433,2,120,240
11398,4594,432,3,500,1500
11399,4594,436,1,350,350
11400,4594,438,3,80,240
11401,4595,4217,3,100,300
11402,4595,4213,1,80,80
11403,4595,4216,2,220,440
11404,4596,4171,2,450,900
11405,4597,633,1,250,250
11406,4597,629,3,150,450
11407,4597,631,1,180,180
11408,4597,632,2,80,160
11409,4598,247,3,80,240
11410,4598,248,1,150,150
11411,4598,245,3,250,750
11412,4599,3989,1,280,280
11413,4599,3982,2,250,500
11414,4600,2648,2,100,200
11415,4600,2651,1,150,150
11416,4600,2649,2,180,360
11417,4600,2647,3,150,450
11418,4601,1314,3,400,1200
11419,4601,1319,3,180,540
11420,4601,1317,3,400,1200
11421,4602,3861,1,120,120
11422,4602,3866,2,450,900
11423,4602,3865,1,350,350
11424,4602,3857,1,180,180
11425,4603,298,3,80,240
11426,4603,303,2,80,160
11427,4603,304,3,150,450
11428,4603,299,2,500,1000
11429,4604,2358,3,120,360
11430,4605,482,2,250,500
11431,4606,247,2,80,160
11432,4606,245,1,250,250
11433,4607,1560,1,100,100
11434,4607,1561,1,120,120
11435,4608,2808,3,400,1200
11436,4608,2807,2,220,440
11437,4608,2810,3,400,1200
11438,4608,2811,1,120,120
11439,4609,1084,2,400,800
11440,4609,1085,3,350,1050
11441,4609,1083,1,100,100
11442,4609,1088,3,150,450
11443,4610,1089,3,80,240
11444,4610,1087,2,280,560
11445,4610,1090,1,400,400
11446,4610,1093,3,120,360
11447,4611,1746,2,450,900
11448,4611,1749,3,350,1050
11449,4612,352,1,450,450
11450,4612,357,3,400,1200
11451,4612,349,2,250,500
11452,4613,4286,1,80,80
11453,4613,4291,1,250,250
11454,4614,188,1,220,220
11455,4615,1607,2,500,1000
11456,4615,1608,3,280,840
11457,4616,71,2,300,600
11458,4616,67,1,300,300
11459,4617,2267,1,220,220
11460,4617,2266,1,200,200
11461,4618,3118,1,400,400
11462,4618,3115,1,280,280
11463,4618,3117,3,80,240
11464,4619,3860,2,300,600
11465,4619,3861,2,120,240
11466,4620,3675,3,500,1500
11467,4620,3679,1,220,220
11468,4621,2048,3,200,600
11469,4621,2056,3,80,240
11470,4621,2054,1,500,500
11471,4621,2049,3,280,840
11472,4622,3029,2,200,400
11473,4622,3030,3,280,840
11474,4622,3031,1,80,80
11475,4623,2882,1,400,400
11476,4624,3373,3,100,300
11477,4624,3371,1,450,450
11478,4625,685,3,450,1350
11479,4625,684,2,450,900
11480,4625,686,1,350,350
11481,4626,1937,3,350,1050
11482,4627,556,2,500,1000
11483,4627,552,1,300,300
11484,4627,554,2,300,600
11485,4627,559,2,80,160
11486,4628,2103,2,150,300
11487,4628,2106,3,350,1050
11488,4628,2105,1,450,450
11489,4628,2107,3,180,540
11490,4629,939,2,80,160
11491,4629,934,1,80,80
11492,4629,933,1,100,100
11493,4629,936,3,500,1500
11494,4630,130,2,220,440
11495,4630,135,2,350,700
11496,4630,132,1,250,250
11497,4631,4130,2,250,500
11498,4631,4128,1,120,120
11499,4632,1770,2,450,900
11500,4632,1768,3,220,660
11501,4633,2579,2,280,560
11502,4634,3961,2,80,160
11503,4635,827,2,250,500
11504,4635,824,1,80,80
11505,4635,834,3,180,540
11506,4635,826,3,150,450
11507,4636,2868,1,280,280
11508,4636,2873,2,350,700
11509,4636,2875,2,120,240
11510,4637,842,3,100,300
11511,4638,3807,2,200,400
11512,4639,2657,2,80,160
11513,4640,590,2,120,240
11514,4640,589,1,220,220
11515,4641,2620,1,100,100
11516,4641,2619,3,100,300
11517,4642,1057,1,120,120
11518,4643,1909,2,120,240
11519,4643,1910,1,350,350
11520,4643,1912,1,280,280
11521,4643,1911,2,450,900
11522,4644,1300,1,450,450
11523,4644,1297,3,200,600
11524,4644,1299,2,300,600
11525,4645,3884,2,180,360
11526,4646,1988,3,300,900
11527,4646,1983,3,220,660
11528,4646,1985,2,450,900
11529,4646,1981,1,350,350
11530,4647,1885,1,220,220
11531,4647,1880,1,200,200
11532,4647,1884,3,300,900
11533,4648,980,3,450,1350
11534,4648,976,2,220,440
11535,4649,2764,3,350,1050
11536,4649,2767,2,500,1000
11537,4650,1131,1,120,120
11538,4651,1118,2,200,400
11539,4651,1121,3,100,300
11540,4651,1123,2,220,440
11541,4652,324,3,450,1350
11542,4653,2154,2,120,240
11543,4653,2152,1,400,400
11544,4654,2473,2,450,900
11545,4654,2476,2,500,1000
11546,4655,2441,2,400,800
11547,4655,2445,2,120,240
11548,4656,1872,2,280,560
11549,4656,1868,1,300,300
11550,4656,1875,1,300,300
11551,4657,1901,1,220,220
11552,4657,1897,1,150,150
11553,4657,1900,1,450,450
11554,4658,2325,1,280,280
11555,4658,2327,1,80,80
11556,4658,2329,2,150,300
11557,4659,3699,2,300,600
11558,4660,117,1,300,300
11559,4660,116,1,300,300
11560,4660,111,1,80,80
11561,4660,110,1,80,80
11562,4661,1804,1,180,180
11563,4662,3923,1,100,100
11564,4662,3920,1,350,350
11565,4662,3919,1,150,150
11566,4662,3918,1,280,280
11567,4663,3721,2,250,500
11568,4663,3718,3,280,840
11569,4664,1683,3,500,1500
11570,4664,1686,1,180,180
11571,4665,2284,1,350,350
11572,4665,2276,2,200,400
11573,4665,2282,3,120,360
11574,4666,264,1,100,100
11575,4666,257,3,350,1050
11576,4667,4228,1,80,80
11577,4667,4229,3,180,540
11578,4668,2920,1,400,400
11579,4668,2922,2,150,300
11580,4668,2925,1,450,450
11581,4669,1636,1,150,150
11582,4669,1642,2,500,1000
11583,4670,1295,3,350,1050
11584,4670,1291,1,400,400
11585,4670,1288,2,150,300
11586,4671,2859,1,250,250
11587,4671,2861,3,100,300
11588,4671,2863,3,350,1050
11589,4672,3950,1,350,350
11590,4673,1241,1,150,150
11591,4673,1246,3,400,1200
11592,4673,1240,1,300,300
11593,4673,1243,1,350,350
11594,4674,923,3,450,1350
11595,4674,928,1,300,300
11596,4675,4217,3,100,300
11597,4675,4218,1,120,120
11598,4675,4215,2,150,300
11599,4675,4213,1,80,80
11600,4676,79,2,500,1000
11601,4676,72,2,150,300
11602,4677,4157,3,180,540
11603,4677,4156,2,250,500
11604,4678,1366,1,280,280
11605,4679,2325,1,280,280
11606,4679,2323,3,450,1350
11607,4680,2770,1,200,200
11608,4680,2767,2,500,1000
11609,4680,2765,2,220,440
11610,4680,2766,2,200,400
11611,4681,4081,1,120,120
11612,4681,4079,3,220,660
11613,4682,3367,1,220,220
11614,4682,3368,3,450,1350
11615,4682,3370,2,400,800
11616,4683,1151,2,350,700
11617,4683,1146,1,400,400
11618,4683,1147,2,280,560
11619,4684,1926,2,500,1000
11620,4685,3628,3,250,750
11621,4686,3325,2,500,1000
11622,4686,3329,1,350,350
11623,4687,3345,3,250,750
11624,4687,3341,1,350,350
11625,4687,3342,3,250,750
11626,4688,2551,1,100,100
11627,4688,2553,3,200,600
11628,4688,2555,3,100,300
11629,4688,2554,1,180,180
11630,4689,737,3,220,660
11631,4690,2997,3,150,450
11632,4690,2996,2,280,560
11633,4690,2994,1,100,100
11634,4691,2255,1,250,250
11635,4691,2260,3,100,300
11636,4691,2258,3,500,1500
11637,4691,2262,3,80,240
11638,4692,2351,2,300,600
11639,4692,2348,2,180,360
11640,4692,2347,3,450,1350
11641,4692,2349,3,150,450
11642,4693,1706,2,150,300
11643,4693,1707,1,500,500
11644,4694,3232,1,250,250
11645,4695,225,2,250,500
11646,4696,320,3,220,660
11647,4696,318,1,450,450
11648,4696,317,3,400,1200
11649,4696,319,2,400,800
11650,4697,1714,1,150,150
11651,4697,1713,2,350,700
11652,4697,1712,3,100,300
11653,4697,1711,2,350,700
11654,4698,3673,2,350,700
11655,4698,3672,2,80,160
11656,4699,4151,2,200,400
11657,4699,4156,3,250,750
11658,4699,4157,1,180,180
11659,4699,4159,1,100,100
11660,4700,685,1,450,450
11661,4700,687,2,250,500
11662,4701,3641,2,80,160
11663,4701,3647,3,350,1050
11664,4702,4265,1,500,500
11665,4702,4260,2,180,360
11666,4702,4257,3,150,450
11667,4702,4261,1,400,400
11668,4703,532,2,80,160
11669,4704,844,3,120,360
11670,4704,851,2,400,800
11671,4704,846,1,300,300
11672,4705,422,3,120,360
11673,4705,419,1,220,220
11674,4705,424,2,220,440
11675,4706,2340,3,400,1200
11676,4706,2334,3,300,900
11677,4706,2337,2,100,200
11678,4706,2336,3,280,840
11679,4707,3899,2,220,440
11680,4707,3896,1,220,220
11681,4708,3600,1,500,500
11682,4709,1135,1,180,180
11683,4709,1134,1,450,450
11684,4709,1129,3,200,600
11685,4710,243,2,100,200
11686,4710,242,1,150,150
11687,4710,239,3,180,540
11688,4710,240,3,350,1050
11689,4711,2588,3,400,1200
11690,4711,2596,2,400,800
11691,4711,2594,1,180,180
11692,4712,4100,1,150,150
11693,4712,4092,1,120,120
11694,4712,4097,1,200,200
11695,4712,4091,2,200,400
11696,4713,1078,2,80,160
11697,4714,1797,1,280,280
11698,4715,635,3,250,750
11699,4715,637,3,100,300
11700,4716,2263,2,100,200
11701,4716,2258,2,500,1000
11702,4716,2255,3,250,750
11703,4717,1165,1,120,120
11704,4718,2241,1,220,220
11705,4718,2239,3,100,300
11706,4718,2236,3,120,360
11707,4719,90,2,250,500
11708,4719,94,2,300,600
11709,4719,92,3,250,750
11710,4720,1817,2,450,900
11711,4720,1814,1,150,150
11712,4720,1816,1,250,250
11713,4720,1815,3,100,300
11714,4721,1279,1,180,180
11715,4721,1282,2,300,600
11716,4721,1278,2,400,800
11717,4721,1283,2,250,500
11718,4722,3243,2,120,240
11719,4723,483,3,300,900
11720,4723,486,3,220,660
11721,4723,487,1,300,300
11722,4724,4274,1,220,220
11723,4724,4277,2,150,300
11724,4724,4275,2,280,560
11725,4725,566,1,150,150
11726,4725,562,2,80,160
11727,4726,1564,2,80,160
11728,4726,1562,1,100,100
11729,4726,1567,2,220,440
11730,4726,1566,2,350,700
11731,4727,565,3,300,900
11732,4727,566,1,150,150
11733,4728,2095,3,500,1500
11734,4728,2102,1,280,280
11735,4729,14,3,100,300
11736,4730,227,2,280,560
11737,4730,229,2,80,160
11738,4730,228,2,250,500
11739,4731,1414,2,80,160
11740,4731,1411,2,200,400
11741,4732,4196,3,300,900
11742,4733,474,3,100,300
11743,4733,477,2,100,200
11744,4733,476,2,450,900
11745,4733,478,2,300,600
11746,4734,2167,1,100,100
11747,4734,2162,3,280,840
11748,4734,2159,2,180,360
11749,4735,2969,1,400,400
11750,4736,2936,3,350,1050
11751,4737,2210,3,220,660
11752,4738,3299,1,500,500
11753,4738,3300,1,200,200
11754,4738,3301,1,100,100
11755,4739,799,1,450,450
11756,4740,667,3,450,1350
11757,4740,662,3,250,750
11758,4740,663,3,200,600
11759,4740,671,1,400,400
11760,4741,939,3,80,240
11761,4741,934,3,80,240
11762,4741,937,2,80,160
11763,4742,2891,1,350,350
11764,4742,2898,3,400,1200
11765,4742,2893,2,250,500
11766,4742,2897,3,250,750
11767,4743,3053,2,400,800
11768,4743,3055,2,280,560
11769,4744,455,3,150,450
11770,4745,436,2,350,700
11771,4745,437,1,180,180
11772,4746,4219,1,80,80
11773,4747,1492,2,450,900
11774,4747,1494,2,200,400
11775,4748,1301,1,80,80
11776,4748,1300,1,450,450
11777,4748,1304,1,500,500
11778,4748,1298,2,280,560
11779,4749,2093,1,280,280
11780,4749,2094,1,450,450
11781,4749,2089,2,350,700
11782,4749,2088,2,180,360
11783,4750,1711,3,350,1050
11784,4751,2419,3,200,600
11785,4751,2420,2,200,400
11786,4752,2946,3,100,300
11787,4752,2945,1,180,180
11788,4752,2942,1,400,400
11789,4753,2423,1,150,150
11790,4754,1795,1,300,300
11791,4754,1796,1,200,200
11792,4755,794,3,80,240
11793,4755,792,2,250,500
11794,4756,1186,1,350,350
11795,4756,1185,2,120,240
11796,4756,1180,1,280,280
11797,4757,583,2,180,360
11798,4757,582,3,120,360
11799,4757,579,1,80,80
11800,4758,2464,2,220,440
11801,4758,2465,1,300,300
11802,4759,2602,1,80,80
11803,4759,2601,2,100,200
11804,4759,2603,2,100,200
11805,4759,2600,3,120,360
11806,4760,3150,2,220,440
11807,4761,2987,1,400,400
11808,4761,2990,2,450,900
11809,4761,2989,2,220,440
11810,4762,1640,1,500,500
11811,4763,3055,3,280,840
11812,4763,3054,2,500,1000
11813,4763,3053,2,400,800
11814,4763,3057,2,80,160
11815,4764,1276,1,450,450
11816,4764,1272,2,300,600
11817,4765,576,2,100,200
11818,4765,578,3,250,750
11819,4765,573,1,350,350
11820,4766,2849,2,250,500
11821,4766,2851,1,100,100
11822,4766,2854,3,500,1500
11823,4767,772,2,250,500
11824,4767,768,3,500,1500
11825,4767,771,3,500,1500
11826,4767,769,2,500,1000
11827,4768,1148,3,80,240
11828,4769,201,3,120,360
11829,4769,198,1,500,500
11830,4770,2068,2,120,240
11831,4770,2071,1,500,500
11832,4771,1473,1,220,220
11833,4772,3950,2,350,700
11834,4772,3952,2,500,1000
11835,4772,3946,1,350,350
11836,4772,3953,3,200,600
11837,4773,4299,1,80,80
11838,4774,977,3,250,750
11839,4774,976,1,220,220
11840,4774,979,1,500,500
11841,4774,978,2,180,360
11842,4775,2161,2,80,160
11843,4775,2164,2,220,440
11844,4776,1631,2,180,360
11845,4776,1635,1,80,80
11846,4777,1161,3,450,1350
11847,4777,1154,3,100,300
11848,4778,2423,2,150,300
11849,4778,2418,3,80,240
11850,4779,3612,2,500,1000
11851,4779,3613,1,200,200
11852,4779,3616,1,400,400
11853,4780,2523,2,150,300
11854,4780,2528,3,350,1050
11855,4781,240,3,350,1050
11856,4782,4248,1,450,450
11857,4782,4249,3,150,450
11858,4782,4251,3,250,750
11859,4783,3784,2,350,700
11860,4783,3785,3,250,750
11861,4783,3783,3,300,900
11862,4783,3786,1,200,200
11863,4784,3540,1,220,220
11864,4784,3542,1,220,220
11865,4785,1998,3,220,660
11866,4785,1999,2,100,200
11867,4785,1996,1,180,180
11868,4785,1997,1,350,350
11869,4786,3759,1,500,500
11870,4786,3764,1,450,450
11871,4787,3152,3,120,360
11872,4788,3837,3,120,360
11873,4788,3842,1,450,450
11874,4788,3841,2,250,500
11875,4789,1901,3,220,660
11876,4790,472,1,300,300
11877,4790,464,1,150,150
11878,4790,466,1,400,400
11879,4791,1459,2,450,900
11880,4791,1457,2,120,240
11881,4792,619,2,180,360
11882,4792,620,1,120,120
11883,4792,614,1,500,500
11884,4792,613,1,120,120
11885,4793,2450,3,300,900
11886,4793,2449,3,500,1500
11887,4793,2446,3,200,600
11888,4793,2451,2,120,240
11889,4794,1536,2,150,300
11890,4794,1532,2,180,360
11891,4794,1534,3,120,360
11892,4794,1535,2,150,300
11893,4795,2881,3,450,1350
11894,4795,2880,3,180,540
11895,4795,2878,2,180,360
11896,4795,2879,1,250,250
11897,4796,4190,2,450,900
11898,4796,4183,3,120,360
11899,4797,1611,2,180,360
11900,4797,1608,2,280,560
11901,4797,1612,1,80,80
11902,4798,299,2,500,1000
11903,4798,303,2,80,160
11904,4798,306,1,450,450
11905,4798,302,2,80,160
11906,4799,841,1,150,150
11907,4799,835,3,150,450
11908,4799,840,2,250,500
11909,4799,843,3,200,600
11910,4800,2429,3,300,900
11911,4800,2427,3,100,300
11912,4800,2431,1,450,450
11913,4800,2433,2,350,700
11914,4801,584,3,100,300
11915,4802,3133,3,150,450
11916,4802,3134,2,280,560
11917,4802,3132,3,80,240
11918,4803,548,2,450,900
11919,4804,2484,2,300,600
11920,4804,2485,1,80,80
11921,4805,998,2,400,800
11922,4805,990,2,100,200
11923,4805,989,3,180,540
11924,4805,996,2,150,300
11925,4806,1922,3,120,360
11926,4806,1917,2,80,160
11927,4806,1918,1,100,100
11928,4807,64,1,150,150
11929,4808,2758,2,100,200
11930,4808,2757,2,200,400
11931,4809,1864,2,280,560
11932,4810,1531,1,500,500
11933,4810,1533,3,180,540
11934,4811,2054,2,500,1000
11935,4811,2050,3,100,300
11936,4811,2051,1,500,500
11937,4811,2052,1,280,280
11938,4812,3820,2,100,200
11939,4813,4308,1,450,450
11940,4814,3716,2,100,200
11941,4815,822,2,300,600
11942,4815,820,1,80,80
11943,4815,823,1,300,300
11944,4816,4286,1,80,80
11945,4816,4288,1,250,250
11946,4816,4290,1,300,300
11947,4817,293,1,500,500
11948,4817,290,2,450,900
11949,4818,3894,2,250,500
11950,4818,3890,1,250,250
11951,4818,3891,3,400,1200
11952,4818,3892,2,500,1000
11953,4819,47,3,100,300
11954,4819,45,2,80,160
11955,4820,1249,1,250,250
11956,4820,1255,2,350,700
11957,4820,1256,1,350,350
11958,4820,1257,1,250,250
11959,4821,1035,1,250,250
11960,4821,1036,1,300,300
11961,4822,4186,2,400,800
11962,4822,4188,1,300,300
11963,4822,4185,3,300,900
11964,4823,2325,2,280,560
11965,4823,2329,3,150,450
11966,4823,2328,3,100,300
11967,4824,1787,3,280,840
11968,4824,1790,3,180,540
11969,4824,1792,2,500,1000
11970,4825,1611,2,180,360
11971,4825,1610,2,80,160
11972,4825,1607,3,500,1500
11973,4826,140,1,150,150
11974,4826,139,3,120,360
11975,4827,1380,1,180,180
11976,4827,1378,2,180,360
11977,4828,1194,3,120,360
11978,4828,1197,3,450,1350
11979,4828,1193,3,220,660
11980,4829,2905,1,250,250
11981,4829,2900,2,350,700
11982,4829,2903,3,200,600
11983,4829,2909,2,80,160
11984,4830,865,1,300,300
11985,4831,3880,3,280,840
11986,4831,3878,2,250,500
11987,4831,3882,3,150,450
11988,4832,3150,1,220,220
11989,4832,3146,3,120,360
11990,4832,3152,1,120,120
11991,4832,3145,1,220,220
11992,4833,3889,2,80,160
11993,4833,3884,1,180,180
11994,4833,3888,3,250,750
11995,4834,1647,1,500,500
11996,4834,1650,3,400,1200
11997,4834,1644,2,400,800
11998,4835,1576,3,300,900
11999,4835,1574,1,280,280
12000,4835,1578,3,80,240
12001,4835,1571,1,400,400
12002,4836,608,1,250,250
12003,4836,607,2,180,360
12004,4836,606,1,80,80
12005,4837,4293,1,100,100
12006,4838,1354,3,300,900
12007,4838,1358,1,220,220
12008,4839,144,1,200,200
12009,4839,143,1,80,80
12010,4839,141,2,150,300
12011,4840,3317,2,180,360
12012,4841,3793,3,450,1350
12013,4841,3797,1,350,350
12014,4841,3787,1,280,280
12015,4842,3715,2,80,160
12016,4842,3711,2,250,500
12017,4842,3710,2,400,800
12018,4842,3712,3,120,360
12019,4843,428,3,120,360
12020,4843,430,2,100,200
12021,4843,427,1,180,180
12022,4843,429,2,300,600
12023,4844,618,1,220,220
12024,4844,617,1,220,220
12025,4844,615,3,450,1350
12026,4845,2249,1,150,150
12027,4845,2252,2,300,600
12028,4845,2251,3,150,450
12029,4845,2248,2,500,1000
12030,4846,709,3,280,840
12031,4846,701,1,180,180
12032,4846,703,1,350,350
12033,4847,1069,3,150,450
12034,4847,1071,3,450,1350
12035,4847,1070,3,350,1050
12036,4847,1073,3,180,540
12037,4848,1376,2,150,300
12038,4848,1377,3,120,360
12039,4848,1374,3,280,840
12040,4848,1380,3,180,540
12041,4849,3543,1,200,200
12042,4849,3542,1,220,220
12043,4850,3783,1,300,300
12044,4850,3782,3,300,900
12045,4850,3784,2,350,700
12046,4850,3786,2,200,400
12047,4851,1147,2,280,560
12048,4852,2641,1,120,120
12049,4852,2637,2,150,300
12050,4853,4175,1,450,450
12051,4853,4176,3,400,1200
12052,4853,4182,1,350,350
12053,4853,4177,2,180,360
12054,4854,3802,2,350,700
12055,4855,2670,3,100,300
12056,4855,2669,3,80,240
12057,4855,2667,3,180,540
12058,4856,1211,3,200,600
12059,4856,1219,2,300,600
12060,4856,1220,1,280,280
12061,4856,1221,1,200,200
12062,4857,3384,2,300,600
12063,4858,2673,2,400,800
12064,4858,2676,3,220,660
12065,4858,2677,3,220,660
12066,4859,2389,1,400,400
12067,4860,1462,1,120,120
12068,4860,1469,3,500,1500
12069,4860,1461,2,400,800
12070,4860,1466,1,200,200
12071,4861,2956,1,500,500
12072,4861,2961,1,350,350
12073,4861,2954,1,450,450
12074,4862,4104,3,400,1200
12075,4862,4103,1,80,80
12076,4862,4106,1,80,80
12077,4862,4105,3,450,1350
12078,4863,1292,2,120,240
12079,4863,1295,1,350,350
12080,4864,3784,1,350,350
12081,4864,3783,2,300,600
12082,4865,2469,3,500,1500
12083,4865,2463,3,280,840
12084,4865,2466,1,250,250
12085,4866,3973,3,300,900
12086,4867,1659,3,120,360
12087,4868,2187,1,450,450
12088,4868,2181,1,500,500
12089,4868,2183,1,450,450
12090,4869,2738,1,500,500
12091,4869,2745,1,280,280
12092,4870,3354,1,180,180
12093,4870,3347,2,350,700
12094,4871,810,2,200,400
12095,4872,3785,2,250,500
12096,4872,3783,2,300,600
12097,4872,3782,3,300,900
12098,4872,3786,1,200,200
12099,4873,1243,3,350,1050
12100,4874,698,2,100,200
12101,4874,690,3,300,900
12102,4874,699,3,200,600
12103,4874,694,2,150,300
12104,4875,3581,1,280,280
12105,4876,2286,2,180,360
12106,4876,2293,3,100,300
12107,4876,2289,2,350,700
12108,4877,3042,3,180,540
12109,4878,3887,2,120,240
12110,4878,3886,3,200,600
12111,4879,4135,2,150,300
12112,4879,4134,3,400,1200
12113,4879,4137,2,120,240
12114,4880,2068,1,120,120
12115,4880,2065,2,120,240
12116,4881,2382,2,250,500
12117,4882,1391,1,450,450
12118,4882,1381,2,80,160
12119,4882,1387,2,100,200
12120,4882,1392,3,250,750
12121,4883,1517,1,350,350
12122,4883,1515,1,500,500
12123,4884,3110,3,200,600
12124,4885,1905,3,120,360
12125,4885,1904,3,450,1350
12126,4885,1907,3,180,540
12127,4885,1901,3,220,660
12128,4886,1612,1,80,80
12129,4887,597,1,220,220
12130,4887,599,3,300,900
12131,4887,596,1,450,450
12132,4887,595,2,250,500
12133,4888,4051,1,450,450
12134,4888,4049,3,220,660
12135,4888,4047,2,180,360
12136,4889,4284,3,400,1200
12137,4889,4282,3,450,1350
12138,4890,4054,3,250,750
12139,4890,4057,1,220,220
12140,4890,4056,3,280,840
12141,4891,4268,1,400,400
12142,4891,4266,3,350,1050
12143,4892,4293,3,100,300
12144,4893,92,1,250,250
12145,4894,2748,3,220,660
12146,4894,2750,1,350,350
12147,4894,2747,1,150,150
12148,4895,3142,1,200,200
12149,4895,3143,1,200,200
12150,4895,3140,3,400,1200
12151,4896,3444,1,220,220
12152,4897,1312,1,120,120
12153,4897,1307,2,350,700
12154,4898,4307,3,100,300
12155,4899,3589,3,200,600
12156,4899,3590,2,220,440
12157,4899,3587,1,300,300
12158,4900,1686,1,180,180
12159,4900,1683,2,500,1000
12160,4901,483,1,300,300
12161,4901,490,1,250,250
12162,4901,488,3,350,1050
12163,4902,1872,3,280,840
12164,4903,3380,1,500,500
12165,4904,3055,1,280,280
12166,4904,3057,3,80,240
12167,4905,4083,3,80,240
12168,4905,4089,2,400,800
12169,4905,4081,1,120,120
12170,4905,4082,2,400,800
12171,4906,1660,1,200,200
12172,4906,1662,2,280,560
12173,4906,1668,2,180,360
12174,4906,1661,2,350,700
12175,4907,2256,1,220,220
12176,4908,1161,3,450,1350
12177,4909,1746,1,450,450
12178,4909,1747,2,120,240
12179,4910,3290,1,250,250
12180,4910,3294,2,80,160
12181,4910,3291,2,300,600
12182,4910,3296,3,400,1200
12183,4911,1486,1,280,280
12184,4911,1484,1,450,450
12185,4912,1892,1,100,100
12186,4912,1893,1,450,450
12187,4912,1890,1,220,220
12188,4913,2357,1,300,300
12189,4913,2355,3,250,750
12190,4914,4266,3,350,1050
12191,4914,4271,2,150,300
12192,4915,940,3,80,240
12193,4916,2749,3,220,660
12194,4916,2747,1,150,150
12195,4916,2748,2,220,440
12196,4916,2746,1,150,150
12197,4917,1161,3,450,1350
12198,4917,1153,2,280,560
12199,4918,1002,1,500,500
12200,4919,1811,2,250,500
12201,4919,1807,2,120,240
12202,4919,1805,1,500,500
12203,4920,3498,3,450,1350
12204,4920,3494,3,80,240
12205,4920,3497,1,250,250
12206,4920,3493,2,450,900
12207,4921,1748,3,150,450
12208,4921,1746,1,450,450
12209,4921,1744,1,80,80
12210,4922,1032,3,280,840
12211,4923,750,1,450,450
12212,4923,754,1,300,300
12213,4924,3308,2,120,240
12214,4924,3304,2,500,1000
12215,4924,3312,2,80,160
12216,4924,3307,1,150,150
12217,4925,2415,1,80,80
12218,4925,2423,2,150,300
12219,4925,2422,1,80,80
12220,4926,3732,2,300,600
12221,4926,3733,3,80,240
12222,4926,3730,3,400,1200
12223,4927,3584,1,220,220
12224,4927,3582,3,500,1500
12225,4927,3580,2,450,900
12226,4928,2896,3,300,900
12227,4928,2893,2,250,500
12228,4928,2891,2,350,700
12229,4928,2897,3,250,750
12230,4929,1880,1,200,200
12231,4929,1884,1,300,300
12232,4930,3315,1,300,300
12233,4930,3318,3,350,1050
12234,4930,3316,3,250,750
12235,4930,3317,2,180,360
12236,4931,3710,1,400,400
12237,4931,3709,2,400,800
12238,4932,199,1,400,400
12239,4933,87,3,450,1350
12240,4933,84,2,400,800
12241,4934,41,3,80,240
12242,4934,46,3,150,450
12243,4934,45,2,80,160
12244,4934,42,2,100,200
12245,4935,2019,1,400,400
12246,4935,2014,2,280,560
12247,4936,3017,3,200,600
12248,4936,3014,3,450,1350
12249,4937,2708,3,180,540
12250,4937,2706,3,400,1200
12251,4937,2703,1,500,500
12252,4937,2704,1,250,250
12253,4938,1257,2,250,500
12254,4938,1259,2,350,700
12255,4939,2426,1,100,100
12256,4939,2433,2,350,700
12257,4940,2401,3,450,1350
12258,4940,2408,1,100,100
12259,4940,2404,3,150,450
12260,4941,1016,3,400,1200
12261,4941,1018,3,150,450
12262,4941,1019,2,180,360
12263,4942,168,3,120,360
12264,4942,172,1,100,100
12265,4942,171,3,80,240
12266,4942,177,1,400,400
12267,4943,4310,2,450,900
12268,4943,4311,3,350,1050
12269,4943,4307,1,100,100
12270,4944,2203,2,500,1000
12271,4945,753,1,150,150
12272,4945,745,2,350,700
12273,4946,3917,1,300,300
12274,4947,4192,1,400,400
12275,4948,1011,1,280,280
12276,4948,1014,3,300,900
12277,4949,68,2,180,360
12278,4950,2813,2,250,500
12279,4951,192,2,250,500
12280,4952,2188,3,250,750
12281,4952,2183,3,450,1350
12282,4953,1573,2,300,600
12283,4953,1575,1,220,220
12284,4953,1574,1,280,280
12285,4953,1578,2,80,160
12286,4954,3596,1,100,100
12287,4954,3599,1,300,300
12288,4954,3593,2,450,900
12289,4955,1485,2,100,200
12290,4955,1482,2,220,440
12291,4956,2746,2,150,300
12292,4956,2747,1,150,150
12293,4957,3093,3,80,240
12294,4958,2477,3,350,1050
12295,4958,2482,1,400,400
12296,4959,715,1,200,200
12297,4959,714,3,500,1500
12298,4959,719,3,80,240
12299,4959,716,1,150,150
12300,4960,3812,3,250,750
12301,4960,3814,3,220,660
12302,4961,159,1,150,150
12303,4961,156,2,250,500
12304,4961,158,3,120,360
12305,4962,193,3,180,540
12306,4962,195,2,100,200
12307,4962,191,2,150,300
12308,4962,194,2,200,400
12309,4963,1520,1,100,100
12310,4963,1523,1,80,80
12311,4963,1527,3,350,1050
12312,4964,4107,3,200,600
12313,4964,4104,3,400,1200
12314,4965,4190,1,450,450
12315,4965,4184,3,250,750
12316,4965,4188,1,300,300
12317,4966,2337,1,100,100
12318,4967,1263,3,180,540
12319,4967,1264,1,80,80
12320,4967,1265,1,450,450
12321,4968,1650,1,400,400
12322,4968,1649,2,300,600
12323,4968,1651,1,200,200
12324,4968,1648,3,300,900
12325,4969,2065,2,120,240
12326,4970,3394,2,300,600
12327,4970,3395,1,300,300
12328,4970,3396,1,80,80
12329,4971,20,3,80,240
12330,4971,22,1,180,180
12331,4972,3870,1,150,150
12332,4972,3869,2,500,1000
12333,4973,3230,2,280,560
12334,4974,925,3,400,1200
12335,4974,927,2,400,800
12336,4974,922,1,100,100
12337,4975,2397,1,450,450
12338,4975,2396,3,100,300
12339,4975,2394,3,350,1050
12340,4976,2353,3,200,600
12341,4977,667,2,450,900
12342,4977,663,2,200,400
12343,4978,1370,2,180,360
12344,4979,3700,1,100,100
12345,4979,3701,1,100,100
12346,4980,2276,3,200,600
12347,4980,2277,1,250,250
12348,4980,2283,2,150,300
12349,4981,1482,2,220,440
12350,4981,1485,2,100,200
12351,4982,1517,2,350,700
12352,4982,1516,2,350,700
12353,4982,1514,2,250,500
12354,4982,1518,1,280,280
12355,4983,2193,2,300,600
12356,4983,2197,1,250,250
12357,4984,4191,1,120,120
12358,4984,4183,1,120,120
12359,4984,4186,1,400,400
12360,4985,1099,3,350,1050
12361,4985,1094,1,400,400
12362,4985,1096,3,120,360
12363,4985,1101,3,280,840
12364,4986,2045,3,100,300
12365,4986,2041,2,80,160
12366,4987,1352,1,150,150
12367,4987,1346,1,180,180
12368,4987,1347,2,200,400
12369,4987,1349,1,500,500
12370,4988,2913,2,450,900
12371,4988,2914,1,300,300
12372,4988,2912,2,500,1000
12373,4988,2911,1,450,450
12374,4989,1638,1,350,350
12375,4990,3886,2,200,400
12376,4990,3885,1,400,400
12377,4990,3888,1,250,250
12378,4991,3063,2,300,600
12379,4992,3812,3,250,750
12380,4993,2088,3,180,540
12381,4993,2089,1,350,350
12382,4993,2087,3,400,1200
12383,4994,1158,1,180,180
12384,4994,1153,1,280,280
12385,4995,2984,3,450,1350
12386,4995,2982,3,220,660
12387,4996,4139,2,200,400
12388,4996,4140,1,150,150
12389,4997,2808,1,400,400
12390,4998,2021,2,250,500
12391,4998,2020,2,250,500
12392,4998,2024,3,500,1500
12393,4999,2018,3,250,750
12394,4999,2017,3,300,900
12395,4999,2013,1,120,120
12396,4999,2019,1,400,400
12397,5000,3597,3,220,660
12398,5000,3591,1,350,350
