order_id,customer_id,restaurant_id,order_date,order_time,total_amount,delivery_time_mins,payment_method,status,discount_applied
1,473,4,2023-10-21,22:15:00,230,37,Credit Card,Delivered,50
2,771,410,2023-02-04,15:00:00,1130,87,Netbanking,Delivered,0
3,1716,348,2022-01-31,15:00:00,840,30,Netbanking,Delivered,0
4,143,97,2023-06-25,13:45:00,970,52,Cash on Delivery,Delivered,0
5,32,354,2023-12-28,12:30:00,980,35,Debit Card,Delivered,0
6,1256,384,2023-12-15,21:30:00,1500,80,Cash on Delivery,Cancelled,0
7,973,176,2022-04-25,21:00:00,850,73,Wallet,Returned,25
8,420,139,2023-08-23,20:00:00,840,43,Cash on Delivery,Delivered,75
9,436,283,2023-06-11,20:00:00,510,82,UPI,Delivered,0
10,912,7,2023-04-05,21:15:00,840,71,UPI,Returned,100
11,555,448,2022-06-27,15:15:00,800,51,Netbanking,Delivered,0
12,1311,110,2023-11-06,18:00:00,860,82,Wallet,Delivered,0
13,99,471,2022-10-08,17:00:00,500,78,UPI,Returned,0
14,1061,287,2022-02-08,14:00:00,630,86,Wallet,Delivered,0
15,999,373,2022-05-03,16:30:00,170,29,Debit Card,Delivered,25
16,1460,333,2022-03-03,14:15:00,230,78,Wallet,Delivered,100
17,619,448,2022-09-04,20:45:00,1030,83,Debit Card,Returned,50
18,1382,430,2023-10-10,12:30:00,920,38,UPI,Delivered,0
19,178,385,2022-06-19,19:00:00,210,71,Netbanking,Delivered,25
20,1364,208,2023-01-05,13:30:00,1150,46,Cash on Delivery,Delivered,0
21,840,158,2022-01-02,21:45:00,1220,21,UPI,Delivered,100
22,1551,384,2022-09-09,10:45:00,100,82,Wallet,Delivered,75
23,1565,223,2023-12-25,18:15:00,250,24,Debit Card,Delivered,50
24,556,305,2023-07-08,20:15:00,420,76,Netbanking,Cancelled,25
25,712,31,2023-03-29,16:30:00,740,37,Wallet,Delivered,0
26,184,396,2023-08-24,19:30:00,430,54,UPI,Delivered,100
27,1884,413,2022-12-08,10:15:00,290,36,Cash on Delivery,Delivered,0
28,814,314,2023-02-03,15:45:00,610,52,Credit Card,Delivered,0
29,21,314,2022-02-10,11:45:00,220,68,Netbanking,Delivered,0
30,301,332,2023-05-06,15:15:00,500,67,Cash on Delivery,Delivered,100
31,1297,295,2022-08-03,22:45:00,290,71,Netbanking,Delivered,0
32,398,70,2022-06-03,21:45:00,1010,88,Credit Card,In Transit,100
33,1939,395,2023-05-25,22:15:00,410,42,UPI,Delivered,0
34,478,415,2023-07-11,13:30:00,600,59,UPI,Delivered,0
35,1522,229,2022-07-15,13:00:00,310,49,Wallet,In Transit,75
36,1101,455,2023-02-13,20:45:00,840,30,Netbanking,Delivered,75
37,1889,7,2023-08-30,20:30:00,650,87,Wallet,Cancelled,75
38,233,245,2023-01-14,21:15:00,1220,65,UPI,Delivered,0
39,1003,341,2023-03-22,13:15:00,830,57,Wallet,Delivered,100
40,923,102,2022-05-16,13:00:00,870,87,Credit Card,Returned,50
41,936,315,2022-03-24,12:00:00,1140,67,Netbanking,Delivered,50
42,767,388,2022-12-06,16:45:00,1100,21,Wallet,Delivered,75
43,1572,19,2023-04-28,23:45:00,1260,31,Credit Card,Cancelled,0
44,1146,299,2022-08-25,14:15:00,950,87,Cash on Delivery,Delivered,25
45,346,79,2023-08-03,20:45:00,290,71,Debit Card,Delivered,0
46,1174,347,2023-09-03,18:30:00,1310,56,Debit Card,Delivered,100
47,1524,147,2023-04-27,13:00:00,1100,27,UPI,Delivered,0
48,1513,437,2023-04-24,16:15:00,310,46,Wallet,Delivered,75
49,1993,86,2023-12-23,21:15:00,780,43,Debit Card,Delivered,50
50,926,138,2022-01-06,10:00:00,600,32,Debit Card,Delivered,50
51,1064,221,2023-02-28,22:45:00,730,59,Netbanking,Delivered,50
52,1287,354,2023-09-21,14:00:00,570,66,Cash on Delivery,Delivered,25
53,1629,30,2022-04-10,22:30:00,330,73,Wallet,Delivered,50
54,221,8,2023-03-05,23:30:00,1140,75,Debit Card,Returned,25
55,1624,110,2023-12-30,19:00:00,580,61,Wallet,Delivered,0
56,797,224,2023-07-10,17:00:00,400,58,Netbanking,Delivered,50
57,1889,386,2022-09-28,23:45:00,580,65,Netbanking,Delivered,0
58,1268,110,2022-11-28,10:45:00,230,27,Debit Card,Delivered,25
59,1643,312,2022-08-26,16:30:00,890,65,Credit Card,Delivered,0
60,383,420,2023-02-03,18:45:00,540,24,UPI,Cancelled,0
61,1068,280,2022-11-14,16:45:00,390,73,UPI,Delivered,0
62,1204,411,2023-02-17,17:45:00,230,53,Wallet,Delivered,50
63,251,337,2022-07-10,15:00:00,220,42,Credit Card,Delivered,75
64,1177,418,2023-10-16,23:30:00,940,25,UPI,Delivered,0
65,1068,309,2022-05-15,21:45:00,540,89,UPI,Delivered,0
66,1669,115,2022-06-21,17:15:00,670,63,Netbanking,Delivered,0
67,217,449,2022-10-29,11:00:00,330,65,Debit Card,Cancelled,50
68,113,198,2023-09-15,16:30:00,290,34,UPI,Delivered,0
69,689,62,2023-08-14,11:45:00,430,72,Wallet,Delivered,25
70,158,248,2023-10-20,12:15:00,80,59,Wallet,Delivered,0
71,1539,428,2022-03-27,13:15:00,700,39,Credit Card,Returned,0
72,1562,100,2023-07-31,10:15:00,1100,53,Cash on Delivery,Delivered,100
73,1385,38,2023-01-30,14:00:00,530,39,Cash on Delivery,Delivered,25
74,218,35,2022-02-03,16:30:00,500,49,UPI,In Transit,25
75,652,252,2022-05-01,23:00:00,400,90,Netbanking,Delivered,0
76,1842,63,2022-03-02,19:45:00,400,43,Netbanking,Delivered,75
77,1875,70,2022-08-15,23:30:00,130,34,Netbanking,Delivered,25
78,1137,337,2023-10-11,16:00:00,150,33,Debit Card,Delivered,0
79,64,177,2022-02-20,10:00:00,460,47,Cash on Delivery,Delivered,100
80,562,398,2022-09-17,22:45:00,300,52,UPI,Delivered,50
81,1437,39,2022-10-07,14:30:00,1090,74,Netbanking,Delivered,0
82,62,420,2022-05-15,16:45:00,1230,78,Netbanking,Delivered,50
83,452,351,2022-09-22,14:00:00,620,38,Debit Card,Delivered,0
84,1363,317,2023-04-11,12:30:00,240,76,Credit Card,In Transit,75
85,1559,322,2023-09-07,11:45:00,600,64,Debit Card,Delivered,25
86,285,269,2023-06-16,10:15:00,1270,60,Wallet,Delivered,25
87,266,312,2022-05-21,10:15:00,990,89,Debit Card,Delivered,50
88,1070,66,2023-05-10,15:45:00,770,25,Credit Card,Delivered,100
89,1020,382,2023-05-25,21:15:00,1310,36,Debit Card,Delivered,0
90,561,92,2023-02-04,15:30:00,1040,24,Netbanking,Delivered,25
91,1800,33,2022-06-03,21:15:00,650,21,Debit Card,Delivered,0
92,1572,45,2023-01-16,19:15:00,710,72,Debit Card,Delivered,75
93,306,125,2023-09-12,19:30:00,360,30,Debit Card,In Transit,75
94,464,372,2022-10-15,18:45:00,180,23,Netbanking,Cancelled,0
95,544,356,2023-12-07,12:00:00,310,58,UPI,Delivered,25
96,1906,272,2023-05-19,11:00:00,700,86,UPI,Delivered,100
97,1395,291,2023-04-20,22:45:00,920,86,Credit Card,Delivered,75
98,681,186,2022-08-07,18:15:00,1170,58,Credit Card,Delivered,75
99,1551,253,2022-07-10,13:30:00,600,36,UPI,Delivered,0
100,1842,239,2022-02-17,15:15:00,220,51,Netbanking,Delivered,75
101,1080,96,2023-04-30,16:00:00,1020,75,Netbanking,Delivered,0
102,1107,280,2023-11-13,17:30:00,1300,36,Credit Card,Delivered,0
103,1401,432,2023-09-11,22:15:00,440,44,Cash on Delivery,Delivered,0
104,196,337,2023-12-30,14:15:00,340,30,UPI,Delivered,75
105,1678,63,2022-10-12,19:45:00,300,56,Debit Card,Delivered,0
106,1450,237,2023-09-02,11:30:00,740,81,Credit Card,Delivered,0
107,1677,125,2023-09-23,10:00:00,800,79,Wallet,Delivered,0
108,1622,325,2023-01-09,23:45:00,670,89,Wallet,Delivered,0
109,1503,272,2023-06-09,21:15:00,200,71,UPI,Delivered,0
110,1173,303,2022-08-11,13:15:00,220,78,Cash on Delivery,Delivered,0
111,1195,445,2022-05-01,13:30:00,280,40,Debit Card,Delivered,50
112,84,476,2022-11-16,16:45:00,780,87,Debit Card,Delivered,25
113,966,371,2023-02-17,22:30:00,1310,69,Cash on Delivery,Delivered,0
114,8,345,2022-07-05,19:15:00,1160,88,Netbanking,Delivered,25
115,1772,491,2023-03-27,21:15:00,690,37,Netbanking,Delivered,0
116,405,436,2023-10-22,20:00:00,240,75,Cash on Delivery,Delivered,25
117,1352,495,2022-04-07,20:30:00,930,43,Credit Card,Delivered,0
118,1068,416,2023-06-18,22:45:00,550,59,Debit Card,Returned,0
119,316,496,2022-08-29,11:45:00,950,79,Wallet,Delivered,0
120,629,287,2022-03-27,19:30:00,300,72,Debit Card,Delivered,75
121,1680,283,2023-05-27,13:45:00,660,45,Credit Card,In Transit,75
122,807,173,2023-06-17,15:15:00,1140,83,Debit Card,Delivered,100
123,1145,218,2022-04-02,19:00:00,190,82,Netbanking,Delivered,0
124,451,397,2022-07-03,23:15:00,190,75,Credit Card,Delivered,0
125,1245,311,2022-04-28,10:00:00,270,66,UPI,Cancelled,0
126,459,313,2023-06-23,12:15:00,490,20,Cash on Delivery,Delivered,0
127,1023,317,2022-03-31,18:45:00,350,20,UPI,Cancelled,100
128,1913,197,2022-12-17,20:00:00,1130,81,Cash on Delivery,Delivered,25
129,1256,481,2022-02-07,22:15:00,1310,70,Credit Card,Delivered,25
130,372,222,2023-06-06,17:15:00,760,69,Debit Card,Delivered,0
131,1271,241,2023-01-06,12:45:00,120,76,Cash on Delivery,Delivered,0
132,243,60,2023-11-24,22:15:00,630,83,Wallet,Delivered,100
133,1741,212,2023-02-21,18:45:00,220,85,UPI,Delivered,0
134,1901,388,2022-12-22,17:30:00,390,84,Credit Card,Delivered,75
135,1876,100,2023-01-27,16:45:00,560,45,Wallet,Delivered,25
136,1813,411,2023-06-15,16:45:00,940,76,Netbanking,Delivered,0
137,1678,299,2023-10-06,17:30:00,790,50,Debit Card,Delivered,75
138,74,368,2022-09-05,19:00:00,760,76,Netbanking,Delivered,75
139,559,348,2022-12-07,22:30:00,820,23,Debit Card,Delivered,50
140,1776,483,2023-01-19,13:30:00,80,49,Cash on Delivery,Delivered,50
141,387,96,2023-09-08,21:00:00,170,68,Wallet,Delivered,0
142,1662,400,2023-04-15,22:30:00,330,46,UPI,Delivered,0
143,3,370,2022-04-16,12:45:00,990,25,Debit Card,Cancelled,50
144,472,446,2023-04-24,14:45:00,920,55,Cash on Delivery,Delivered,75
145,77,127,2023-08-08,15:15:00,600,80,UPI,Delivered,75
146,1956,389,2022-07-03,17:00:00,1000,82,Wallet,Delivered,100
147,1222,168,2023-06-15,17:45:00,240,53,Netbanking,Delivered,75
148,962,104,2022-03-31,15:45:00,630,53,Wallet,Delivered,0
149,553,362,2023-11-16,12:45:00,1150,43,UPI,Delivered,75
150,827,441,2022-03-29,11:15:00,1380,89,Netbanking,Delivered,0
151,490,453,2022-07-12,15:30:00,1170,82,Wallet,Delivered,0
152,1434,378,2023-05-28,21:00:00,650,77,Cash on Delivery,Delivered,50
153,136,389,2023-10-19,10:45:00,450,66,Debit Card,Delivered,0
154,1016,19,2023-03-28,18:15:00,1310,87,UPI,Delivered,0
155,521,265,2023-11-07,10:30:00,1140,56,Debit Card,Delivered,50
156,265,246,2022-07-13,18:15:00,330,35,Wallet,Cancelled,100
157,799,412,2023-06-16,18:30:00,570,61,Debit Card,Delivered,0
158,1821,22,2022-07-10,15:45:00,630,24,UPI,Delivered,100
159,1461,423,2022-05-08,23:00:00,480,66,Credit Card,Delivered,50
160,1941,307,2022-09-09,16:30:00,610,65,Debit Card,Cancelled,0
161,502,16,2022-10-09,20:45:00,1250,27,Credit Card,Cancelled,0
162,53,61,2022-08-09,15:00:00,660,31,UPI,Delivered,0
163,263,103,2023-12-18,21:45:00,230,24,Netbanking,Delivered,0
164,1655,466,2023-12-11,10:30:00,500,24,Debit Card,Delivered,50
165,590,363,2023-09-07,19:15:00,600,77,Debit Card,In Transit,100
166,1468,169,2023-07-03,23:15:00,570,40,Netbanking,Delivered,100
167,283,224,2023-06-01,15:30:00,730,63,Wallet,Delivered,25
168,1405,215,2023-08-29,18:00:00,260,25,Netbanking,Delivered,25
169,1491,373,2023-02-01,15:00:00,520,33,Wallet,Delivered,100
170,603,263,2023-06-07,14:45:00,1150,37,Wallet,Delivered,0
171,85,122,2022-12-21,22:15:00,390,65,Debit Card,Delivered,100
172,682,261,2023-11-11,22:30:00,150,39,Debit Card,Delivered,25
173,1573,429,2023-08-12,21:00:00,850,43,Credit Card,Delivered,0
174,1054,230,2023-09-03,10:45:00,700,80,UPI,Delivered,75
175,584,448,2023-08-06,14:00:00,810,73,Cash on Delivery,Delivered,25
176,272,102,2022-12-04,15:00:00,580,66,Credit Card,Delivered,100
177,923,221,2022-11-05,22:15:00,1160,35,Cash on Delivery,Delivered,0
178,1392,248,2022-04-26,17:00:00,600,45,UPI,Delivered,0
179,580,492,2022-12-28,15:30:00,890,65,Cash on Delivery,Delivered,100
180,384,491,2022-07-28,20:45:00,180,67,Wallet,Delivered,100
181,1566,213,2022-11-05,16:00:00,630,31,Debit Card,Delivered,0
182,163,243,2023-11-28,22:15:00,490,80,UPI,Delivered,75
183,1471,297,2022-02-17,20:45:00,1110,51,UPI,Cancelled,50
184,1180,490,2023-01-16,11:00:00,1140,90,UPI,Delivered,0
185,1723,105,2022-10-19,21:15:00,700,26,Wallet,Delivered,75
186,1503,122,2023-05-27,10:15:00,290,25,Netbanking,Delivered,50
187,1304,230,2022-10-18,22:45:00,670,77,Cash on Delivery,Delivered,25
188,828,128,2022-11-03,12:30:00,910,85,Credit Card,Delivered,75
189,1569,208,2022-11-11,14:45:00,1420,55,Wallet,Cancelled,50
190,398,393,2023-02-21,22:30:00,900,50,Netbanking,Delivered,0
191,1399,355,2022-11-15,20:00:00,790,69,Debit Card,Delivered,0
192,787,418,2022-04-05,16:45:00,470,61,Debit Card,Delivered,75
193,296,101,2023-08-21,19:45:00,920,21,Debit Card,Cancelled,100
194,1957,302,2023-11-09,12:15:00,960,88,Credit Card,Delivered,75
195,1582,333,2022-05-21,13:45:00,370,43,Credit Card,In Transit,0
196,996,362,2023-06-12,14:30:00,910,72,Cash on Delivery,Delivered,50
197,501,27,2023-12-04,17:45:00,750,61,Wallet,Delivered,100
198,1365,470,2022-02-25,23:15:00,680,65,Cash on Delivery,Delivered,75
199,1534,246,2023-03-01,10:30:00,1460,48,Cash on Delivery,Delivered,0
200,523,493,2022-02-13,11:45:00,860,27,Cash on Delivery,Delivered,0
201,934,367,2022-02-21,20:00:00,330,51,Netbanking,Delivered,50
202,712,344,2023-01-19,15:30:00,230,32,UPI,Delivered,50
203,180,321,2023-03-10,13:15:00,700,72,Cash on Delivery,Delivered,75
204,1211,355,2022-08-01,10:45:00,230,46,UPI,Delivered,75
205,1640,259,2022-02-14,12:00:00,450,24,Netbanking,Delivered,0
206,716,236,2022-12-08,21:15:00,1000,36,Debit Card,Delivered,50
207,1271,220,2022-08-09,18:15:00,440,60,UPI,In Transit,0
208,1930,445,2023-05-06,10:45:00,270,66,UPI,Delivered,0
209,1220,385,2023-07-17,22:15:00,850,78,Cash on Delivery,Delivered,0
210,579,229,2022-09-09,17:30:00,660,30,Credit Card,Delivered,100
211,179,92,2022-06-29,11:45:00,1430,48,Debit Card,Delivered,0
212,1045,12,2022-12-13,12:00:00,970,39,Wallet,Delivered,0
213,830,323,2022-04-26,15:45:00,1090,20,Netbanking,Delivered,25
214,86,219,2022-03-19,11:00:00,270,29,Cash on Delivery,Returned,25
215,1781,353,2022-07-12,13:00:00,770,49,Wallet,Delivered,100
216,759,140,2023-03-05,10:45:00,580,62,Netbanking,Delivered,0
217,386,75,2022-02-02,16:30:00,310,38,Cash on Delivery,Delivered,75
218,1083,402,2022-05-27,23:00:00,830,24,Debit Card,Delivered,75
219,625,279,2022-02-21,16:30:00,400,48,Wallet,Delivered,0
220,460,214,2022-11-20,15:30:00,600,81,Credit Card,Delivered,25
221,1435,446,2022-05-03,14:15:00,240,71,Cash on Delivery,Delivered,25
222,68,328,2022-10-04,23:15:00,400,76,Debit Card,Delivered,75
223,1434,448,2023-10-05,20:30:00,560,80,Cash on Delivery,Delivered,50
224,223,233,2023-09-11,21:15:00,1120,32,Wallet,Delivered,100
225,1153,123,2022-02-28,23:00:00,300,64,Cash on Delivery,Delivered,50
226,1576,281,2023-08-26,16:30:00,680,47,Wallet,Returned,25
227,58,266,2023-12-23,23:30:00,840,57,Credit Card,In Transit,75
228,685,293,2023-11-11,16:30:00,300,83,UPI,Cancelled,50
229,535,201,2023-03-12,21:15:00,340,38,Cash on Delivery,Delivered,0
230,1190,339,2023-10-09,23:00:00,630,69,UPI,Delivered,50
231,894,263,2022-01-28,10:00:00,250,48,Netbanking,Delivered,0
232,1730,293,2023-11-01,23:15:00,80,79,Credit Card,Delivered,25
233,1414,208,2023-11-16,23:45:00,490,87,Cash on Delivery,Delivered,100
234,102,44,2023-12-16,11:00:00,1060,69,Netbanking,Delivered,0
235,875,332,2022-07-27,15:45:00,1200,60,Wallet,Returned,100
236,1153,352,2022-06-02,23:00:00,130,24,Credit Card,Delivered,0
237,822,123,2022-02-19,16:45:00,880,83,Wallet,Delivered,0
238,1801,415,2023-07-19,17:45:00,1280,36,Debit Card,Delivered,50
239,921,484,2023-01-18,14:15:00,1080,62,Netbanking,Delivered,0
240,764,198,2022-03-24,16:30:00,980,45,Cash on Delivery,Delivered,75
241,1184,64,2022-04-25,19:15:00,900,31,Credit Card,Delivered,0
242,490,348,2022-09-09,10:30:00,280,81,Wallet,Delivered,25
243,1087,68,2022-07-02,10:15:00,1090,74,Netbanking,Delivered,75
244,567,398,2022-07-10,23:15:00,1070,40,Debit Card,Delivered,75
245,755,63,2022-03-26,18:45:00,1210,76,Debit Card,Delivered,0
246,1625,126,2023-10-22,17:45:00,1260,27,Wallet,Delivered,25
247,1600,433,2022-07-28,20:30:00,490,29,Credit Card,In Transit,0
248,1313,164,2022-03-12,10:15:00,160,62,Cash on Delivery,Delivered,0
249,103,317,2023-08-29,15:45:00,1120,67,Credit Card,Delivered,50
250,526,101,2023-04-17,18:30:00,830,20,Debit Card,Cancelled,0
251,819,294,2022-09-30,21:00:00,890,33,UPI,Delivered,0
252,299,440,2022-12-24,12:00:00,1130,55,UPI,Cancelled,0
253,1743,269,2023-09-18,12:15:00,350,34,Debit Card,Delivered,25
254,1989,489,2022-04-14,17:00:00,910,31,Credit Card,Delivered,0
255,939,190,2023-01-29,15:30:00,630,43,Debit Card,Delivered,25
256,334,2,2023-12-28,19:15:00,740,52,Credit Card,Delivered,75
257,512,292,2022-09-10,16:45:00,850,57,UPI,Delivered,100
258,1279,475,2023-11-09,22:15:00,680,26,Netbanking,Delivered,50
259,1748,40,2022-04-21,12:00:00,440,70,Debit Card,Delivered,75
260,1562,378,2022-06-24,11:45:00,500,41,Debit Card,Delivered,25
261,138,197,2023-03-23,11:30:00,260,52,Debit Card,Delivered,0
262,393,112,2022-01-13,19:00:00,460,37,Debit Card,Delivered,25
263,1427,389,2023-11-14,18:15:00,780,67,Netbanking,Delivered,0
264,1442,169,2022-03-29,11:30:00,280,34,Credit Card,Delivered,50
265,1194,467,2022-10-19,13:30:00,920,20,Wallet,Delivered,75
266,813,462,2022-06-22,10:00:00,520,72,Credit Card,Delivered,100
267,1456,16,2022-02-13,18:30:00,320,39,Wallet,Delivered,0
268,893,317,2023-04-20,19:00:00,880,43,Credit Card,In Transit,75
269,790,235,2023-12-12,15:15:00,840,35,Credit Card,Returned,75
270,233,287,2022-07-15,12:15:00,500,27,UPI,Delivered,0
271,825,425,2023-07-11,10:15:00,480,52,Credit Card,In Transit,75
272,1796,377,2022-03-25,12:00:00,670,51,Credit Card,Returned,0
273,506,480,2023-03-28,17:45:00,530,25,UPI,Cancelled,0
274,1583,69,2023-10-18,17:30:00,450,74,UPI,Delivered,50
275,1436,449,2023-10-28,14:00:00,720,63,UPI,Delivered,0
276,1706,112,2022-01-20,12:30:00,350,83,Cash on Delivery,Returned,100
277,1997,71,2022-10-24,22:15:00,610,28,Netbanking,Delivered,0
278,995,433,2022-08-13,12:15:00,1280,33,Cash on Delivery,Cancelled,75
279,393,497,2023-06-13,21:00:00,550,22,Debit Card,Delivered,0
280,1333,449,2022-03-22,15:15:00,680,86,UPI,Delivered,100
281,166,372,2023-10-29,14:45:00,1080,44,Wallet,Delivered,0
282,709,4,2023-07-26,14:30:00,580,90,Wallet,In Transit,50
283,1249,314,2023-12-23,11:15:00,1210,73,Netbanking,Delivered,0
284,1663,167,2022-10-12,15:30:00,790,41,Debit Card,Delivered,0
285,402,419,2022-12-26,16:15:00,450,57,Wallet,Delivered,75
286,726,57,2023-05-25,20:15:00,200,59,Cash on Delivery,Delivered,0
287,824,388,2022-09-15,17:15:00,850,28,Credit Card,Delivered,0
288,535,69,2023-12-28,23:15:00,1000,45,Credit Card,In Transit,75
289,1691,280,2023-03-28,23:15:00,350,28,Debit Card,In Transit,100
290,630,346,2022-06-15,19:45:00,970,76,Credit Card,Delivered,100
291,1755,255,2023-09-13,11:00:00,790,46,Netbanking,Delivered,50
292,825,83,2023-08-19,10:00:00,640,53,Credit Card,Delivered,100
293,1901,273,2022-09-07,15:00:00,280,73,Wallet,Delivered,0
294,1880,23,2022-11-08,10:00:00,510,29,Cash on Delivery,Delivered,0
295,276,266,2023-06-30,20:15:00,850,77,Credit Card,Delivered,100
296,132,145,2022-07-12,14:15:00,1400,59,Wallet,Delivered,0
297,629,157,2023-01-05,22:00:00,320,28,Debit Card,Cancelled,100
298,810,1,2022-04-24,15:30:00,140,45,Debit Card,Delivered,75
299,933,293,2023-12-03,19:30:00,1000,36,Cash on Delivery,Delivered,100
300,1763,355,2022-03-20,19:45:00,1080,86,Wallet,Cancelled,50
301,1856,435,2023-01-15,17:45:00,1020,28,Wallet,Delivered,0
302,264,405,2023-09-22,22:15:00,560,78,UPI,Delivered,0
303,1038,244,2022-04-30,21:45:00,790,52,Netbanking,Delivered,100
304,1698,44,2023-05-26,21:00:00,1080,71,Credit Card,Delivered,75
305,1298,408,2022-11-23,13:00:00,230,85,Netbanking,Delivered,75
306,667,123,2022-11-10,19:15:00,1100,44,Cash on Delivery,Delivered,0
307,1381,289,2023-06-13,17:00:00,660,60,Credit Card,Cancelled,0
308,1514,240,2023-04-15,20:30:00,110,55,Debit Card,Delivered,75
309,1329,179,2022-02-06,18:45:00,520,77,Cash on Delivery,Delivered,25
310,1431,496,2022-02-02,12:00:00,680,24,Debit Card,Delivered,0
311,1575,388,2022-10-30,17:30:00,490,71,Wallet,Delivered,25
312,1101,355,2022-01-24,16:45:00,200,59,UPI,Delivered,50
313,857,132,2022-11-04,14:45:00,940,83,Cash on Delivery,Delivered,0
314,236,413,2023-04-23,12:30:00,400,21,Cash on Delivery,Delivered,100
315,97,355,2022-09-08,16:45:00,520,37,Netbanking,Delivered,50
316,1257,448,2022-09-25,11:45:00,1150,49,Cash on Delivery,Delivered,50
317,1219,450,2022-10-18,23:00:00,780,79,UPI,Delivered,75
318,393,31,2022-10-23,11:30:00,150,51,Debit Card,Delivered,75
319,777,418,2023-01-12,17:00:00,570,30,UPI,In Transit,0
320,556,124,2023-12-01,23:30:00,830,80,Credit Card,Delivered,25
321,283,162,2022-07-30,15:30:00,480,35,UPI,Delivered,75
322,137,59,2022-01-29,11:15:00,330,68,Wallet,Delivered,25
323,1331,299,2022-05-12,20:30:00,740,42,Debit Card,Delivered,0
324,1325,443,2023-07-28,15:45:00,810,53,UPI,Delivered,0
325,1705,210,2022-10-04,21:00:00,340,38,Netbanking,Delivered,0
326,1743,424,2023-07-03,12:30:00,670,39,UPI,Delivered,50
327,219,139,2022-07-19,19:15:00,900,64,Debit Card,Delivered,50
328,115,356,2022-12-11,17:30:00,780,23,UPI,In Transit,100
329,1019,367,2022-08-05,22:30:00,170,66,Credit Card,Delivered,0
330,371,144,2022-10-08,19:15:00,1160,69,UPI,Delivered,0
331,875,145,2022-01-09,23:15:00,330,69,Cash on Delivery,Delivered,0
332,1119,223,2023-01-09,19:15:00,740,46,Netbanking,Delivered,0
333,1850,334,2022-05-24,23:30:00,1120,35,UPI,Delivered,25
334,322,441,2022-02-14,10:15:00,730,31,Credit Card,Delivered,100
335,1295,381,2023-02-11,22:00:00,630,37,Wallet,Delivered,25
336,608,104,2022-02-28,10:15:00,500,47,Wallet,Delivered,75
337,1419,398,2022-10-01,19:30:00,960,39,Credit Card,Delivered,75
338,1894,125,2022-09-26,14:30:00,820,63,Wallet,In Transit,50
339,726,432,2022-04-22,14:15:00,1180,83,Cash on Delivery,Delivered,75
340,219,271,2022-01-25,13:45:00,740,40,Wallet,Delivered,0
341,975,199,2022-10-05,14:00:00,230,23,Debit Card,Delivered,75
342,1891,200,2023-07-20,11:00:00,880,68,UPI,Delivered,0
343,14,481,2022-02-08,14:30:00,730,81,Netbanking,Delivered,0
344,348,407,2023-05-09,19:15:00,600,54,Debit Card,Delivered,75
345,543,112,2022-05-17,13:45:00,450,76,Wallet,Delivered,50
346,384,41,2023-01-24,22:15:00,580,20,UPI,Delivered,0
347,397,458,2022-08-10,15:45:00,1090,83,Credit Card,Delivered,0
348,1986,14,2022-03-09,20:30:00,930,78,UPI,Delivered,25
349,1276,108,2022-04-18,13:30:00,580,36,UPI,Delivered,75
350,638,265,2023-11-17,23:00:00,700,67,Netbanking,Delivered,0
351,844,279,2023-04-29,18:45:00,220,39,UPI,Delivered,100
352,321,484,2022-07-04,20:30:00,340,51,Netbanking,Delivered,25
353,1582,20,2022-12-02,15:00:00,400,86,Cash on Delivery,Delivered,0
354,913,405,2022-07-21,18:00:00,150,21,Cash on Delivery,Cancelled,100
355,7,454,2022-06-23,13:00:00,550,55,UPI,Delivered,25
356,1052,321,2022-12-15,10:30:00,980,89,Netbanking,Delivered,100
357,199,156,2022-09-12,14:45:00,1080,70,Credit Card,Delivered,25
358,365,257,2022-02-10,13:30:00,1730,59,Wallet,Delivered,0
359,1871,24,2023-01-31,14:15:00,550,53,Netbanking,Delivered,0
360,219,218,2023-08-01,23:30:00,900,85,Netbanking,Delivered,0
361,915,139,2022-02-25,16:45:00,280,70,Wallet,Delivered,0
362,879,149,2023-10-02,17:30:00,500,50,Credit Card,Delivered,25
363,969,27,2023-08-12,11:45:00,320,47,Wallet,Cancelled,0
364,730,347,2023-07-14,10:30:00,570,21,UPI,Delivered,25
365,1287,302,2023-06-06,22:15:00,280,77,Cash on Delivery,Delivered,75
366,1849,302,2023-04-26,22:45:00,710,46,UPI,Returned,0
367,746,200,2022-01-28,17:30:00,950,90,Netbanking,Delivered,0
368,753,120,2023-02-02,19:00:00,390,68,Debit Card,Delivered,25
369,1662,276,2022-02-01,14:00:00,730,45,Credit Card,In Transit,100
370,1305,208,2023-03-21,20:45:00,790,88,Wallet,Delivered,100
371,904,418,2023-03-13,14:45:00,200,25,UPI,Delivered,100
372,570,404,2022-02-22,11:45:00,160,55,Debit Card,Delivered,0
373,404,199,2023-05-31,23:00:00,880,78,Debit Card,Delivered,25
374,1450,251,2023-01-19,11:15:00,600,84,Debit Card,Delivered,100
375,1105,371,2023-06-03,20:00:00,1150,66,Debit Card,In Transit,0
376,1487,376,2022-03-26,21:15:00,1030,40,Netbanking,Delivered,100
377,1199,428,2022-01-15,11:15:00,550,79,Credit Card,Delivered,75
378,1426,4,2023-03-06,17:00:00,720,78,Debit Card,In Transit,100
379,1695,342,2022-01-08,18:15:00,650,57,Netbanking,Delivered,0
380,1827,51,2023-05-19,16:30:00,700,77,Cash on Delivery,Delivered,75
381,887,198,2022-05-09,21:30:00,770,21,Wallet,Delivered,0
382,1201,224,2023-05-18,19:45:00,900,66,Netbanking,Delivered,0
383,1216,286,2022-05-26,11:30:00,1060,41,Wallet,Delivered,0
384,849,456,2023-10-23,20:30:00,260,87,UPI,Delivered,0
385,779,410,2023-08-22,22:00:00,1630,24,Debit Card,Delivered,0
386,114,100,2023-08-04,10:00:00,230,50,UPI,Delivered,0
387,1641,445,2022-09-15,15:45:00,790,84,Debit Card,Delivered,0
388,274,357,2022-04-17,13:45:00,650,63,Netbanking,Delivered,25
389,1918,130,2023-04-09,18:45:00,650,89,Wallet,Delivered,0
390,1345,124,2022-09-11,18:30:00,770,46,Wallet,Cancelled,75
391,1101,224,2022-12-01,21:00:00,700,69,Netbanking,In Transit,50
392,1536,299,2022-05-13,19:30:00,250,53,Wallet,Cancelled,25
393,863,361,2022-05-21,15:00:00,590,75,Cash on Delivery,Delivered,50
394,938,98,2022-01-05,23:45:00,680,36,UPI,Delivered,50
395,1555,30,2023-07-07,12:00:00,930,78,Debit Card,Delivered,75
396,155,293,2022-12-27,14:30:00,190,68,Cash on Delivery,Delivered,75
397,375,78,2022-12-11,20:15:00,230,74,Netbanking,Delivered,0
398,1389,181,2022-10-22,16:15:00,130,44,Debit Card,Delivered,0
399,1380,276,2022-08-29,15:30:00,450,26,Netbanking,Delivered,100
400,1080,430,2022-05-25,13:30:00,1020,56,UPI,Delivered,25
401,574,189,2022-09-10,23:45:00,530,43,UPI,Delivered,0
402,543,139,2022-03-30,10:45:00,180,23,Cash on Delivery,In Transit,0
403,1371,286,2023-12-21,12:45:00,660,50,Cash on Delivery,In Transit,75
404,1318,113,2023-02-12,17:30:00,1110,28,Cash on Delivery,Delivered,0
405,692,165,2022-04-10,16:45:00,520,43,UPI,In Transit,0
406,1826,350,2023-09-14,21:00:00,730,54,Credit Card,Delivered,0
407,709,31,2022-08-16,16:15:00,390,51,Cash on Delivery,Delivered,50
408,1751,380,2023-04-30,23:00:00,520,44,Credit Card,Delivered,50
409,1772,310,2022-04-25,17:30:00,130,34,Netbanking,Delivered,0
410,1162,357,2022-10-22,21:00:00,730,43,Cash on Delivery,Delivered,75
411,383,91,2023-09-05,21:30:00,240,31,Debit Card,Delivered,0
412,807,129,2022-09-15,21:45:00,400,46,Netbanking,Cancelled,0
413,518,76,2023-10-07,17:45:00,400,39,Wallet,Delivered,50
414,490,164,2023-10-05,17:30:00,580,84,Wallet,In Transit,25
415,218,29,2022-08-12,19:00:00,400,25,UPI,Delivered,75
416,867,109,2023-04-02,15:45:00,950,62,UPI,Delivered,25
417,340,284,2022-10-08,13:15:00,740,73,Wallet,Delivered,0
418,1680,194,2022-03-08,16:15:00,1070,62,Debit Card,Delivered,0
419,954,161,2023-05-27,16:30:00,1030,70,Wallet,Delivered,100
420,1160,185,2023-12-24,15:15:00,1260,48,Credit Card,Delivered,50
421,1727,203,2022-04-01,12:15:00,660,21,Debit Card,Delivered,0
422,1500,136,2022-07-22,13:45:00,800,78,Cash on Delivery,Delivered,25
423,93,140,2023-03-16,12:45:00,430,59,UPI,Delivered,50
424,159,113,2023-09-27,22:15:00,860,45,Debit Card,Delivered,75
425,390,311,2022-03-31,12:30:00,240,59,UPI,Delivered,25
426,1650,222,2023-07-06,20:30:00,770,47,Cash on Delivery,Delivered,25
427,938,352,2023-06-02,16:45:00,200,39,Cash on Delivery,Delivered,25
428,1245,159,2022-08-04,12:30:00,720,86,Wallet,Delivered,0
429,1085,168,2022-06-19,16:45:00,770,81,Netbanking,Delivered,100
430,1742,75,2022-06-12,14:45:00,720,82,Netbanking,Delivered,100
431,1470,311,2023-04-24,20:15:00,660,42,Debit Card,Delivered,75
432,515,449,2022-04-13,21:45:00,860,58,UPI,Delivered,50
433,99,194,2023-09-23,14:30:00,1310,41,UPI,Delivered,100
434,504,349,2023-03-04,14:30:00,810,31,UPI,Delivered,100
435,1150,500,2023-07-12,11:45:00,230,51,Netbanking,Delivered,75
436,391,138,2023-05-21,22:15:00,1130,83,Wallet,Delivered,50
437,1129,414,2022-06-13,13:00:00,330,23,Netbanking,Delivered,100
438,752,93,2022-09-04,13:00:00,310,32,Credit Card,Delivered,0
439,1667,423,2022-01-05,12:45:00,920,90,UPI,Delivered,0
440,501,63,2022-07-07,23:15:00,880,64,UPI,Delivered,75
441,1584,234,2023-12-17,20:00:00,1630,20,Cash on Delivery,Delivered,25
442,1780,176,2023-06-27,13:45:00,590,50,UPI,Delivered,0
443,1871,38,2023-09-26,20:00:00,1080,34,Wallet,Delivered,75
444,1132,232,2022-05-25,10:30:00,550,88,UPI,Returned,0
445,1277,122,2022-10-17,13:15:00,110,34,UPI,Delivered,25
446,1365,349,2023-09-07,21:00:00,160,47,Netbanking,Delivered,0
447,285,350,2022-06-14,23:00:00,1020,66,Credit Card,Delivered,0
448,452,58,2023-08-01,12:15:00,200,64,Credit Card,Delivered,25
449,1012,348,2023-02-15,11:45:00,100,77,Cash on Delivery,Delivered,100
450,1699,380,2022-11-24,18:45:00,860,32,Debit Card,Delivered,100
451,347,222,2023-09-22,20:30:00,840,58,Credit Card,Delivered,75
452,1756,12,2023-09-15,11:00:00,800,86,Wallet,Delivered,0
453,57,230,2023-05-29,14:45:00,700,60,Cash on Delivery,Delivered,25
454,128,120,2022-02-20,21:15:00,1080,20,UPI,Delivered,75
455,921,202,2023-06-07,21:00:00,760,49,UPI,Delivered,25
456,1849,84,2023-07-16,11:15:00,750,43,Credit Card,Delivered,0
457,740,56,2022-07-17,13:45:00,300,52,Netbanking,Delivered,0
458,150,454,2022-07-03,15:00:00,100,58,UPI,Delivered,75
459,961,327,2022-02-20,15:45:00,1400,70,Netbanking,Delivered,25
460,1869,262,2023-04-04,14:00:00,1250,23,Credit Card,Delivered,50
461,1347,267,2022-04-13,15:45:00,180,55,Cash on Delivery,Cancelled,100
462,1424,206,2022-05-13,21:00:00,1320,54,UPI,Delivered,25
463,80,291,2022-11-10,17:45:00,370,62,UPI,Delivered,0
464,1812,79,2023-12-22,14:45:00,470,64,Netbanking,Returned,100
465,333,226,2022-03-02,20:15:00,950,65,Netbanking,Delivered,0
466,1074,289,2022-06-25,21:30:00,1130,44,Wallet,Delivered,25
467,1827,351,2022-01-31,16:45:00,190,51,Credit Card,Delivered,75
468,1242,410,2022-09-30,13:15:00,1340,37,Debit Card,Delivered,75
469,1555,202,2023-07-21,17:45:00,880,90,Credit Card,Delivered,100
470,1990,80,2022-01-04,10:00:00,910,69,Cash on Delivery,Delivered,25
471,399,126,2023-12-09,16:15:00,1290,37,Debit Card,Delivered,75
472,704,91,2022-08-11,10:30:00,970,44,Debit Card,Delivered,0
473,746,186,2022-10-05,11:00:00,530,57,UPI,In Transit,25
474,696,136,2023-10-19,23:00:00,1080,56,Wallet,Delivered,50
475,1089,368,2023-01-23,15:00:00,840,50,Credit Card,Delivered,50
476,228,63,2022-10-23,18:45:00,1380,42,Credit Card,Delivered,0
477,904,373,2023-01-19,23:00:00,210,35,UPI,Delivered,25
478,648,415,2023-10-29,13:30:00,390,29,Cash on Delivery,Delivered,50
479,364,470,2023-07-26,21:15:00,350,41,UPI,Delivered,0
480,1484,258,2023-02-19,13:45:00,160,58,Netbanking,In Transit,75
481,1394,423,2022-10-03,16:45:00,880,73,UPI,Delivered,75
482,55,194,2022-03-07,19:00:00,1110,86,Cash on Delivery,In Transit,0
483,19,218,2022-03-27,11:00:00,350,64,Credit Card,Delivered,0
484,5,72,2022-01-02,12:45:00,320,52,Credit Card,Delivered,50
485,1902,416,2022-03-03,11:30:00,930,90,Wallet,Delivered,75
486,1264,281,2023-09-26,19:45:00,390,70,Netbanking,Delivered,0
487,336,17,2022-10-20,14:15:00,150,30,Debit Card,Delivered,25
488,29,329,2022-03-11,12:30:00,1180,65,Wallet,Delivered,50
489,1452,444,2023-12-16,22:45:00,980,75,Wallet,Delivered,100
490,1247,258,2022-12-15,19:45:00,570,60,Wallet,Delivered,100
491,1231,329,2022-01-17,20:00:00,680,80,UPI,Delivered,0
492,1202,112,2022-01-05,13:00:00,560,55,Credit Card,Cancelled,0
493,1993,414,2023-09-26,10:45:00,1000,69,Credit Card,Delivered,0
494,630,347,2022-06-25,18:30:00,1500,31,Credit Card,Delivered,25
495,339,340,2022-04-17,22:15:00,670,87,Debit Card,Delivered,0
496,1193,151,2023-09-14,15:15:00,390,49,Debit Card,Delivered,0
497,1641,142,2022-02-08,16:30:00,360,77,Debit Card,Delivered,25
498,1836,115,2022-12-05,15:30:00,780,29,Cash on Delivery,Delivered,25
499,1625,304,2022-11-29,23:45:00,170,41,Netbanking,Cancelled,100
500,1300,465,2022-12-02,19:45:00,570,40,Cash on Delivery,Delivered,0
501,1390,448,2022-08-18,10:45:00,300,86,UPI,Delivered,0
502,1148,135,2022-05-12,19:30:00,150,56,Cash on Delivery,Delivered,0
503,454,429,2023-12-24,19:30:00,560,51,Cash on Delivery,Delivered,0
504,640,67,2023-06-08,16:15:00,940,65,Credit Card,Delivered,0
505,1813,209,2023-06-23,12:15:00,230,83,Wallet,Delivered,25
506,1848,179,2022-10-21,19:00:00,480,33,Cash on Delivery,Delivered,0
507,1648,453,2023-06-01,11:30:00,1430,67,Credit Card,Delivered,25
508,1337,412,2022-03-31,18:00:00,880,48,Wallet,Delivered,0
509,1402,466,2023-03-02,21:45:00,110,82,Cash on Delivery,Delivered,25
510,1604,238,2023-01-22,14:30:00,1250,59,Netbanking,Delivered,0
511,427,129,2023-12-14,22:00:00,260,52,UPI,Delivered,0
512,287,196,2022-07-30,18:15:00,620,50,Credit Card,Cancelled,75
513,511,97,2023-11-27,20:30:00,140,28,Debit Card,Delivered,75
514,1609,15,2023-03-19,16:00:00,700,37,Cash on Delivery,Cancelled,25
515,577,368,2022-11-01,17:45:00,100,59,Credit Card,Cancelled,0
516,1910,480,2023-04-10,12:30:00,880,78,UPI,Delivered,25
517,1161,168,2022-08-23,13:45:00,1330,66,Cash on Delivery,Delivered,100
518,229,83,2023-08-29,15:00:00,1150,58,Cash on Delivery,Cancelled,75
519,1486,171,2022-11-18,14:30:00,140,70,Cash on Delivery,Delivered,0
520,1572,165,2022-01-31,15:15:00,260,53,Debit Card,Delivered,100
521,320,449,2023-05-21,18:45:00,1040,21,Cash on Delivery,Delivered,50
522,1408,178,2023-01-20,21:15:00,320,77,Cash on Delivery,In Transit,25
523,294,389,2023-12-09,17:45:00,1000,59,Wallet,Delivered,0
524,1698,326,2022-04-19,20:30:00,1130,72,UPI,Delivered,75
525,999,301,2022-10-02,23:15:00,550,64,Cash on Delivery,Delivered,0
526,592,332,2023-07-30,18:30:00,680,71,UPI,Delivered,0
527,1393,27,2023-01-03,15:30:00,1400,79,Cash on Delivery,Delivered,75
528,853,42,2023-03-07,16:00:00,1150,50,Debit Card,Delivered,50
529,1808,190,2022-08-13,16:15:00,420,46,Credit Card,Delivered,0
530,535,465,2023-02-09,12:00:00,770,71,Credit Card,Delivered,75
531,1453,220,2023-07-21,19:45:00,970,58,Wallet,Delivered,0
532,175,293,2023-10-05,13:45:00,1160,26,Netbanking,Delivered,100
533,376,93,2022-05-17,11:15:00,460,50,Cash on Delivery,Delivered,0
534,831,301,2023-02-04,22:00:00,330,46,Netbanking,Returned,100
535,1029,442,2022-08-20,22:15:00,1190,69,Credit Card,Delivered,0
536,25,212,2022-07-31,15:45:00,420,65,Netbanking,Delivered,75
537,593,86,2023-12-28,21:15:00,1170,24,Cash on Delivery,Delivered,0
538,38,112,2023-12-28,21:45:00,500,76,Credit Card,Delivered,75
539,1626,167,2022-03-24,21:15:00,670,34,UPI,Delivered,0
540,1710,500,2023-11-20,16:15:00,130,62,Wallet,Delivered,0
541,1152,172,2022-04-07,11:45:00,500,40,Cash on Delivery,Delivered,100
542,1235,16,2023-01-30,20:30:00,830,70,Cash on Delivery,Delivered,0
543,1039,38,2023-08-19,10:15:00,360,85,Credit Card,Delivered,75
544,1007,313,2022-02-01,13:30:00,290,48,Wallet,Delivered,75
545,406,342,2022-06-09,12:45:00,250,52,Wallet,Delivered,0
546,850,232,2022-02-18,16:45:00,140,51,Netbanking,Delivered,0
547,935,405,2022-12-04,23:30:00,130,39,Netbanking,Delivered,50
548,148,257,2022-01-05,14:45:00,900,29,Cash on Delivery,Delivered,25
549,848,138,2022-03-28,17:45:00,130,72,Debit Card,Cancelled,0
550,1041,462,2023-08-05,21:00:00,700,61,Credit Card,Delivered,50
551,625,288,2022-11-24,22:45:00,810,78,Cash on Delivery,Delivered,0
552,1479,452,2023-10-03,21:00:00,410,63,Wallet,Delivered,50
553,1743,47,2023-06-12,13:30:00,1100,44,Netbanking,Delivered,100
554,386,197,2022-03-31,10:45:00,240,39,Cash on Delivery,Delivered,0
555,1151,397,2023-12-24,10:45:00,240,87,Credit Card,Delivered,0
556,1370,72,2023-10-12,18:00:00,250,47,UPI,Delivered,0
557,24,389,2022-06-17,17:15:00,1230,22,Debit Card,Delivered,100
558,513,258,2023-05-10,11:00:00,570,20,Debit Card,Delivered,25
559,1351,439,2023-05-16,14:45:00,920,81,Cash on Delivery,Delivered,0
560,1231,125,2023-09-04,21:30:00,160,20,Debit Card,Delivered,25
561,1832,282,2023-07-01,12:30:00,640,35,Credit Card,Delivered,0
562,280,496,2022-05-11,17:00:00,850,60,Wallet,Delivered,0
563,1155,168,2022-04-03,23:30:00,200,57,Netbanking,Delivered,100
564,957,394,2022-03-14,10:45:00,280,27,Credit Card,Returned,50
565,1038,481,2023-10-08,14:15:00,860,59,Cash on Delivery,Delivered,100
566,1173,119,2022-04-18,18:30:00,340,46,Netbanking,Delivered,25
567,1020,35,2022-01-14,20:30:00,560,64,Wallet,Delivered,100
568,1454,90,2023-08-20,15:30:00,580,25,Wallet,Delivered,0
569,1184,151,2022-07-05,19:00:00,900,60,Wallet,Delivered,75
570,468,390,2023-11-27,16:45:00,570,73,UPI,Returned,75
571,794,426,2022-07-26,13:45:00,340,59,Netbanking,Delivered,0
572,1094,237,2022-01-22,13:45:00,490,87,Credit Card,Delivered,0
573,1415,388,2023-12-24,22:45:00,290,21,Credit Card,Delivered,50
574,342,450,2022-12-23,18:30:00,280,59,UPI,Delivered,0
575,458,423,2023-06-06,17:45:00,230,73,Cash on Delivery,Delivered,100
576,927,253,2023-12-23,22:00:00,130,90,Credit Card,Delivered,0
577,1888,80,2023-05-31,23:00:00,1090,43,Credit Card,Delivered,25
578,27,194,2022-09-30,12:45:00,1240,80,Debit Card,Delivered,0
579,1538,451,2023-05-04,11:30:00,1000,53,Debit Card,Delivered,0
580,927,183,2022-11-01,23:30:00,620,86,Credit Card,Delivered,75
581,859,336,2023-06-18,22:00:00,80,66,UPI,In Transit,0
582,1507,222,2022-11-24,21:45:00,930,78,Cash on Delivery,Delivered,0
583,1330,189,2023-09-16,21:15:00,100,89,UPI,Delivered,100
584,1194,115,2022-07-01,16:00:00,740,82,Credit Card,Delivered,75
585,613,383,2023-07-08,19:30:00,850,39,Credit Card,Delivered,0
586,1576,165,2023-04-27,20:15:00,800,87,Cash on Delivery,In Transit,0
587,1097,279,2022-06-20,21:15:00,430,54,Cash on Delivery,Returned,0
588,774,57,2023-08-17,14:45:00,530,79,Cash on Delivery,Returned,75
589,1650,93,2022-08-03,14:45:00,400,64,Netbanking,Delivered,100
590,910,386,2022-05-06,19:30:00,780,39,UPI,Delivered,100
591,1627,365,2023-06-07,22:45:00,580,20,Credit Card,Cancelled,0
592,493,351,2022-10-09,11:15:00,760,63,Debit Card,Delivered,50
593,1839,272,2022-02-22,13:00:00,730,49,Credit Card,Delivered,0
594,1035,78,2023-09-20,17:45:00,830,21,Debit Card,Delivered,25
595,206,219,2022-03-03,23:45:00,910,87,Netbanking,Delivered,0
596,791,150,2022-02-21,18:15:00,630,87,Credit Card,Cancelled,0
597,1181,88,2023-02-09,20:15:00,660,79,Cash on Delivery,In Transit,0
598,160,204,2023-02-01,12:45:00,470,25,Credit Card,Delivered,50
599,1576,8,2022-11-16,22:30:00,730,26,Wallet,Delivered,25
600,577,293,2023-03-20,20:15:00,150,50,Wallet,Delivered,0
601,469,483,2023-02-02,16:45:00,250,72,Credit Card,Delivered,100
602,1989,74,2022-10-25,15:45:00,440,20,Netbanking,Delivered,100
603,1949,194,2022-03-19,18:30:00,770,33,Netbanking,Delivered,25
604,164,19,2022-07-07,14:45:00,920,69,Netbanking,In Transit,0
605,1305,54,2023-01-24,14:00:00,1050,37,UPI,In Transit,25
606,797,321,2022-06-01,10:15:00,970,29,Wallet,Delivered,0
607,314,460,2022-09-18,22:00:00,890,21,Wallet,Delivered,0
608,1408,238,2022-09-07,20:00:00,430,23,Cash on Delivery,Returned,25
609,911,49,2023-11-04,17:00:00,830,45,Debit Card,Delivered,25
610,1178,390,2022-06-24,14:15:00,480,90,Credit Card,Delivered,0
611,1681,401,2023-01-01,19:30:00,330,43,Credit Card,Delivered,0
612,1731,226,2023-09-14,10:30:00,1350,75,UPI,Delivered,25
613,1509,117,2022-08-26,13:15:00,570,57,Debit Card,Delivered,0
614,1520,387,2022-06-05,18:30:00,580,50,Debit Card,Delivered,0
615,1554,468,2022-09-21,19:30:00,570,46,Credit Card,Delivered,100
616,1498,288,2022-01-27,14:00:00,830,86,Debit Card,Delivered,50
617,843,336,2023-06-12,15:00:00,480,60,Debit Card,Cancelled,75
618,1047,438,2022-05-01,17:45:00,950,36,Credit Card,In Transit,0
619,122,315,2022-10-23,21:15:00,120,52,Netbanking,Delivered,0
620,1417,37,2022-01-31,15:45:00,950,45,Netbanking,Delivered,75
621,1823,259,2022-08-02,14:45:00,760,81,Cash on Delivery,Delivered,25
622,1937,3,2022-10-27,12:00:00,700,80,Netbanking,Delivered,0
623,1113,1,2023-05-29,23:15:00,530,39,Netbanking,Delivered,75
624,1934,300,2023-01-09,12:45:00,1060,34,Netbanking,Delivered,100
625,1452,169,2023-03-05,10:15:00,1190,57,Wallet,In Transit,75
626,203,219,2023-04-16,23:00:00,400,60,Credit Card,Delivered,0
627,500,250,2022-01-12,22:30:00,990,46,Credit Card,Returned,50
628,751,70,2022-08-31,10:00:00,830,57,UPI,Delivered,0
629,1269,415,2022-07-26,10:30:00,1330,77,Netbanking,Cancelled,50
630,82,295,2023-02-03,17:15:00,940,63,Netbanking,Delivered,25
631,193,400,2022-01-22,16:00:00,440,63,UPI,Delivered,50
632,1773,382,2023-12-24,15:45:00,500,83,Netbanking,Returned,75
633,570,456,2022-04-17,18:45:00,510,84,Wallet,Delivered,25
634,1643,35,2022-07-05,14:00:00,1330,49,UPI,Delivered,0
635,541,276,2022-04-24,22:45:00,800,38,Wallet,Delivered,0
636,1125,426,2023-08-24,17:30:00,250,35,Wallet,Delivered,0
637,529,296,2022-01-27,21:30:00,350,87,Wallet,Delivered,50
638,1595,172,2022-03-05,16:15:00,1040,55,UPI,Delivered,50
639,658,189,2023-09-30,21:00:00,1250,52,Debit Card,Delivered,75
640,626,2,2022-02-07,10:15:00,340,76,Credit Card,Delivered,100
641,1765,63,2022-02-11,19:45:00,340,76,Credit Card,Delivered,50
642,842,269,2022-11-09,13:30:00,690,39,Debit Card,Delivered,50
643,1457,249,2023-12-08,16:30:00,850,44,Debit Card,Cancelled,25
644,1501,482,2022-03-10,15:15:00,800,27,Netbanking,Cancelled,75
645,1426,74,2023-12-11,18:30:00,850,83,Credit Card,Delivered,75
646,822,2,2022-08-18,12:30:00,160,22,Cash on Delivery,Delivered,100
647,121,24,2023-11-30,17:30:00,650,70,Credit Card,Cancelled,25
648,1591,1,2022-04-16,21:30:00,660,76,UPI,Delivered,25
649,1789,408,2023-08-07,13:00:00,590,23,Cash on Delivery,Delivered,75
650,834,237,2022-05-28,11:45:00,1320,64,Wallet,Delivered,0
651,1177,35,2022-05-10,23:30:00,1050,62,Cash on Delivery,Delivered,100
652,958,457,2023-03-23,11:30:00,330,22,Wallet,Delivered,100
653,1440,180,2023-02-07,10:45:00,530,28,Credit Card,Delivered,0
654,1772,70,2023-03-26,15:30:00,370,75,Wallet,Delivered,0
655,665,120,2023-12-10,14:15:00,350,72,Debit Card,Returned,0
656,1437,86,2023-07-22,18:00:00,1060,28,Debit Card,Delivered,25
657,460,96,2023-03-31,15:30:00,170,69,Credit Card,Delivered,25
658,226,162,2022-01-12,17:00:00,130,64,Debit Card,Delivered,0
659,1276,485,2022-10-01,22:15:00,450,57,Debit Card,Delivered,75
660,1202,299,2023-09-04,13:30:00,1130,39,Cash on Delivery,Cancelled,0
661,72,197,2023-01-10,22:45:00,370,31,Wallet,Delivered,0
662,155,444,2022-08-12,12:45:00,520,28,Credit Card,Cancelled,0
663,1568,445,2023-10-02,12:00:00,570,83,Credit Card,Delivered,0
664,854,391,2023-12-01,12:45:00,190,68,Debit Card,Delivered,0
665,310,416,2022-02-10,10:00:00,750,85,Debit Card,Delivered,50
666,1416,56,2023-09-23,22:30:00,650,88,Credit Card,Delivered,25
667,1573,405,2023-06-12,19:15:00,430,34,UPI,Delivered,75
668,30,267,2022-12-04,11:30:00,200,85,UPI,Delivered,0
669,444,145,2023-07-21,10:30:00,350,34,Cash on Delivery,Delivered,75
670,454,175,2022-04-19,11:45:00,760,50,Wallet,Returned,25
671,1165,156,2023-03-17,22:30:00,1290,77,Credit Card,Cancelled,50
672,236,77,2022-02-22,14:30:00,640,78,Netbanking,Cancelled,75
673,1484,165,2022-01-05,13:00:00,170,39,Wallet,Delivered,100
674,532,382,2023-03-06,23:00:00,1180,70,Credit Card,Delivered,0
675,585,295,2022-10-25,15:00:00,900,32,Netbanking,Delivered,25
676,296,449,2022-01-24,14:45:00,500,80,Cash on Delivery,Returned,0
677,193,470,2023-11-17,22:30:00,680,66,Cash on Delivery,Cancelled,0
678,657,279,2023-06-01,14:00:00,1410,45,Netbanking,Delivered,0
679,756,139,2023-08-02,11:15:00,740,89,UPI,In Transit,25
680,1254,197,2023-11-12,17:45:00,570,73,Wallet,Cancelled,0
681,285,123,2022-12-15,11:15:00,1060,49,Netbanking,In Transit,75
682,1244,361,2022-06-14,10:00:00,750,37,Cash on Delivery,In Transit,25
683,166,348,2023-08-01,10:15:00,330,57,Wallet,Delivered,25
684,1353,389,2023-11-14,23:30:00,670,47,Wallet,Delivered,0
685,1273,38,2022-07-10,11:45:00,480,50,Wallet,Delivered,75
686,875,495,2022-09-21,20:15:00,820,80,UPI,Delivered,75
687,1898,50,2022-01-02,14:15:00,140,90,Wallet,Delivered,25
688,1733,286,2023-10-20,21:45:00,500,89,Netbanking,Delivered,100
689,709,330,2022-05-17,13:15:00,480,61,Credit Card,Delivered,0
690,263,185,2022-09-16,15:00:00,980,66,Credit Card,Delivered,0
691,1349,412,2023-06-23,10:15:00,540,59,Wallet,Delivered,25
692,389,272,2023-07-10,12:00:00,410,84,Wallet,Cancelled,100
693,1367,147,2023-01-13,14:45:00,930,84,Cash on Delivery,Delivered,0
694,1804,197,2022-09-05,10:15:00,410,36,Debit Card,Delivered,0
695,835,42,2023-10-23,22:00:00,1160,77,Netbanking,Delivered,100
696,1167,265,2023-08-11,14:30:00,880,61,Netbanking,Delivered,0
697,1443,498,2023-03-25,20:30:00,120,42,Wallet,Delivered,0
698,179,317,2023-08-08,20:15:00,770,74,Netbanking,Delivered,100
699,1195,195,2023-12-26,20:15:00,780,81,Credit Card,Delivered,0
700,91,282,2022-04-10,23:45:00,180,52,Wallet,Delivered,25
701,1221,30,2022-11-28,23:00:00,1450,63,Netbanking,Delivered,75
702,815,228,2022-01-02,15:45:00,250,53,Credit Card,Delivered,0
703,321,338,2023-03-10,12:30:00,900,64,Netbanking,Delivered,0
704,1748,23,2022-06-09,20:15:00,310,62,Debit Card,Delivered,0
705,1555,483,2023-04-20,20:45:00,750,67,Cash on Delivery,Delivered,25
706,436,129,2022-11-27,11:00:00,280,26,Debit Card,Delivered,75
707,1326,303,2023-05-04,20:15:00,700,29,Netbanking,Delivered,0
708,1958,404,2023-02-07,17:30:00,1130,72,Cash on Delivery,Delivered,0
709,1626,433,2022-06-24,15:45:00,450,57,Cash on Delivery,Delivered,50
710,1345,415,2022-12-23,23:30:00,480,45,Wallet,Delivered,0
711,1810,186,2023-05-17,10:45:00,790,46,Netbanking,Delivered,100
712,192,383,2022-06-30,20:30:00,170,86,Cash on Delivery,Delivered,100
713,791,138,2022-09-24,20:15:00,580,46,UPI,Delivered,100
714,1174,203,2023-12-16,19:00:00,500,58,Netbanking,Delivered,0
715,131,323,2022-03-05,12:00:00,750,70,UPI,Delivered,0
716,1391,40,2022-11-04,13:30:00,1290,84,Credit Card,Delivered,100
717,1910,353,2023-10-06,19:30:00,1480,40,Netbanking,Delivered,75
718,1115,201,2022-11-02,21:00:00,840,86,Cash on Delivery,Delivered,0
719,374,356,2023-05-05,12:15:00,1290,21,Credit Card,Delivered,100
720,1425,423,2023-02-05,17:30:00,130,85,Cash on Delivery,Delivered,0
721,321,33,2023-01-04,21:15:00,530,83,Wallet,Delivered,50
722,139,270,2023-02-28,20:30:00,790,30,Debit Card,Delivered,50
723,1229,81,2022-05-13,17:00:00,840,89,Cash on Delivery,Delivered,0
724,12,402,2023-09-15,15:15:00,580,48,Netbanking,Delivered,100
725,899,270,2023-09-05,12:45:00,890,72,Netbanking,Delivered,75
726,635,436,2022-02-04,18:15:00,890,78,UPI,Delivered,100
727,21,473,2023-12-02,10:45:00,540,26,Debit Card,Delivered,25
728,1516,159,2023-10-29,10:00:00,1200,21,UPI,Delivered,50
729,1853,329,2023-05-27,13:45:00,1220,75,Netbanking,Delivered,100
730,1581,374,2023-02-02,13:15:00,1220,62,Debit Card,Delivered,100
731,910,227,2022-07-23,23:15:00,660,81,Credit Card,Delivered,100
732,1773,477,2022-01-01,14:15:00,1070,43,Netbanking,Delivered,75
733,1022,126,2022-04-29,20:00:00,1000,57,Debit Card,Delivered,25
734,268,385,2023-09-02,19:45:00,1260,29,Cash on Delivery,Delivered,0
735,2000,497,2023-09-14,14:45:00,780,31,Wallet,Delivered,0
736,797,224,2023-06-21,18:30:00,700,77,Wallet,Cancelled,100
737,742,232,2023-10-09,14:30:00,500,88,Wallet,Delivered,50
738,1911,200,2023-08-02,17:30:00,180,60,Cash on Delivery,Delivered,25
739,990,143,2022-03-23,14:45:00,510,38,Cash on Delivery,Delivered,0
740,786,463,2023-07-16,15:45:00,400,86,Netbanking,Delivered,100
741,1370,276,2023-10-17,15:00:00,650,23,Debit Card,In Transit,0
742,719,379,2023-01-24,14:00:00,180,61,Debit Card,Delivered,75
743,1162,35,2022-10-25,20:45:00,580,72,UPI,Delivered,0
744,386,313,2022-12-11,22:15:00,650,50,Wallet,Delivered,0
745,1255,484,2023-08-08,12:15:00,1250,70,Wallet,Returned,75
746,246,305,2023-10-07,18:15:00,750,61,Wallet,Delivered,100
747,976,98,2023-04-12,23:15:00,660,48,Cash on Delivery,Delivered,100
748,789,211,2023-11-05,15:30:00,450,83,UPI,Delivered,100
749,1802,387,2023-01-08,12:45:00,120,25,Credit Card,Delivered,50
750,1833,499,2023-03-29,21:15:00,180,49,Cash on Delivery,Delivered,0
751,303,230,2022-09-01,14:00:00,530,22,Wallet,Delivered,0
752,872,256,2023-03-29,18:45:00,330,60,Credit Card,Delivered,0
753,1642,327,2023-06-03,17:30:00,1350,84,Wallet,Delivered,0
754,1567,103,2023-02-06,17:15:00,310,63,Cash on Delivery,Delivered,50
755,445,446,2022-12-24,23:00:00,870,30,Cash on Delivery,Delivered,50
756,851,230,2022-11-22,18:45:00,630,69,UPI,Delivered,100
757,1908,94,2022-04-25,21:15:00,950,56,Debit Card,Returned,0
758,457,243,2022-01-03,19:00:00,380,74,Netbanking,Delivered,0
759,1087,111,2023-12-01,23:45:00,390,84,Netbanking,Delivered,0
760,868,227,2023-03-12,10:45:00,330,63,Cash on Delivery,Delivered,25
761,761,479,2022-12-01,10:30:00,430,57,Wallet,Delivered,100
762,1309,343,2022-02-10,23:00:00,960,42,UPI,Delivered,75
763,1108,467,2022-12-17,22:30:00,610,82,Cash on Delivery,Delivered,75
764,306,24,2022-04-27,11:30:00,190,22,UPI,Delivered,100
765,957,377,2022-01-15,16:00:00,800,86,UPI,Delivered,0
766,1301,188,2023-12-23,20:30:00,1580,55,UPI,Delivered,0
767,85,447,2023-10-19,12:45:00,540,90,UPI,Delivered,25
768,1791,457,2022-11-14,15:45:00,130,59,Wallet,Delivered,0
769,1514,357,2022-08-05,17:15:00,150,47,Credit Card,Delivered,0
770,744,167,2023-06-21,11:30:00,150,48,Wallet,Delivered,75
771,377,134,2023-11-19,21:00:00,510,24,Debit Card,Delivered,0
772,434,303,2023-05-23,11:30:00,170,41,UPI,Cancelled,75
773,1179,193,2022-02-22,13:00:00,170,84,Cash on Delivery,In Transit,100
774,29,488,2023-07-01,10:15:00,270,33,Wallet,Delivered,50
775,603,195,2023-01-09,14:30:00,280,26,Debit Card,Delivered,25
776,789,79,2022-12-24,12:45:00,1230,48,Cash on Delivery,Delivered,50
777,1026,232,2023-05-16,18:00:00,1040,55,Wallet,Delivered,50
778,1327,259,2022-12-11,16:00:00,610,83,Debit Card,Delivered,0
779,784,481,2023-04-04,15:00:00,440,31,Debit Card,In Transit,0
780,1569,54,2022-12-20,12:45:00,810,84,Wallet,Delivered,50
781,586,373,2023-04-20,18:45:00,490,25,Cash on Delivery,Delivered,0
782,43,309,2022-09-10,21:15:00,620,70,Debit Card,In Transit,0
783,1673,244,2022-11-15,22:30:00,1380,75,UPI,Delivered,100
784,349,223,2022-07-15,15:30:00,160,56,Cash on Delivery,Delivered,0
785,1141,102,2022-08-01,11:30:00,480,88,Debit Card,Delivered,0
786,1726,5,2023-05-08,16:00:00,810,63,Netbanking,Delivered,0
787,1326,449,2022-06-10,16:15:00,470,80,Credit Card,Delivered,0
788,67,355,2022-09-12,12:45:00,580,39,Credit Card,Delivered,0
789,317,450,2022-10-26,15:00:00,1380,75,Netbanking,In Transit,75
790,1730,150,2022-10-29,14:30:00,1530,39,Netbanking,Returned,50
791,398,404,2023-05-16,17:15:00,130,64,Wallet,Delivered,100
792,1812,207,2022-08-24,17:15:00,960,71,Credit Card,Delivered,0
793,392,39,2023-04-06,14:00:00,980,21,Credit Card,Delivered,50
794,1394,274,2023-11-01,20:00:00,470,60,Netbanking,Delivered,0
795,216,204,2023-03-10,23:00:00,830,37,Netbanking,Delivered,0
796,1026,271,2022-10-10,18:00:00,990,50,Debit Card,Delivered,25
797,504,134,2022-01-23,10:45:00,180,68,Credit Card,Delivered,0
798,1466,195,2022-05-25,20:15:00,540,72,Credit Card,In Transit,0
799,1768,488,2022-04-18,12:45:00,440,90,Wallet,Returned,0
800,1931,406,2022-05-09,14:00:00,410,28,UPI,Delivered,0
801,1775,246,2023-08-01,12:45:00,1130,81,Netbanking,Delivered,25
802,857,478,2023-07-20,18:15:00,600,31,UPI,Delivered,0
803,86,227,2023-06-23,14:15:00,200,78,Netbanking,Delivered,0
804,400,317,2022-01-27,22:45:00,150,26,Credit Card,Delivered,25
805,1631,21,2022-10-20,20:45:00,1150,85,Netbanking,Cancelled,50
806,1467,274,2023-04-18,15:15:00,380,49,Credit Card,Delivered,50
807,1608,424,2023-11-18,15:30:00,680,42,UPI,Returned,0
808,608,304,2023-01-12,11:45:00,630,57,Debit Card,Delivered,0
809,1230,138,2022-10-04,16:15:00,840,74,Cash on Delivery,Delivered,100
810,718,185,2023-07-12,15:00:00,1090,51,UPI,Delivered,100
811,1519,256,2022-04-29,11:00:00,950,76,Credit Card,Delivered,100
812,743,301,2022-08-03,22:30:00,430,50,Wallet,Delivered,25
813,1190,216,2022-11-16,19:15:00,400,71,Credit Card,Delivered,0
814,381,4,2022-03-21,12:45:00,610,69,Cash on Delivery,Delivered,100
815,1919,117,2022-10-27,12:15:00,180,26,UPI,In Transit,0
816,131,244,2023-09-09,21:30:00,450,57,UPI,Delivered,0
817,1562,57,2022-01-06,17:15:00,350,62,Wallet,Delivered,0
818,323,411,2023-04-29,12:30:00,1230,75,UPI,Delivered,0
819,1336,484,2023-06-24,11:00:00,210,68,Cash on Delivery,Delivered,25
820,669,381,2023-01-11,14:00:00,1010,77,Wallet,Delivered,0
821,1188,23,2022-07-16,17:45:00,400,39,Wallet,Delivered,100
822,1388,394,2023-06-24,18:00:00,780,79,Cash on Delivery,In Transit,100
823,1493,284,2022-11-21,14:15:00,730,34,Wallet,Delivered,0
824,238,81,2023-03-03,20:15:00,1060,76,Cash on Delivery,Delivered,0
825,1891,380,2023-11-30,15:30:00,820,72,Debit Card,Delivered,75
826,110,278,2022-01-08,22:00:00,970,35,Cash on Delivery,Delivered,25
827,1809,465,2023-02-01,10:00:00,180,33,UPI,Delivered,75
828,258,232,2023-11-12,20:00:00,600,86,Cash on Delivery,Delivered,0
829,61,481,2023-01-02,10:00:00,350,74,Netbanking,Delivered,0
830,1364,397,2023-12-28,12:30:00,280,76,UPI,Delivered,0
831,863,446,2022-11-07,14:45:00,650,28,Debit Card,Cancelled,0
832,1350,203,2022-05-10,10:45:00,1080,49,Debit Card,Returned,0
833,1521,38,2023-02-14,22:30:00,260,27,UPI,Delivered,75
834,1438,174,2023-02-05,23:45:00,600,60,Debit Card,Delivered,25
835,527,167,2022-10-04,10:30:00,390,60,Wallet,Delivered,100
836,590,53,2023-10-31,20:30:00,170,33,Wallet,In Transit,25
837,1522,454,2023-05-24,20:00:00,500,89,Wallet,Delivered,25
838,1097,220,2023-07-25,10:30:00,1150,87,UPI,Delivered,75
839,1380,166,2023-05-26,21:15:00,910,50,Debit Card,Delivered,75
840,1700,335,2023-11-12,15:15:00,1080,74,Debit Card,Delivered,100
841,495,40,2023-05-01,21:00:00,1500,22,Netbanking,Delivered,0
842,1273,204,2022-12-02,15:45:00,1030,65,Netbanking,Delivered,0
843,1029,35,2023-02-12,13:15:00,950,84,Debit Card,Delivered,0
844,873,482,2022-10-03,21:45:00,490,24,Credit Card,Cancelled,75
845,1000,263,2023-02-08,11:00:00,300,84,Credit Card,Delivered,75
846,1683,61,2022-06-14,11:15:00,950,46,Debit Card,Delivered,25
847,996,256,2023-06-16,16:00:00,330,64,Cash on Delivery,In Transit,0
848,1412,236,2022-07-14,17:45:00,280,55,Credit Card,Delivered,0
849,413,162,2023-11-24,10:30:00,780,59,Credit Card,Delivered,0
850,900,305,2023-01-14,19:30:00,330,85,Credit Card,Delivered,0
851,104,441,2023-10-19,19:30:00,760,20,Debit Card,Cancelled,75
852,1738,379,2023-11-19,17:30:00,1020,43,Cash on Delivery,Delivered,0
853,456,267,2022-05-11,15:00:00,180,39,UPI,Delivered,75
854,1819,326,2022-02-21,15:15:00,250,33,Debit Card,Delivered,100
855,1386,23,2023-06-22,11:15:00,520,56,Credit Card,Delivered,0
856,1686,374,2022-02-04,18:30:00,490,81,Wallet,Delivered,100
857,1650,243,2022-08-01,10:30:00,320,33,Netbanking,Delivered,25
858,1964,266,2022-05-07,11:45:00,500,48,Wallet,In Transit,50
859,381,72,2023-04-03,19:15:00,870,28,UPI,Delivered,25
860,1726,279,2022-07-22,20:45:00,830,76,Wallet,Delivered,100
861,474,279,2022-08-02,14:30:00,250,77,Cash on Delivery,Delivered,0
862,628,432,2023-05-15,13:30:00,770,21,Debit Card,Delivered,75
863,1932,260,2023-11-15,10:15:00,530,35,Netbanking,Delivered,75
864,1528,119,2023-05-19,18:15:00,1110,81,Debit Card,Delivered,50
865,996,377,2023-03-13,23:15:00,720,57,Credit Card,Delivered,75
866,69,229,2023-03-03,20:45:00,450,83,Credit Card,Delivered,100
867,1855,120,2023-03-18,19:30:00,220,31,Debit Card,Returned,75
868,452,14,2022-07-14,13:45:00,480,52,Cash on Delivery,Delivered,50
869,159,498,2023-03-01,19:15:00,500,32,UPI,Cancelled,0
870,588,471,2022-05-28,23:30:00,550,32,Cash on Delivery,Delivered,75
871,612,66,2022-09-07,22:30:00,590,38,UPI,Delivered,100
872,870,484,2022-12-10,17:00:00,930,48,Credit Card,Delivered,0
873,1668,231,2023-07-16,15:30:00,500,22,UPI,Cancelled,50
874,203,292,2022-12-01,21:00:00,1030,77,Wallet,Returned,25
875,540,151,2022-02-26,15:30:00,510,66,Cash on Delivery,In Transit,25
876,1634,144,2022-02-19,20:45:00,110,34,Debit Card,Delivered,50
877,1508,306,2022-08-18,11:30:00,600,52,UPI,Cancelled,0
878,1511,323,2022-01-20,22:30:00,270,29,Cash on Delivery,Cancelled,0
879,634,266,2022-10-28,21:45:00,600,24,Debit Card,Delivered,100
880,735,129,2022-12-26,10:30:00,730,41,Netbanking,Delivered,50
881,1240,73,2023-03-31,13:00:00,1120,74,Wallet,Delivered,25
882,1234,170,2022-06-24,16:30:00,400,33,Credit Card,Delivered,75
883,1348,191,2023-08-03,14:15:00,320,62,UPI,Delivered,0
884,1926,12,2023-12-02,22:45:00,980,55,Wallet,Delivered,75
885,794,450,2022-06-10,17:45:00,550,51,Cash on Delivery,Delivered,0
886,333,186,2022-10-27,16:30:00,660,55,Debit Card,Delivered,100
887,1943,330,2023-11-12,18:00:00,380,89,UPI,Delivered,100
888,1637,408,2022-10-06,21:15:00,660,55,Netbanking,Delivered,25
889,1533,368,2023-06-27,10:30:00,640,59,Cash on Delivery,Delivered,0
890,1743,390,2023-10-22,23:45:00,570,57,Netbanking,Delivered,0
891,1319,491,2023-03-05,17:15:00,1650,52,Cash on Delivery,Cancelled,50
892,93,165,2022-04-25,17:00:00,380,32,Cash on Delivery,Cancelled,0
893,1735,276,2023-03-19,16:00:00,1250,74,Wallet,Delivered,50
894,168,302,2023-01-09,14:15:00,430,40,Debit Card,Delivered,50
895,1348,333,2023-08-17,23:00:00,470,83,Netbanking,Cancelled,100
896,728,216,2023-10-31,13:45:00,1140,75,Cash on Delivery,Delivered,0
897,1355,156,2022-10-06,17:45:00,1000,24,UPI,Delivered,0
898,1986,187,2023-01-04,14:30:00,180,67,UPI,Returned,75
899,1702,402,2023-02-03,14:30:00,760,47,Debit Card,Delivered,0
900,1501,173,2022-12-13,10:30:00,1400,54,UPI,Returned,50
901,1841,175,2023-04-27,20:15:00,430,80,Cash on Delivery,Delivered,25
902,1172,168,2022-06-11,10:15:00,960,74,Cash on Delivery,Cancelled,25
903,1661,313,2023-03-22,12:30:00,300,59,Credit Card,Delivered,75
904,739,24,2022-04-16,17:45:00,150,75,Cash on Delivery,Delivered,75
905,1077,132,2023-03-07,11:00:00,380,56,Cash on Delivery,Delivered,0
906,1936,349,2022-12-18,11:45:00,860,42,Netbanking,Delivered,0
907,715,219,2022-08-02,10:00:00,1210,26,Netbanking,Delivered,0
908,403,111,2023-05-07,23:45:00,640,58,Netbanking,Delivered,100
909,1467,90,2022-04-03,20:30:00,530,68,Netbanking,Delivered,50
910,242,61,2022-09-27,11:15:00,370,25,Netbanking,Delivered,25
911,1228,464,2023-01-01,11:15:00,130,64,UPI,Delivered,100
912,387,424,2023-01-12,20:45:00,700,69,Wallet,Returned,50
913,520,79,2023-07-26,15:30:00,310,46,Credit Card,Delivered,50
914,1026,154,2023-10-05,15:00:00,1070,90,Wallet,Delivered,0
915,20,418,2023-12-02,19:15:00,450,30,UPI,Returned,25
916,325,184,2022-07-22,19:15:00,260,40,Debit Card,Delivered,100
917,1725,336,2022-05-28,21:45:00,610,70,Wallet,Returned,25
918,1207,454,2023-09-01,23:45:00,690,30,Cash on Delivery,Cancelled,0
919,1038,250,2022-02-23,16:15:00,1240,57,Netbanking,Delivered,25
920,1774,318,2022-11-21,20:00:00,1030,82,Credit Card,Delivered,0
921,586,11,2023-08-04,22:30:00,850,28,Credit Card,Delivered,100
922,1410,128,2023-06-26,16:15:00,1330,32,Debit Card,Delivered,0
923,62,41,2023-11-09,11:30:00,380,30,Netbanking,Delivered,0
924,757,203,2022-02-28,21:00:00,920,25,Wallet,Delivered,75
925,945,141,2023-03-01,13:00:00,260,23,Credit Card,Cancelled,0
926,1446,478,2023-10-11,23:00:00,600,25,UPI,Delivered,75
927,1805,484,2023-07-19,12:30:00,980,40,UPI,In Transit,0
928,852,40,2022-10-04,10:15:00,660,74,Wallet,In Transit,0
929,1752,44,2022-10-11,23:00:00,1030,80,UPI,Delivered,0
930,695,27,2022-03-13,15:45:00,230,34,UPI,Delivered,100
931,1975,78,2023-05-22,16:00:00,1110,82,Debit Card,Delivered,0
932,1870,258,2022-12-25,12:15:00,840,21,Debit Card,Cancelled,25
933,1772,134,2023-11-10,11:45:00,220,84,Debit Card,Delivered,100
934,529,451,2023-05-26,11:30:00,110,83,Netbanking,Delivered,50
935,1695,404,2023-01-13,19:45:00,300,22,Wallet,In Transit,100
936,1768,170,2023-02-16,16:30:00,760,82,UPI,Delivered,0
937,555,376,2023-10-02,21:45:00,900,53,Cash on Delivery,Delivered,100
938,1289,10,2022-03-08,13:45:00,350,62,Wallet,Cancelled,50
939,1348,213,2023-09-25,12:30:00,390,76,UPI,Delivered,25
940,1487,289,2022-01-06,20:00:00,480,76,Cash on Delivery,Returned,75
941,22,23,2023-08-14,13:45:00,660,80,Cash on Delivery,Delivered,25
942,1510,54,2022-05-05,15:00:00,540,78,UPI,Delivered,100
943,1013,222,2022-12-23,18:00:00,550,34,UPI,Delivered,25
944,1869,243,2023-01-07,18:45:00,760,78,Cash on Delivery,Delivered,25
945,1637,24,2022-07-01,14:00:00,800,90,Debit Card,Delivered,0
946,22,487,2023-04-09,19:45:00,590,42,Netbanking,Delivered,0
947,402,217,2022-12-20,21:45:00,710,54,Wallet,Cancelled,100
948,801,303,2023-11-19,16:15:00,380,41,UPI,Delivered,50
949,443,213,2023-07-27,15:45:00,450,89,Wallet,Delivered,0
950,1623,36,2023-04-14,15:30:00,990,27,Netbanking,Delivered,0
951,1813,453,2023-02-05,22:00:00,120,76,Cash on Delivery,In Transit,75
952,847,78,2023-01-31,15:15:00,1070,26,Cash on Delivery,Delivered,50
953,1000,97,2022-07-02,15:00:00,880,61,Netbanking,Cancelled,0
954,794,315,2022-07-29,23:15:00,410,83,Wallet,In Transit,0
955,1827,61,2023-03-24,14:30:00,400,69,Credit Card,Delivered,100
956,1458,387,2023-03-17,22:30:00,890,27,Wallet,Delivered,75
957,849,1,2023-04-27,10:30:00,710,67,Debit Card,Delivered,25
958,1810,313,2022-03-01,12:45:00,480,53,Wallet,Delivered,50
959,1182,13,2023-01-13,10:00:00,500,34,Debit Card,Returned,75
960,1629,26,2023-05-18,13:00:00,320,62,Netbanking,Delivered,0
961,369,249,2023-05-29,17:15:00,1180,61,Debit Card,Delivered,0
962,459,95,2023-07-04,23:30:00,210,66,UPI,Delivered,0
963,387,169,2022-04-05,17:30:00,400,76,UPI,Delivered,75
964,741,63,2022-03-31,21:00:00,310,85,Debit Card,Delivered,0
965,261,12,2023-10-10,21:30:00,340,25,UPI,Returned,0
966,877,298,2023-02-21,16:30:00,450,38,Cash on Delivery,Delivered,0
967,1047,239,2023-11-22,13:00:00,210,67,Cash on Delivery,Delivered,0
968,752,212,2023-03-26,23:00:00,430,30,Credit Card,Delivered,25
969,421,313,2023-07-03,16:45:00,750,28,Netbanking,Delivered,0
970,1782,98,2022-03-28,15:30:00,1060,59,Debit Card,In Transit,25
971,1131,390,2023-07-11,14:45:00,100,60,Wallet,Returned,0
972,1618,335,2023-09-25,16:15:00,230,90,Credit Card,Delivered,75
973,1556,24,2022-06-09,13:15:00,440,46,UPI,Delivered,75
974,1168,198,2022-01-28,14:00:00,540,39,UPI,Delivered,100
975,636,126,2022-02-11,16:00:00,1190,83,Wallet,Delivered,0
976,951,162,2022-07-27,15:15:00,770,72,Cash on Delivery,Delivered,0
977,1086,30,2023-08-01,19:15:00,560,78,Debit Card,Delivered,25
978,1024,26,2022-04-17,20:45:00,630,20,Credit Card,Delivered,25
979,943,271,2023-07-12,16:45:00,600,69,Netbanking,Delivered,75
980,1860,269,2023-08-26,23:15:00,400,26,Debit Card,Delivered,0
981,1115,345,2023-03-09,20:45:00,650,89,Netbanking,Delivered,0
982,322,324,2022-08-11,10:15:00,970,35,Debit Card,Delivered,50
983,1485,3,2023-07-19,22:30:00,470,25,Netbanking,In Transit,0
984,395,131,2023-02-01,13:00:00,1110,27,Wallet,Delivered,50
985,1409,16,2022-11-24,14:15:00,1250,80,Wallet,Delivered,0
986,1088,256,2023-04-01,20:30:00,250,87,Wallet,Delivered,100
987,494,225,2023-06-23,14:00:00,150,87,Debit Card,Delivered,100
988,1956,164,2022-03-21,11:45:00,790,56,Wallet,Cancelled,0
989,795,71,2022-09-16,11:45:00,440,51,Netbanking,Delivered,0
990,921,116,2023-02-23,18:30:00,230,75,UPI,Delivered,25
991,1067,141,2023-04-05,16:15:00,1020,57,UPI,Delivered,50
992,1259,358,2022-11-20,14:15:00,960,63,Debit Card,Delivered,0
993,1152,404,2023-08-10,12:15:00,1010,27,Wallet,Returned,25
994,968,316,2022-11-18,18:15:00,1250,53,Cash on Delivery,Delivered,75
995,1893,476,2022-08-31,23:45:00,750,37,Credit Card,Cancelled,0
996,734,332,2022-07-11,11:00:00,1250,72,Credit Card,In Transit,0
997,823,191,2022-07-25,11:30:00,1170,82,Netbanking,Delivered,0
998,841,75,2022-02-23,16:45:00,920,29,Debit Card,Delivered,100
999,800,326,2022-03-19,10:00:00,130,56,UPI,Delivered,0
1000,1224,55,2022-11-15,11:45:00,1400,51,Netbanking,Delivered,100
1001,551,438,2022-01-05,21:15:00,1460,60,Debit Card,Delivered,75
1002,1382,282,2022-06-11,16:30:00,620,33,Cash on Delivery,Delivered,50
1003,1816,55,2023-10-05,16:00:00,220,88,UPI,Delivered,100
1004,1014,48,2023-10-17,10:45:00,450,38,Debit Card,Delivered,0
1005,303,235,2023-11-19,16:30:00,960,72,UPI,Delivered,100
1006,656,499,2023-11-20,16:00:00,350,53,Credit Card,Delivered,50
1007,766,359,2023-01-03,19:15:00,840,83,UPI,In Transit,0
1008,1483,36,2022-08-22,11:45:00,860,26,Debit Card,Cancelled,75
1009,474,11,2023-12-23,22:30:00,780,55,Credit Card,Delivered,0
1010,1589,368,2023-06-22,17:30:00,570,74,Wallet,In Transit,0
1011,605,439,2023-09-28,23:15:00,990,81,Wallet,Delivered,100
1012,606,53,2023-10-05,19:45:00,150,29,Netbanking,Delivered,0
1013,598,89,2022-03-09,12:00:00,680,68,Credit Card,Delivered,50
1014,260,217,2022-07-04,11:00:00,500,56,Debit Card,Delivered,75
1015,745,241,2022-08-23,15:45:00,390,53,Debit Card,Delivered,0
1016,1333,76,2022-10-09,17:00:00,410,27,Netbanking,Delivered,100
1017,42,213,2023-08-29,14:15:00,560,62,Debit Card,Delivered,25
1018,1106,384,2022-08-03,12:00:00,1130,35,Wallet,Delivered,0
1019,1627,37,2022-04-07,14:30:00,550,85,Cash on Delivery,Delivered,50
1020,1035,299,2022-02-23,23:00:00,450,82,Cash on Delivery,Delivered,0
1021,1274,190,2022-05-14,12:45:00,130,69,Cash on Delivery,Delivered,0
1022,1909,131,2023-04-09,22:45:00,770,39,Netbanking,Delivered,50
1023,108,131,2023-03-28,20:30:00,1210,86,Credit Card,Delivered,75
1024,1988,334,2022-07-19,11:30:00,390,69,Debit Card,Delivered,0
1025,549,56,2023-08-06,16:15:00,370,39,Wallet,Delivered,50
1026,37,52,2022-06-19,17:45:00,1430,81,UPI,In Transit,0
1027,1317,170,2023-10-26,22:15:00,300,77,UPI,Delivered,100
1028,1363,110,2023-09-24,23:45:00,780,74,Cash on Delivery,Delivered,0
1029,1292,26,2022-02-14,16:30:00,300,41,Wallet,Delivered,50
1030,1580,289,2022-12-26,15:15:00,400,35,Netbanking,Delivered,75
1031,110,448,2023-05-23,13:15:00,730,69,Wallet,Returned,50
1032,958,325,2023-11-23,12:45:00,990,69,Netbanking,Delivered,75
1033,1252,244,2022-06-17,13:45:00,1000,53,Credit Card,Delivered,100
1034,1345,14,2023-10-29,19:30:00,880,58,UPI,Delivered,50
1035,1447,290,2023-10-11,18:30:00,1130,53,UPI,Delivered,50
1036,1942,478,2023-11-12,17:15:00,400,29,Wallet,Cancelled,75
1037,848,271,2023-11-22,12:30:00,940,34,UPI,In Transit,75
1038,1860,61,2023-10-31,12:00:00,100,88,Cash on Delivery,Delivered,0
1039,1186,54,2023-03-16,22:45:00,810,29,Wallet,Delivered,25
1040,1406,193,2022-02-25,10:00:00,190,54,UPI,Delivered,0
1041,804,335,2023-04-18,20:45:00,650,67,Debit Card,Delivered,75
1042,938,452,2022-11-05,15:00:00,570,30,Cash on Delivery,Delivered,50
1043,665,315,2022-09-05,22:30:00,310,51,Cash on Delivery,Delivered,100
1044,1440,96,2023-10-14,23:00:00,270,22,Cash on Delivery,Cancelled,100
1045,685,113,2022-06-18,17:00:00,1040,89,Wallet,Delivered,100
1046,856,77,2022-12-27,23:00:00,230,27,Cash on Delivery,Delivered,25
1047,250,204,2023-04-16,10:30:00,400,27,UPI,Delivered,0
1048,943,337,2023-09-01,10:45:00,1120,56,Wallet,Delivered,0
1049,1126,237,2022-06-03,18:45:00,580,85,Netbanking,Delivered,50
1050,637,365,2022-08-10,16:45:00,890,78,Netbanking,Delivered,75
1051,883,91,2022-02-06,15:30:00,820,76,Cash on Delivery,Delivered,100
1052,682,303,2023-01-29,21:00:00,780,77,UPI,Cancelled,100
1053,671,196,2023-07-03,12:30:00,980,40,Cash on Delivery,In Transit,0
1054,1922,312,2023-04-06,15:00:00,380,30,Netbanking,Delivered,0
1055,1373,328,2023-08-07,17:00:00,570,72,Credit Card,Delivered,0
1056,1807,335,2023-06-09,16:00:00,180,29,UPI,Delivered,0
1057,1849,226,2022-11-09,10:30:00,450,56,Wallet,Delivered,100
1058,1119,34,2022-06-09,11:00:00,820,83,Netbanking,Delivered,75
1059,329,223,2023-11-26,23:00:00,130,26,Debit Card,Delivered,0
1060,1762,42,2023-04-23,14:15:00,1150,39,UPI,Cancelled,25
1061,1820,444,2022-10-14,20:45:00,980,21,Cash on Delivery,Delivered,75
1062,1402,302,2022-02-04,11:30:00,780,49,UPI,Delivered,75
1063,1611,267,2022-07-02,19:30:00,590,39,Wallet,Delivered,25
1064,859,136,2023-08-27,13:15:00,440,64,Debit Card,Cancelled,0
1065,1227,294,2022-05-20,14:15:00,150,71,Credit Card,Delivered,25
1066,1883,385,2023-11-27,12:15:00,1390,41,Netbanking,Delivered,75
1067,1523,185,2023-07-06,18:00:00,1220,43,UPI,Delivered,0
1068,642,332,2022-04-13,11:15:00,790,67,Netbanking,Cancelled,50
1069,1563,458,2023-04-27,22:15:00,860,66,Netbanking,Delivered,25
1070,497,61,2022-05-31,21:15:00,1230,55,UPI,Delivered,75
1071,419,292,2023-03-24,17:15:00,550,41,Credit Card,Delivered,0
1072,39,7,2023-06-15,14:00:00,1140,41,Cash on Delivery,Delivered,100
1073,1391,278,2023-01-10,21:15:00,600,64,Netbanking,Delivered,0
1074,1777,376,2022-08-11,10:30:00,1090,68,Debit Card,Delivered,50
1075,273,424,2023-12-25,17:30:00,460,30,UPI,Returned,0
1076,173,190,2022-08-09,23:30:00,300,58,Cash on Delivery,Delivered,25
1077,1895,173,2023-05-15,17:45:00,1400,31,UPI,Delivered,50
1078,64,442,2022-06-30,22:15:00,670,39,Wallet,Delivered,100
1079,1253,200,2023-02-03,15:00:00,900,54,Credit Card,Cancelled,75
1080,672,475,2022-10-15,20:30:00,930,72,Credit Card,Cancelled,50
1081,1159,352,2023-07-27,21:45:00,630,68,Netbanking,Delivered,50
1082,1634,334,2022-12-15,16:15:00,380,29,Netbanking,Delivered,75
1083,312,316,2023-08-20,16:00:00,930,86,Debit Card,Returned,75
1084,380,249,2022-09-09,20:00:00,1100,73,Debit Card,Delivered,25
1085,1226,171,2023-09-21,13:30:00,1270,58,Credit Card,Delivered,50
1086,1083,280,2022-02-01,10:45:00,500,87,UPI,Delivered,0
1087,1221,382,2022-09-08,18:30:00,380,72,Netbanking,Delivered,75
1088,1036,147,2022-04-26,23:45:00,1330,45,Cash on Delivery,Delivered,100
1089,854,109,2022-11-08,14:15:00,650,49,UPI,Delivered,100
1090,1211,241,2022-05-01,10:00:00,1230,35,Netbanking,Delivered,100
1091,1530,242,2022-04-18,16:30:00,720,35,Netbanking,Delivered,75
1092,903,159,2022-04-20,18:00:00,1250,37,Cash on Delivery,Delivered,100
1093,1539,9,2022-11-19,11:00:00,630,87,Netbanking,Delivered,0
1094,1252,416,2022-01-25,15:15:00,780,53,Cash on Delivery,Delivered,0
1095,1796,203,2022-01-10,10:00:00,80,64,UPI,Delivered,25
1096,1233,338,2023-02-11,18:00:00,530,41,UPI,Delivered,0
1097,1357,230,2023-08-03,14:00:00,450,31,UPI,Cancelled,100
1098,1876,387,2023-02-17,17:15:00,1330,24,Cash on Delivery,In Transit,0
1099,75,324,2022-07-29,13:30:00,1050,64,UPI,Delivered,0
1100,1956,206,2022-03-11,23:30:00,570,24,Cash on Delivery,Delivered,0
1101,994,126,2022-12-13,20:15:00,220,32,UPI,Delivered,50
1102,811,227,2022-10-28,11:15:00,830,20,Debit Card,Delivered,50
1103,1294,349,2022-08-16,18:30:00,730,69,Cash on Delivery,Delivered,0
1104,411,114,2023-06-01,10:30:00,390,22,UPI,Delivered,25
1105,291,350,2023-03-17,11:30:00,1110,86,Cash on Delivery,Delivered,0
1106,12,495,2023-10-11,15:30:00,260,67,Cash on Delivery,Cancelled,100
1107,1522,148,2023-10-24,12:00:00,300,22,UPI,Delivered,25
1108,713,54,2023-09-01,22:30:00,150,34,UPI,Cancelled,25
1109,1985,176,2023-02-04,15:00:00,430,79,Debit Card,Delivered,25
1110,193,454,2023-09-11,18:45:00,1300,75,Credit Card,Delivered,0
1111,292,455,2022-03-24,16:30:00,400,23,Credit Card,Cancelled,0
1112,1000,193,2023-12-29,19:45:00,600,80,Debit Card,Delivered,0
1113,447,33,2023-07-28,20:00:00,700,26,Cash on Delivery,Delivered,75
1114,1194,180,2022-09-18,21:15:00,590,37,Netbanking,Cancelled,0
1115,417,212,2023-08-03,14:30:00,180,86,UPI,In Transit,75
1116,1069,60,2022-06-04,17:30:00,700,45,UPI,Delivered,25
1117,122,402,2022-12-10,13:00:00,880,61,Credit Card,In Transit,0
1118,1522,48,2022-11-03,14:00:00,1160,28,UPI,Delivered,25
1119,507,230,2023-07-22,17:15:00,240,41,Netbanking,Delivered,0
1120,433,387,2023-10-30,11:15:00,1430,65,UPI,Delivered,100
1121,1722,483,2023-01-21,23:30:00,1010,53,Cash on Delivery,Delivered,0
1122,678,461,2022-12-28,11:30:00,390,27,Credit Card,Delivered,100
1123,1697,495,2023-08-18,11:00:00,560,41,Credit Card,Delivered,50
1124,706,322,2022-11-27,13:15:00,1130,62,Wallet,Delivered,100
1125,1485,278,2022-12-24,13:00:00,940,43,Debit Card,Delivered,0
1126,31,498,2022-08-21,11:45:00,560,87,Wallet,Delivered,25
1127,951,406,2022-12-03,11:45:00,1100,21,UPI,Cancelled,50
1128,725,249,2023-03-23,13:45:00,1050,34,Cash on Delivery,In Transit,25
1129,425,283,2023-01-17,19:30:00,460,72,Netbanking,Delivered,25
1130,1280,84,2022-08-12,13:45:00,770,41,UPI,Returned,0
1131,1386,442,2022-12-01,15:00:00,120,72,Debit Card,Delivered,0
1132,1404,120,2023-06-15,19:45:00,760,49,Cash on Delivery,Delivered,100
1133,1424,281,2022-02-04,20:00:00,150,65,Netbanking,Cancelled,0
1134,965,406,2022-07-10,13:45:00,160,50,Debit Card,Delivered,75
1135,1355,111,2023-06-23,11:15:00,910,53,Debit Card,Delivered,100
1136,1381,247,2023-02-28,21:30:00,180,35,Cash on Delivery,Delivered,25
1137,1895,460,2022-09-19,22:15:00,880,79,Wallet,Delivered,0
1138,640,62,2023-04-08,11:45:00,920,44,Netbanking,Delivered,50
1139,670,304,2023-04-30,23:30:00,680,22,Credit Card,Delivered,50
1140,399,24,2023-05-01,11:45:00,260,84,Debit Card,Delivered,25
1141,21,266,2022-03-12,10:15:00,140,85,Debit Card,Delivered,0
1142,1942,206,2023-03-19,14:45:00,830,28,UPI,Delivered,100
1143,1117,235,2022-03-22,21:00:00,680,53,Netbanking,Delivered,0
1144,390,232,2023-06-17,10:15:00,630,20,UPI,Delivered,100
1145,1840,329,2023-02-16,14:15:00,400,56,Wallet,Delivered,25
1146,405,288,2023-10-27,12:45:00,1380,36,Wallet,In Transit,100
1147,1144,53,2022-08-01,18:15:00,340,43,UPI,Delivered,0
1148,181,103,2022-09-08,21:45:00,890,84,Netbanking,Delivered,25
1149,827,7,2023-09-05,16:30:00,390,21,Netbanking,Delivered,50
1150,146,2,2023-03-04,12:15:00,800,81,Cash on Delivery,Delivered,50
1151,1298,114,2023-07-24,22:15:00,950,39,Cash on Delivery,Returned,75
1152,1956,265,2023-08-09,15:15:00,300,64,Cash on Delivery,Delivered,50
1153,1058,374,2023-03-26,23:45:00,460,41,UPI,Delivered,100
1154,1391,44,2022-02-23,10:00:00,910,69,Wallet,Delivered,50
1155,573,198,2022-06-04,17:00:00,580,20,Credit Card,Delivered,0
1156,1151,104,2023-05-31,13:45:00,1120,62,Netbanking,Delivered,75
1157,1998,285,2023-04-16,16:15:00,830,72,Netbanking,Delivered,75
1158,1407,170,2023-07-25,22:45:00,200,26,Debit Card,Delivered,0
1159,1430,212,2023-11-23,23:30:00,580,51,Cash on Delivery,Delivered,100
1160,176,464,2023-04-09,18:30:00,930,81,Netbanking,Delivered,0
1161,1410,313,2023-07-03,13:45:00,980,85,Debit Card,In Transit,0
1162,1109,449,2022-02-08,14:30:00,400,56,UPI,Delivered,0
1163,720,427,2023-05-06,15:00:00,1080,86,Cash on Delivery,Delivered,100
1164,223,371,2023-02-25,19:30:00,450,46,UPI,Delivered,0
1165,1709,406,2023-05-18,12:45:00,110,52,Netbanking,Delivered,100
1166,1125,481,2022-11-23,10:45:00,550,60,UPI,Cancelled,50
1167,1691,304,2023-11-26,19:30:00,1040,30,UPI,Delivered,0
1168,1385,242,2022-02-13,16:30:00,740,28,Cash on Delivery,In Transit,0
1169,748,164,2023-07-23,20:45:00,930,29,Wallet,Returned,75
1170,1546,2,2023-05-06,20:30:00,710,46,UPI,Delivered,0
1171,1172,208,2023-01-24,22:00:00,400,34,Wallet,Delivered,0
1172,397,41,2022-10-26,17:00:00,1040,67,Netbanking,Delivered,0
1173,601,110,2022-12-03,22:30:00,470,78,Debit Card,Delivered,25
1174,1609,9,2022-01-22,23:15:00,660,67,Wallet,Delivered,0
1175,1246,361,2023-06-11,18:00:00,730,79,Debit Card,Delivered,0
1176,593,328,2022-08-17,14:30:00,330,59,UPI,Delivered,0
1177,1643,381,2022-06-18,19:15:00,1030,40,UPI,Delivered,50
1178,1325,353,2022-03-28,23:30:00,1080,45,Debit Card,Delivered,100
1179,901,311,2022-07-09,22:45:00,450,63,Credit Card,Delivered,0
1180,118,196,2023-06-24,11:30:00,850,45,UPI,Delivered,100
1181,108,146,2023-05-13,16:45:00,400,78,Netbanking,Delivered,0
1182,1648,297,2023-09-08,17:00:00,720,69,Netbanking,Delivered,25
1183,966,161,2022-05-16,14:30:00,480,23,Debit Card,Cancelled,75
1184,49,473,2022-11-02,21:15:00,790,46,Cash on Delivery,Delivered,100
1185,1205,229,2023-02-01,18:45:00,810,82,Netbanking,Delivered,50
1186,1195,201,2023-06-15,11:30:00,350,74,UPI,Delivered,50
1187,1419,123,2023-12-05,14:45:00,730,56,Debit Card,Delivered,0
1188,939,28,2022-06-04,11:00:00,1140,81,Netbanking,Delivered,0
1189,518,236,2022-02-26,11:15:00,790,78,Netbanking,Delivered,0
1190,1908,130,2023-07-27,16:00:00,1040,23,Wallet,Delivered,0
1191,1147,334,2022-01-01,11:15:00,820,80,Netbanking,Delivered,75
1192,1377,320,2023-04-08,14:45:00,830,81,Credit Card,Delivered,0
1193,1563,246,2023-03-27,16:15:00,1180,87,Credit Card,Delivered,100
1194,1151,201,2022-01-11,22:45:00,550,45,Credit Card,Delivered,0
1195,1403,420,2023-02-11,14:45:00,1230,66,Cash on Delivery,Cancelled,0
1196,1593,161,2022-09-12,20:30:00,310,52,Debit Card,Returned,0
1197,271,56,2023-12-19,19:15:00,1370,42,Debit Card,Cancelled,50
1198,335,273,2022-01-20,16:30:00,280,65,UPI,Delivered,0
1199,1297,182,2022-02-09,13:15:00,1090,30,UPI,Delivered,100
1200,1856,162,2022-05-06,15:30:00,420,60,Wallet,Delivered,100
1201,298,237,2023-04-05,13:15:00,1000,45,Debit Card,Cancelled,25
1202,1923,431,2022-09-20,16:00:00,840,61,Cash on Delivery,Delivered,100
1203,1693,368,2022-10-16,11:30:00,650,28,UPI,Delivered,75
1204,1333,481,2022-08-06,16:30:00,1330,52,Wallet,Delivered,0
1205,577,220,2022-08-14,16:45:00,500,89,Wallet,Delivered,0
1206,893,134,2022-11-04,13:30:00,620,46,Wallet,Cancelled,0
1207,1691,93,2023-10-25,18:00:00,510,20,Credit Card,Delivered,100
1208,1961,260,2022-09-08,17:30:00,800,52,Netbanking,Delivered,0
1209,1031,446,2023-11-17,15:30:00,630,53,Debit Card,Delivered,25
1210,1460,180,2023-02-16,20:45:00,120,22,UPI,Delivered,0
1211,1279,485,2022-06-09,10:15:00,1200,62,UPI,Delivered,0
1212,1096,140,2022-05-11,15:30:00,1370,90,Wallet,Delivered,0
1213,126,300,2022-02-18,13:00:00,470,80,Debit Card,Delivered,75
1214,387,298,2022-10-06,21:15:00,130,46,Cash on Delivery,In Transit,0
1215,52,458,2022-06-01,17:30:00,930,84,Cash on Delivery,Delivered,100
1216,707,376,2022-08-01,20:30:00,1060,29,UPI,Delivered,50
1217,1034,261,2023-06-27,19:30:00,500,21,Cash on Delivery,Delivered,0
1218,1487,445,2022-01-13,18:45:00,560,29,Debit Card,Delivered,75
1219,1318,302,2022-12-16,15:45:00,580,73,Wallet,Delivered,25
1220,8,459,2023-07-02,18:45:00,160,84,Debit Card,Delivered,0
1221,1628,297,2023-05-13,20:15:00,500,63,UPI,In Transit,0
1222,820,407,2022-08-02,23:30:00,240,22,Netbanking,Delivered,0
1223,984,254,2022-06-02,14:30:00,850,58,UPI,Delivered,75
1224,979,121,2022-03-24,21:00:00,230,89,UPI,Delivered,0
1225,371,30,2023-09-18,19:30:00,510,29,Credit Card,Delivered,25
1226,170,327,2022-01-30,13:30:00,1190,82,Credit Card,Delivered,25
1227,700,216,2022-04-19,10:00:00,610,44,Wallet,Delivered,25
1228,164,326,2022-06-12,17:30:00,270,25,UPI,Delivered,100
1229,1513,197,2022-01-25,23:15:00,1100,57,UPI,Delivered,25
1230,1006,72,2022-09-16,10:45:00,580,55,UPI,Delivered,100
1231,806,32,2022-03-16,11:00:00,610,52,UPI,Delivered,25
1232,330,413,2023-04-28,21:00:00,240,88,Wallet,Delivered,0
1233,935,32,2022-12-05,17:30:00,480,89,Cash on Delivery,Delivered,50
1234,44,454,2022-11-24,19:00:00,550,55,UPI,Delivered,100
1235,1195,390,2023-07-07,13:00:00,440,71,Netbanking,Delivered,0
1236,592,162,2022-01-26,18:15:00,510,53,UPI,Delivered,100
1237,949,435,2022-06-07,17:30:00,350,70,Debit Card,Returned,0
1238,915,178,2023-03-11,15:00:00,380,46,UPI,Delivered,25
1239,1749,420,2022-02-23,15:15:00,630,44,UPI,Cancelled,25
1240,1642,491,2022-01-30,10:30:00,630,89,Netbanking,Delivered,100
1241,1667,327,2023-12-13,22:30:00,450,30,Netbanking,Delivered,0
1242,620,156,2023-11-29,12:00:00,710,79,UPI,In Transit,0
1243,912,55,2023-03-02,15:15:00,1250,74,UPI,Returned,0
1244,312,478,2022-01-13,16:45:00,820,77,Netbanking,Delivered,75
1245,888,141,2022-08-29,23:30:00,1020,64,Cash on Delivery,Cancelled,50
1246,1166,172,2022-12-18,17:45:00,560,42,Netbanking,Delivered,50
1247,1710,292,2023-10-04,21:15:00,1150,69,Wallet,Delivered,75
1248,511,337,2023-09-22,10:45:00,930,65,Wallet,Delivered,100
1249,158,180,2023-11-15,10:30:00,150,48,Cash on Delivery,Delivered,25
1250,310,173,2023-12-05,22:30:00,1140,49,UPI,Delivered,25
1251,258,474,2023-07-15,21:45:00,110,85,Cash on Delivery,Delivered,0
1252,1356,425,2022-12-26,13:30:00,450,30,Credit Card,Delivered,0
1253,1671,291,2023-03-22,18:45:00,620,87,Cash on Delivery,Delivered,50
1254,1289,471,2022-10-29,16:45:00,450,53,Cash on Delivery,Delivered,0
1255,194,410,2023-05-27,20:15:00,1440,58,Credit Card,Delivered,25
1256,1082,121,2023-08-21,20:15:00,510,62,Netbanking,Delivered,75
1257,1207,21,2023-01-22,13:15:00,930,37,UPI,Delivered,100
1258,1894,96,2023-02-07,10:30:00,720,71,UPI,Delivered,50
1259,906,500,2022-07-06,23:45:00,1170,36,Netbanking,Delivered,100
1260,679,482,2022-03-10,17:00:00,530,81,Credit Card,Delivered,0
1261,1409,337,2022-12-02,10:30:00,740,53,UPI,Delivered,75
1262,48,182,2023-03-02,17:30:00,670,73,UPI,Delivered,0
1263,1118,342,2023-03-23,22:15:00,670,25,Credit Card,Delivered,0
1264,1243,147,2023-01-07,22:00:00,640,36,Cash on Delivery,Delivered,100
1265,32,340,2022-04-21,23:30:00,590,82,Debit Card,Delivered,25
1266,219,414,2022-02-03,22:45:00,850,32,Credit Card,Delivered,50
1267,1313,339,2023-08-14,13:30:00,130,84,Netbanking,Cancelled,0
1268,577,287,2023-04-15,17:45:00,530,80,Wallet,Delivered,0
1269,1873,165,2023-08-28,14:30:00,680,32,Cash on Delivery,Delivered,50
1270,1864,484,2022-01-30,12:15:00,1130,88,Netbanking,Delivered,75
1271,92,442,2022-02-03,13:45:00,1260,39,Cash on Delivery,Delivered,0
1272,660,65,2022-06-22,16:30:00,750,50,Cash on Delivery,Delivered,0
1273,848,23,2023-08-17,23:00:00,140,89,Netbanking,Delivered,100
1274,1130,262,2022-01-01,13:45:00,180,20,Netbanking,Delivered,0
1275,1119,498,2022-02-22,11:00:00,610,44,Netbanking,Delivered,0
1276,1843,391,2023-01-23,15:30:00,830,70,UPI,Delivered,0
1277,1744,357,2023-04-02,20:15:00,180,20,Cash on Delivery,Cancelled,75
1278,275,318,2023-11-10,18:15:00,530,72,Debit Card,Delivered,50
1279,344,361,2023-09-23,11:00:00,1140,61,Netbanking,Delivered,0
1280,1580,397,2023-06-22,23:15:00,240,84,Netbanking,Delivered,75
1281,453,135,2023-03-22,10:30:00,850,30,Debit Card,Delivered,50
1282,1000,188,2023-08-25,21:00:00,460,72,Wallet,Delivered,100
1283,1688,479,2023-10-05,12:45:00,710,40,Netbanking,Delivered,100
1284,1877,261,2022-09-27,11:00:00,120,89,Cash on Delivery,Delivered,75
1285,332,263,2022-10-04,10:15:00,950,52,Cash on Delivery,Delivered,0
1286,1132,467,2022-01-22,20:00:00,990,27,Debit Card,Delivered,25
1287,1643,11,2022-10-20,20:30:00,300,46,Cash on Delivery,Returned,0
1288,1405,76,2023-10-14,21:30:00,310,73,Cash on Delivery,Delivered,100
1289,1229,374,2022-12-14,13:45:00,180,34,Credit Card,Delivered,0
1290,1442,96,2022-01-05,15:00:00,400,37,Netbanking,Returned,75
1291,82,202,2023-09-29,17:45:00,900,66,Credit Card,Cancelled,100
1292,589,273,2022-02-25,17:15:00,1110,88,Wallet,Delivered,50
1293,1236,16,2022-02-07,20:45:00,250,73,Debit Card,Delivered,75
1294,1578,346,2022-09-28,12:15:00,180,37,Credit Card,Delivered,0
1295,648,400,2023-07-23,23:45:00,1600,43,Cash on Delivery,In Transit,0
1296,1962,231,2023-06-06,16:30:00,570,72,UPI,Delivered,75
1297,1959,219,2022-11-14,13:00:00,1380,85,UPI,Delivered,0
1298,360,176,2022-12-15,17:30:00,1190,51,Credit Card,Delivered,50
1299,544,326,2022-05-02,15:45:00,870,59,Credit Card,Delivered,100
1300,402,247,2023-10-27,18:00:00,190,33,Netbanking,Cancelled,25
1301,1328,62,2023-01-08,14:15:00,850,64,Credit Card,Delivered,50
1302,1075,481,2023-10-26,19:45:00,380,39,Cash on Delivery,Delivered,75
1303,179,42,2023-03-29,23:15:00,250,78,Cash on Delivery,Delivered,0
1304,1700,136,2023-09-11,14:15:00,390,39,Wallet,Delivered,25
1305,1175,395,2023-10-14,16:15:00,810,59,Wallet,Delivered,50
1306,856,42,2023-01-28,15:00:00,850,59,Netbanking,Returned,0
1307,388,42,2023-08-01,10:30:00,1100,24,Credit Card,Delivered,75
1308,133,69,2022-11-03,20:30:00,1580,27,Debit Card,Delivered,50
1309,753,276,2023-10-18,11:15:00,1200,41,UPI,Delivered,25
1310,1062,124,2023-08-19,21:15:00,810,59,Wallet,Delivered,0
1311,672,299,2023-12-11,21:15:00,690,86,Debit Card,Delivered,0
1312,654,429,2022-10-04,22:30:00,780,46,Netbanking,Delivered,0
1313,1054,421,2022-07-30,20:00:00,1290,32,Credit Card,Delivered,50
1314,1523,39,2023-10-09,23:30:00,300,82,Debit Card,Delivered,0
1315,426,144,2023-01-11,21:45:00,1250,70,Wallet,Delivered,0
1316,1214,413,2023-01-04,20:15:00,1020,31,Debit Card,Delivered,100
1317,1787,49,2022-09-27,12:45:00,1470,59,UPI,Delivered,75
1318,1810,385,2022-12-08,12:15:00,780,56,Debit Card,Delivered,0
1319,1826,164,2022-04-29,10:30:00,460,48,Debit Card,Delivered,75
1320,1088,468,2022-07-21,17:00:00,610,54,Debit Card,Delivered,25
1321,1152,407,2023-01-02,15:00:00,570,71,Netbanking,Delivered,100
1322,316,285,2023-06-27,10:00:00,970,69,Debit Card,Delivered,75
1323,737,251,2023-04-17,16:00:00,230,36,Netbanking,Delivered,75
1324,592,6,2022-04-16,10:30:00,380,78,Cash on Delivery,Cancelled,75
1325,1718,201,2023-10-24,16:45:00,550,70,Wallet,Delivered,75
1326,1460,69,2022-07-06,10:00:00,420,25,Cash on Delivery,Delivered,0
1327,1414,33,2023-08-01,11:15:00,330,80,Cash on Delivery,Cancelled,100
1328,496,175,2022-11-05,23:15:00,150,38,Netbanking,Cancelled,25
1329,223,69,2023-11-27,21:15:00,430,35,Wallet,Delivered,0
1330,1905,169,2022-06-24,12:15:00,830,56,Wallet,Delivered,0
1331,1586,360,2022-04-09,18:15:00,250,44,Netbanking,Delivered,75
1332,1377,83,2023-10-19,21:15:00,1180,82,Debit Card,Delivered,0
1333,1555,83,2022-07-08,21:30:00,930,55,Cash on Delivery,In Transit,75
1334,1000,410,2023-08-17,11:30:00,1250,66,UPI,Delivered,50
1335,388,1,2022-09-01,17:15:00,700,68,UPI,Delivered,75
1336,1986,172,2022-03-12,22:15:00,1330,82,Cash on Delivery,Delivered,0
1337,1204,75,2023-12-26,13:15:00,950,77,Wallet,Cancelled,0
1338,398,485,2022-06-20,12:15:00,480,40,Credit Card,Delivered,50
1339,1477,403,2022-06-30,19:00:00,220,40,Cash on Delivery,Delivered,0
1340,994,349,2022-02-13,14:00:00,190,32,Credit Card,Returned,0
1341,694,474,2022-09-15,20:00:00,550,67,Netbanking,Delivered,75
1342,1688,331,2022-02-05,12:15:00,940,55,Credit Card,Delivered,75
1343,1955,236,2023-07-21,18:45:00,1070,49,Netbanking,Delivered,75
1344,1932,299,2022-12-15,19:30:00,950,51,Debit Card,Delivered,50
1345,988,186,2022-05-13,21:15:00,670,48,UPI,Delivered,0
1346,988,3,2023-02-08,21:30:00,940,78,Credit Card,Delivered,75
1347,1270,51,2023-01-07,22:45:00,620,25,Netbanking,Delivered,0
1348,1362,430,2022-12-07,15:30:00,530,36,Wallet,Delivered,0
1349,1631,57,2023-02-25,11:15:00,190,42,Cash on Delivery,Delivered,75
1350,836,229,2022-11-17,10:15:00,1360,71,Credit Card,Delivered,25
1351,1683,137,2022-06-09,14:15:00,610,23,Credit Card,Delivered,25
1352,1299,35,2023-05-05,23:30:00,1010,29,Credit Card,Delivered,100
1353,246,23,2023-07-01,10:30:00,270,51,Credit Card,Delivered,75
1354,1983,486,2023-01-08,22:45:00,280,40,Debit Card,Delivered,50
1355,910,145,2023-10-29,12:45:00,1130,68,Wallet,Delivered,100
1356,477,19,2022-03-12,14:30:00,1080,24,Netbanking,Delivered,100
1357,19,191,2022-11-11,14:00:00,1160,22,UPI,Delivered,75
1358,1985,399,2023-12-17,21:30:00,180,44,Netbanking,Delivered,0
1359,64,146,2022-10-24,11:15:00,430,27,UPI,In Transit,0
1360,939,21,2023-01-15,15:45:00,600,21,Netbanking,Delivered,0
1361,80,199,2023-10-26,14:15:00,990,34,Debit Card,Delivered,0
1362,681,207,2022-05-04,17:45:00,140,54,UPI,Delivered,75
1363,320,34,2022-04-18,11:45:00,1350,62,Credit Card,Delivered,100
1364,1485,242,2023-01-14,10:45:00,530,44,UPI,Delivered,75
1365,1756,216,2022-11-22,23:00:00,530,64,Cash on Delivery,Delivered,0
1366,1023,460,2022-01-08,21:00:00,430,76,Netbanking,Delivered,75
1367,628,165,2022-02-05,12:30:00,350,74,Credit Card,Delivered,100
1368,481,209,2023-08-20,23:00:00,180,50,Wallet,Delivered,100
1369,551,396,2022-06-18,11:15:00,180,77,Wallet,In Transit,75
1370,1732,406,2022-11-10,19:30:00,610,29,Netbanking,Delivered,0
1371,1640,183,2022-06-02,20:15:00,980,71,Cash on Delivery,Delivered,0
1372,1091,480,2023-07-16,10:30:00,910,28,UPI,Cancelled,100
1373,351,290,2022-07-13,17:45:00,690,22,Cash on Delivery,Delivered,50
1374,1059,120,2023-05-21,12:30:00,950,20,UPI,Delivered,50
1375,1249,406,2023-12-13,22:00:00,460,48,Debit Card,Delivered,25
1376,1181,92,2023-11-19,16:00:00,210,51,Wallet,Delivered,25
1377,1317,84,2022-06-04,20:15:00,350,61,Cash on Delivery,Delivered,75
1378,1726,448,2022-03-31,10:15:00,1000,22,Netbanking,Delivered,0
1379,1521,291,2023-05-11,10:45:00,750,47,Credit Card,Delivered,100
1380,424,112,2023-10-21,22:30:00,390,83,Debit Card,Delivered,0
1381,1078,331,2022-02-19,10:45:00,390,26,Wallet,Delivered,50
1382,383,185,2022-12-26,14:30:00,280,67,UPI,In Transit,50
1383,1176,384,2023-03-04,15:00:00,880,28,Wallet,Delivered,0
1384,1222,326,2022-04-05,18:00:00,400,35,Wallet,Delivered,0
1385,1252,450,2023-09-17,23:00:00,770,21,Cash on Delivery,Delivered,25
1386,572,289,2023-03-22,10:00:00,130,76,Debit Card,Delivered,0
1387,1692,253,2023-04-02,20:15:00,450,65,Credit Card,Delivered,50
1388,660,27,2022-07-22,17:30:00,630,27,Netbanking,Delivered,25
1389,906,436,2022-11-29,13:30:00,680,29,Wallet,In Transit,75
1390,1012,146,2023-06-15,17:00:00,750,33,Wallet,Delivered,0
1391,425,253,2022-01-04,22:00:00,450,51,Netbanking,Delivered,0
1392,1735,123,2023-08-14,21:30:00,830,79,UPI,Delivered,25
1393,817,44,2022-09-24,19:00:00,300,59,Debit Card,Delivered,0
1394,1606,303,2023-03-21,12:45:00,300,38,Wallet,Delivered,100
1395,1806,228,2022-12-15,22:00:00,470,54,Credit Card,Delivered,75
1396,782,10,2022-12-31,11:30:00,630,62,Cash on Delivery,Delivered,50
1397,1039,414,2023-11-16,15:15:00,1130,77,Netbanking,Returned,0
1398,1091,22,2023-07-24,22:30:00,200,76,Debit Card,Delivered,0
1399,459,375,2022-08-26,20:00:00,700,68,Netbanking,Delivered,100
1400,127,263,2023-09-10,22:15:00,700,59,UPI,Delivered,50
1401,1465,112,2022-06-12,12:45:00,300,56,Netbanking,In Transit,100
1402,701,81,2022-11-21,12:00:00,520,28,Cash on Delivery,Delivered,25
1403,826,377,2022-02-15,16:30:00,300,31,Netbanking,Delivered,50
1404,913,258,2023-03-08,22:15:00,460,66,Netbanking,Delivered,100
1405,676,129,2022-10-29,13:45:00,160,63,Credit Card,Delivered,50
1406,1810,464,2023-02-04,14:30:00,630,22,Netbanking,Delivered,50
1407,802,23,2022-08-19,21:15:00,370,43,UPI,Delivered,0
1408,1358,480,2023-04-23,22:30:00,480,33,Wallet,Delivered,50
1409,1426,255,2022-09-02,11:15:00,1260,55,Netbanking,Cancelled,50
1410,306,309,2022-07-24,11:30:00,560,83,Wallet,Delivered,25
1411,1542,464,2022-11-12,12:00:00,780,48,Credit Card,Delivered,50
1412,729,423,2023-03-30,17:30:00,500,85,Debit Card,Delivered,0
1413,71,398,2022-03-03,17:15:00,820,48,Credit Card,Delivered,25
1414,140,138,2022-03-28,11:45:00,890,65,Wallet,Delivered,0
1415,307,316,2023-06-05,14:15:00,1290,40,Cash on Delivery,Returned,0
1416,1118,176,2023-12-14,21:45:00,330,77,Cash on Delivery,Delivered,0
1417,124,391,2023-05-20,19:45:00,820,52,Debit Card,Delivered,0
1418,1840,372,2022-12-02,22:15:00,530,72,Wallet,Delivered,0
1419,1899,308,2023-05-05,14:00:00,600,81,Credit Card,Delivered,0
1420,610,481,2023-04-08,10:15:00,1050,54,Netbanking,Delivered,75
1421,1602,84,2023-11-15,16:15:00,600,68,Cash on Delivery,Delivered,0
1422,1560,129,2022-11-09,19:15:00,530,85,Netbanking,Delivered,25
1423,740,318,2023-10-06,10:30:00,790,41,Cash on Delivery,Delivered,0
1424,680,132,2023-09-17,18:45:00,1000,21,Cash on Delivery,Delivered,100
1425,1416,448,2022-09-03,21:15:00,590,85,Netbanking,Delivered,25
1426,129,436,2022-08-19,19:45:00,690,23,Wallet,Delivered,0
1427,1125,163,2022-06-09,18:00:00,800,53,Debit Card,Cancelled,75
1428,869,264,2023-07-07,23:30:00,930,77,Wallet,Delivered,0
1429,999,85,2022-12-26,13:45:00,780,77,Netbanking,Delivered,0
1430,700,456,2022-08-05,23:00:00,1100,68,Credit Card,In Transit,75
1431,1081,370,2022-03-19,16:00:00,1030,35,Cash on Delivery,Delivered,0
1432,637,383,2022-06-26,12:30:00,990,29,Cash on Delivery,Delivered,50
1433,1995,323,2023-02-19,10:45:00,770,90,UPI,Delivered,25
1434,1725,227,2023-06-16,12:30:00,540,65,Cash on Delivery,Delivered,50
1435,759,355,2023-09-04,10:15:00,730,84,Debit Card,Delivered,100
1436,144,115,2022-10-20,23:00:00,1020,81,UPI,Cancelled,0
1437,1794,162,2023-08-03,11:00:00,550,62,Cash on Delivery,Delivered,100
1438,54,223,2022-04-10,14:30:00,930,70,Credit Card,In Transit,50
1439,403,99,2022-08-17,21:15:00,1100,66,Wallet,Delivered,0
1440,68,52,2023-04-07,19:00:00,770,61,Debit Card,Delivered,50
1441,1206,343,2022-08-27,17:00:00,570,32,Debit Card,Delivered,25
1442,1092,337,2022-07-11,14:15:00,580,25,Debit Card,Delivered,0
1443,760,199,2023-09-23,22:15:00,510,85,Cash on Delivery,Delivered,50
1444,888,121,2022-02-01,13:15:00,910,71,Cash on Delivery,In Transit,100
1445,919,390,2023-01-22,23:30:00,300,22,Credit Card,Delivered,50
1446,1249,443,2022-09-30,13:30:00,260,77,UPI,Delivered,25
1447,1234,340,2022-05-18,10:15:00,1350,35,Netbanking,Delivered,0
1448,1482,304,2022-04-18,22:30:00,850,67,Netbanking,In Transit,0
1449,1926,153,2023-10-06,13:00:00,950,69,Debit Card,Delivered,75
1450,1981,438,2023-11-30,18:00:00,190,54,UPI,Cancelled,100
1451,1436,394,2022-09-04,15:45:00,450,73,Debit Card,Delivered,0
1452,381,53,2022-09-30,21:15:00,220,62,Netbanking,Delivered,0
1453,1554,350,2023-09-09,14:00:00,1350,28,Cash on Delivery,Delivered,75
1454,853,163,2023-07-10,10:00:00,640,46,UPI,Delivered,25
1455,1689,267,2022-12-15,16:00:00,100,47,Netbanking,Returned,25
1456,598,108,2022-08-01,23:45:00,620,36,UPI,Delivered,0
1457,762,101,2023-01-03,22:30:00,680,48,Cash on Delivery,Delivered,75
1458,354,475,2022-11-04,16:30:00,730,83,Netbanking,Delivered,75
1459,677,166,2022-10-17,22:45:00,810,24,Wallet,Cancelled,100
1460,593,52,2022-07-23,13:00:00,160,32,Wallet,Delivered,25
1461,1668,394,2022-06-08,23:30:00,670,29,Wallet,Returned,50
1462,1742,500,2022-05-28,22:15:00,1240,21,Debit Card,Delivered,100
1463,1868,404,2022-07-16,17:45:00,310,81,Credit Card,Delivered,100
1464,170,79,2023-08-04,13:00:00,300,59,Cash on Delivery,Delivered,0
1465,1066,235,2022-01-23,11:30:00,440,64,UPI,Delivered,0
1466,118,381,2022-09-06,10:00:00,350,69,UPI,Delivered,0
1467,1055,420,2023-11-30,18:00:00,1330,44,UPI,Delivered,100
1468,1486,299,2022-12-01,16:15:00,840,51,Debit Card,Delivered,100
1469,740,221,2022-04-14,21:45:00,490,39,UPI,Delivered,0
1470,1867,431,2022-05-05,14:00:00,530,62,Cash on Delivery,Delivered,100
1471,884,57,2023-06-12,22:00:00,160,49,Netbanking,Delivered,25
1472,1535,176,2022-05-07,16:30:00,780,69,Netbanking,Cancelled,0
1473,1878,360,2022-03-07,13:00:00,250,41,UPI,Delivered,25
1474,932,297,2022-09-09,21:15:00,1110,43,Cash on Delivery,Delivered,50
1475,630,51,2022-06-23,10:45:00,620,42,Debit Card,Cancelled,75
1476,1235,330,2023-06-09,19:30:00,480,21,UPI,Delivered,50
1477,1564,463,2023-07-11,15:45:00,810,49,Cash on Delivery,Delivered,0
1478,176,14,2023-01-17,15:45:00,1010,30,Netbanking,In Transit,50
1479,1532,429,2022-12-11,19:30:00,260,31,Wallet,Delivered,100
1480,754,86,2022-05-22,12:30:00,1580,32,Credit Card,Delivered,0
1481,1592,269,2022-01-24,20:45:00,1260,39,Credit Card,Delivered,25
1482,644,397,2022-09-27,20:30:00,110,38,Cash on Delivery,Delivered,50
1483,1544,57,2023-01-24,13:00:00,310,37,Credit Card,Delivered,0
1484,1810,71,2022-01-16,11:30:00,880,34,Cash on Delivery,Delivered,0
1485,1706,158,2023-04-22,23:00:00,630,81,Debit Card,Delivered,0
1486,1360,466,2023-05-01,12:45:00,450,23,UPI,In Transit,75
1487,627,289,2023-12-14,20:45:00,1320,43,Wallet,Delivered,100
1488,627,40,2022-01-16,22:30:00,440,77,Netbanking,Delivered,50
1489,779,232,2022-07-14,18:00:00,530,47,UPI,Delivered,25
1490,232,467,2022-11-18,22:30:00,450,26,Wallet,Delivered,0
1491,263,24,2023-05-11,12:15:00,280,21,Wallet,Delivered,0
1492,1909,292,2023-07-20,13:15:00,980,30,UPI,Cancelled,25
1493,1833,487,2023-09-29,14:45:00,170,80,Netbanking,Delivered,25
1494,82,250,2022-03-11,17:45:00,220,34,Credit Card,Delivered,0
1495,1194,31,2023-10-25,18:45:00,370,67,UPI,In Transit,0
1496,824,155,2022-11-06,18:30:00,650,63,Wallet,Delivered,25
1497,1518,298,2023-04-18,23:00:00,320,90,Netbanking,Delivered,75
1498,48,183,2023-10-10,10:15:00,900,59,Wallet,Delivered,25
1499,1691,134,2023-03-29,16:00:00,530,46,Debit Card,Delivered,0
1500,1104,387,2022-03-11,17:45:00,1430,87,Wallet,Delivered,0
1501,606,422,2023-06-15,12:45:00,820,57,Credit Card,Delivered,75
1502,497,329,2022-11-22,23:30:00,300,73,UPI,Delivered,100
1503,438,406,2023-09-04,10:45:00,560,78,Netbanking,Delivered,100
1504,1473,32,2022-08-04,11:45:00,550,23,Credit Card,Returned,0
1505,1590,476,2022-12-26,12:30:00,460,42,Cash on Delivery,Delivered,25
1506,1415,66,2023-10-24,23:00:00,630,40,Cash on Delivery,Delivered,25
1507,592,325,2022-11-12,21:30:00,550,39,Credit Card,Delivered,25
1508,631,80,2022-05-11,10:45:00,650,26,Debit Card,Delivered,50
1509,832,22,2023-12-05,18:45:00,860,33,Cash on Delivery,Delivered,0
1510,1276,211,2022-02-26,11:30:00,1320,50,Cash on Delivery,Returned,75
1511,1720,319,2022-01-02,10:45:00,620,74,Netbanking,Delivered,25
1512,1865,322,2023-07-08,20:30:00,340,86,Credit Card,Delivered,0
1513,813,129,2023-11-25,19:45:00,620,41,Cash on Delivery,Delivered,25
1514,1530,18,2022-07-10,11:45:00,680,32,Debit Card,Cancelled,0
1515,1234,193,2023-06-20,11:30:00,740,75,Wallet,Delivered,100
1516,434,139,2022-02-17,22:00:00,670,56,Cash on Delivery,Delivered,25
1517,345,85,2023-09-25,19:15:00,510,62,Wallet,In Transit,25
1518,997,478,2022-03-26,21:45:00,450,82,Wallet,Delivered,100
1519,1086,231,2022-04-17,10:30:00,630,28,Credit Card,Cancelled,75
1520,1914,298,2022-06-18,17:30:00,440,38,UPI,Delivered,0
1521,587,408,2023-10-07,18:45:00,210,43,Netbanking,Delivered,0
1522,840,18,2023-02-10,14:15:00,570,66,Cash on Delivery,Delivered,50
1523,508,101,2022-03-21,21:00:00,1370,69,Debit Card,Delivered,25
1524,1371,195,2023-09-18,20:30:00,210,74,Debit Card,Delivered,0
1525,170,301,2023-05-17,12:45:00,430,79,Cash on Delivery,Cancelled,0
1526,677,6,2022-09-01,22:30:00,280,77,Cash on Delivery,Cancelled,75
1527,550,396,2022-03-30,10:45:00,740,30,Debit Card,Delivered,100
1528,805,375,2023-05-12,11:45:00,650,29,Netbanking,Delivered,0
1529,234,93,2023-08-19,14:15:00,450,29,Credit Card,Delivered,0
1530,1803,435,2022-03-14,22:45:00,370,90,Cash on Delivery,Delivered,0
1531,1004,208,2023-11-17,15:15:00,1160,53,Cash on Delivery,Cancelled,25
1532,29,256,2022-02-18,23:15:00,390,85,Cash on Delivery,Delivered,50
1533,447,201,2023-02-03,16:00:00,130,73,Netbanking,Delivered,0
1534,986,302,2022-01-26,12:45:00,680,26,Debit Card,Delivered,0
1535,1262,104,2023-09-26,13:15:00,1010,39,Cash on Delivery,Delivered,100
1536,179,136,2023-04-29,12:45:00,260,56,Netbanking,Delivered,0
1537,1186,90,2023-08-08,17:45:00,610,61,Wallet,Delivered,0
1538,1251,127,2022-11-13,12:00:00,600,23,Netbanking,Delivered,100
1539,708,314,2022-03-19,22:00:00,150,84,Netbanking,Delivered,50
1540,1150,371,2023-10-02,21:15:00,250,46,Cash on Delivery,Delivered,0
1541,551,399,2023-05-11,12:45:00,790,66,Cash on Delivery,Delivered,0
1542,1633,69,2022-12-23,10:00:00,1020,50,Cash on Delivery,Delivered,50
1543,1772,297,2023-01-06,20:45:00,720,32,Debit Card,Delivered,100
1544,1439,400,2023-07-14,14:30:00,180,71,UPI,Delivered,0
1545,409,298,2022-11-28,16:45:00,830,39,Wallet,Delivered,0
1546,1858,492,2022-05-18,13:00:00,1780,20,Netbanking,Delivered,75
1547,179,276,2023-02-25,21:30:00,750,47,UPI,Delivered,25
1548,939,452,2023-02-27,21:15:00,1170,76,Credit Card,Delivered,0
1549,775,141,2023-12-04,13:45:00,1040,33,Wallet,Cancelled,0
1550,1512,138,2023-09-14,12:45:00,560,33,Credit Card,Cancelled,0
1551,1019,240,2022-04-12,12:00:00,870,43,Wallet,Delivered,100
1552,1210,431,2022-08-27,11:45:00,1200,52,Debit Card,Delivered,0
1553,65,339,2023-07-27,21:15:00,830,61,Credit Card,Delivered,0
1554,971,52,2022-08-01,13:30:00,490,61,Wallet,Delivered,25
1555,1499,104,2023-09-12,16:15:00,760,28,Credit Card,In Transit,100
1556,714,134,2022-09-06,12:30:00,730,84,Debit Card,In Transit,0
1557,993,411,2023-02-12,20:30:00,1380,89,Debit Card,Delivered,100
1558,1129,353,2022-12-21,18:45:00,490,78,Netbanking,Delivered,75
1559,205,388,2023-01-14,13:00:00,250,57,Debit Card,Delivered,0
1560,510,374,2022-04-24,21:30:00,990,48,Cash on Delivery,Delivered,0
1561,883,52,2023-04-09,20:15:00,1530,22,Cash on Delivery,Delivered,25
1562,161,66,2023-09-13,22:00:00,760,67,Credit Card,Returned,0
1563,929,405,2023-09-29,19:45:00,530,77,Cash on Delivery,Delivered,0
1564,1750,27,2023-09-20,22:00:00,1110,45,Wallet,Delivered,25
1565,1821,228,2023-12-08,14:00:00,1420,53,UPI,Delivered,50
1566,1681,74,2022-12-09,14:45:00,930,61,UPI,Delivered,25
1567,230,152,2023-09-10,16:45:00,310,79,Debit Card,Delivered,0
1568,708,226,2022-12-31,16:15:00,1080,27,Cash on Delivery,Delivered,75
1569,1498,29,2022-06-14,12:15:00,400,84,UPI,Delivered,0
1570,305,317,2023-01-03,20:30:00,1070,88,Netbanking,Delivered,50
1571,222,447,2023-06-09,20:15:00,1060,70,Credit Card,Delivered,0
1572,1460,332,2022-07-20,18:45:00,1050,73,UPI,Delivered,0
1573,946,416,2022-08-06,15:30:00,540,63,Credit Card,Delivered,50
1574,552,474,2023-05-30,18:45:00,570,36,Credit Card,Delivered,100
1575,1643,32,2023-04-03,22:30:00,580,46,Credit Card,Delivered,0
1576,640,460,2022-03-14,21:00:00,530,65,Netbanking,Delivered,25
1577,948,432,2023-05-22,10:30:00,860,53,Credit Card,Delivered,75
1578,1372,355,2022-09-15,23:15:00,590,79,UPI,Delivered,25
1579,1617,494,2023-11-15,16:30:00,1400,20,UPI,Delivered,50
1580,1743,145,2022-08-22,16:00:00,250,55,Debit Card,Returned,75
1581,86,140,2023-05-27,19:15:00,400,26,Credit Card,Delivered,0
1582,1204,74,2022-07-03,22:00:00,1200,65,Debit Card,Delivered,25
1583,526,463,2023-01-15,17:15:00,1200,61,Wallet,Delivered,50
1584,58,130,2023-01-21,12:45:00,1010,89,Credit Card,Delivered,0
1585,432,422,2023-03-01,10:15:00,340,63,Wallet,Delivered,0
1586,1150,103,2022-10-29,11:45:00,310,31,UPI,Delivered,25
1587,1356,395,2023-10-17,14:00:00,620,51,Cash on Delivery,Cancelled,75
1588,992,379,2023-12-27,21:45:00,260,25,UPI,Returned,50
1589,1474,419,2022-04-05,16:15:00,530,69,Netbanking,Delivered,0
1590,1970,113,2023-04-18,11:00:00,230,86,Netbanking,Delivered,100
1591,1942,476,2023-07-09,19:45:00,130,50,UPI,In Transit,100
1592,1384,72,2023-01-02,20:00:00,550,74,UPI,Delivered,50
1593,1343,349,2023-12-12,13:45:00,630,43,Credit Card,Delivered,0
1594,1654,9,2023-09-30,11:45:00,420,38,Wallet,Delivered,0
1595,1276,39,2023-09-08,19:30:00,480,23,Cash on Delivery,Delivered,0
1596,1068,459,2022-01-26,17:15:00,830,69,Credit Card,Cancelled,0
1597,1884,267,2022-08-10,10:15:00,320,57,Wallet,Delivered,0
1598,1181,200,2022-12-06,10:00:00,940,43,Wallet,Delivered,75
1599,1948,463,2023-07-18,12:00:00,1290,59,Cash on Delivery,Delivered,0
1600,117,188,2022-01-15,12:00:00,130,44,Wallet,Delivered,75
1601,926,234,2022-12-19,20:15:00,740,52,Netbanking,Delivered,0
1602,54,493,2022-04-19,17:15:00,390,26,Netbanking,Delivered,100
1603,139,29,2023-09-02,17:30:00,360,63,Debit Card,Cancelled,0
1604,319,221,2023-05-21,20:15:00,460,74,Credit Card,Delivered,75
1605,48,408,2023-04-24,23:15:00,530,69,UPI,Delivered,0
1606,1002,147,2023-01-09,20:30:00,1390,64,Cash on Delivery,Delivered,0
1607,815,82,2023-09-05,10:30:00,150,61,Debit Card,Cancelled,0
1608,1538,153,2022-07-20,21:15:00,800,77,Debit Card,Delivered,25
1609,1916,150,2023-03-24,20:30:00,1100,73,Wallet,Delivered,25
1610,996,371,2023-07-29,23:00:00,450,72,Cash on Delivery,Cancelled,25
1611,1227,374,2023-08-23,12:30:00,1220,20,Cash on Delivery,Delivered,50
1612,935,2,2023-01-22,10:00:00,640,83,Debit Card,Delivered,75
1613,814,209,2023-06-04,10:30:00,430,43,UPI,Delivered,25
1614,292,391,2022-07-04,12:15:00,1180,62,Netbanking,Delivered,0
1615,358,298,2023-01-23,21:00:00,530,51,Debit Card,Delivered,50
1616,951,135,2023-11-21,22:15:00,1580,62,Wallet,Delivered,50
1617,642,115,2023-08-08,15:15:00,520,28,Debit Card,Delivered,100
1618,1322,332,2023-10-30,10:00:00,480,61,UPI,Delivered,50
1619,184,255,2022-05-06,19:45:00,1150,30,Credit Card,Delivered,0
1620,868,436,2022-02-25,14:30:00,450,60,Netbanking,Delivered,100
1621,798,326,2023-10-27,23:30:00,130,54,Netbanking,Delivered,25
1622,752,398,2023-01-02,10:30:00,510,54,Credit Card,Delivered,0
1623,1385,261,2022-11-25,23:45:00,440,54,Netbanking,Delivered,25
1624,357,167,2022-12-09,19:15:00,800,35,Cash on Delivery,Delivered,0
1625,1710,230,2023-11-30,20:45:00,1130,71,Netbanking,Delivered,0
1626,231,109,2023-07-24,19:30:00,990,46,Debit Card,Delivered,50
1627,1700,187,2023-12-11,23:15:00,280,72,Credit Card,Delivered,25
1628,1227,430,2023-07-31,16:00:00,550,52,Netbanking,Delivered,75
1629,365,255,2022-12-29,10:30:00,1430,29,Debit Card,Delivered,50
1630,1451,399,2023-09-08,18:30:00,610,53,Wallet,In Transit,75
1631,867,103,2023-08-30,18:45:00,520,30,Wallet,Delivered,50
1632,1020,446,2023-10-07,13:15:00,120,31,Cash on Delivery,Delivered,50
1633,668,450,2022-09-30,11:45:00,320,50,UPI,Delivered,75
1634,953,450,2023-05-31,16:15:00,500,82,Credit Card,Delivered,75
1635,1045,249,2022-07-16,10:15:00,150,42,Credit Card,Delivered,0
1636,626,145,2023-09-11,22:00:00,930,82,Cash on Delivery,Delivered,0
1637,1201,181,2023-09-30,22:15:00,730,22,Netbanking,Delivered,0
1638,337,69,2023-07-07,22:00:00,1300,48,Credit Card,Cancelled,25
1639,1009,347,2022-03-02,17:15:00,950,63,Debit Card,Delivered,75
1640,1653,328,2022-08-17,18:00:00,180,51,Credit Card,In Transit,25
1641,1026,84,2022-06-09,18:30:00,560,82,Debit Card,Delivered,25
1642,360,42,2022-01-09,10:15:00,250,26,UPI,Delivered,100
1643,272,138,2023-03-20,20:30:00,500,56,Wallet,Delivered,100
1644,437,200,2023-12-14,15:00:00,400,51,Wallet,In Transit,100
1645,206,54,2023-07-09,12:00:00,630,61,Netbanking,Delivered,0
1646,1042,482,2022-05-25,23:15:00,850,65,Wallet,Delivered,100
1647,113,148,2023-01-05,14:00:00,760,72,Debit Card,Delivered,100
1648,787,167,2022-09-22,22:30:00,220,59,Cash on Delivery,Delivered,0
1649,1059,35,2023-12-22,18:45:00,960,85,Debit Card,Delivered,25
1650,652,443,2022-01-26,11:45:00,230,52,Netbanking,Delivered,0
1651,318,40,2023-03-24,18:15:00,470,83,Netbanking,Delivered,0
1652,999,249,2022-06-05,12:30:00,1640,40,UPI,Delivered,75
1653,417,437,2022-07-10,12:15:00,180,56,Cash on Delivery,Delivered,0
1654,90,228,2022-08-10,20:00:00,890,81,Cash on Delivery,Delivered,0
1655,331,121,2022-04-10,18:15:00,810,20,Wallet,Delivered,25
1656,749,183,2022-03-31,22:30:00,650,87,UPI,Delivered,75
1657,125,286,2023-09-09,11:45:00,750,54,Wallet,Delivered,50
1658,482,147,2022-09-19,19:30:00,330,44,Debit Card,Delivered,0
1659,1661,159,2023-12-31,17:15:00,1000,32,Wallet,Delivered,0
1660,554,26,2022-10-11,22:00:00,730,45,UPI,Cancelled,50
1661,1322,42,2022-05-17,10:45:00,950,57,Credit Card,Delivered,0
1662,522,246,2022-05-02,12:30:00,380,37,Cash on Delivery,Delivered,50
1663,1662,277,2022-04-25,20:15:00,1060,84,Cash on Delivery,Cancelled,100
1664,334,144,2022-02-08,19:00:00,610,76,Debit Card,Delivered,0
1665,1672,464,2023-05-20,11:45:00,800,84,Cash on Delivery,Delivered,0
1666,1750,469,2022-02-23,10:15:00,80,67,Cash on Delivery,Delivered,25
1667,799,31,2022-04-10,23:45:00,380,69,Debit Card,Delivered,0
1668,51,18,2023-02-25,23:30:00,270,88,Credit Card,Delivered,50
1669,1595,477,2023-12-11,15:00:00,1330,89,Cash on Delivery,Delivered,0
1670,1764,25,2023-07-03,13:45:00,400,40,Credit Card,Delivered,0
1671,1691,58,2022-07-30,16:15:00,300,31,Credit Card,Delivered,25
1672,51,186,2023-11-21,12:30:00,170,57,Credit Card,Delivered,100
1673,313,295,2022-12-11,13:00:00,650,55,Cash on Delivery,Delivered,50
1674,189,153,2022-12-13,21:30:00,930,48,Credit Card,Delivered,100
1675,1908,105,2023-01-29,21:45:00,1230,36,Cash on Delivery,Delivered,0
1676,1010,156,2022-06-20,22:15:00,1610,38,Wallet,Delivered,0
1677,738,306,2023-06-30,13:45:00,1300,26,UPI,Delivered,50
1678,1725,483,2022-03-12,11:30:00,1060,33,Cash on Delivery,Delivered,100
1679,703,121,2022-10-14,11:30:00,670,43,UPI,Delivered,75
1680,1519,134,2023-07-16,18:15:00,700,23,Debit Card,Delivered,50
1681,1472,384,2022-11-25,17:30:00,790,53,Netbanking,Delivered,25
1682,1177,290,2023-10-10,23:30:00,1280,27,Credit Card,Delivered,25
1683,1086,86,2023-11-20,22:45:00,1350,87,Netbanking,Delivered,100
1684,1313,448,2023-06-08,10:45:00,1070,33,Cash on Delivery,Delivered,50
1685,1382,399,2023-11-27,16:45:00,1110,40,UPI,Cancelled,75
1686,1463,329,2022-08-10,10:00:00,780,76,Wallet,In Transit,0
1687,1492,408,2023-07-27,10:30:00,760,82,Credit Card,Delivered,100
1688,371,22,2023-12-02,14:45:00,390,22,Debit Card,Delivered,100
1689,1977,56,2023-03-14,10:45:00,1400,83,Netbanking,Delivered,100
1690,1475,114,2022-02-10,17:00:00,640,29,Credit Card,Returned,0
1691,1537,128,2023-02-26,18:45:00,840,78,Cash on Delivery,Delivered,100
1692,1430,120,2022-12-20,16:00:00,1000,41,UPI,Delivered,0
1693,34,497,2022-02-22,17:00:00,940,20,UPI,Delivered,50
1694,442,68,2022-03-15,11:00:00,650,89,Netbanking,Delivered,0
1695,1611,125,2022-04-13,22:15:00,1050,20,Credit Card,In Transit,75
1696,240,87,2022-02-06,23:00:00,1340,35,Netbanking,In Transit,0
1697,1504,194,2022-01-06,16:45:00,850,68,UPI,In Transit,0
1698,1718,57,2022-08-23,21:15:00,380,42,Debit Card,Delivered,0
1699,1163,196,2022-05-05,11:00:00,850,75,Cash on Delivery,Delivered,0
1700,1777,401,2023-09-02,10:15:00,440,69,Wallet,Delivered,0
1701,1892,379,2022-11-30,10:30:00,710,53,Wallet,Delivered,25
1702,1941,177,2022-09-15,13:30:00,1130,37,Credit Card,Delivered,0
1703,237,338,2023-12-04,12:00:00,1300,44,Cash on Delivery,Delivered,0
1704,1414,106,2023-06-21,23:45:00,480,73,Debit Card,Delivered,0
1705,1061,453,2023-07-22,13:00:00,580,21,UPI,Delivered,100
1706,1841,154,2023-04-05,16:00:00,1530,75,Wallet,Delivered,0
1707,1941,406,2023-05-20,14:30:00,1030,35,Debit Card,Returned,100
1708,1987,165,2023-04-18,23:45:00,720,35,UPI,Delivered,0
1709,405,131,2023-10-13,23:45:00,530,42,Credit Card,Delivered,0
1710,1920,401,2022-11-25,18:30:00,310,52,Credit Card,Delivered,25
1711,1764,157,2023-10-26,21:00:00,920,27,Wallet,Delivered,0
1712,319,330,2023-01-29,23:30:00,230,73,Debit Card,Delivered,0
1713,1135,284,2022-11-09,13:30:00,230,62,Cash on Delivery,Delivered,25
1714,1055,415,2023-01-09,14:15:00,580,81,Wallet,Delivered,0
1715,1994,404,2022-07-26,17:45:00,450,49,UPI,Cancelled,100
1716,1253,40,2022-11-15,11:30:00,840,31,Wallet,Delivered,100
1717,1083,56,2023-09-17,11:00:00,1480,54,Debit Card,Delivered,50
1718,948,449,2023-09-07,15:00:00,1180,77,Debit Card,In Transit,25
1719,1680,381,2022-02-09,20:30:00,600,31,Debit Card,Delivered,0
1720,31,19,2022-05-22,15:45:00,610,21,Netbanking,Delivered,0
1721,300,229,2023-01-27,23:45:00,1290,45,Cash on Delivery,In Transit,25
1722,1509,116,2022-09-10,17:30:00,260,30,Credit Card,Delivered,100
1723,1223,258,2023-03-19,13:00:00,1200,57,Cash on Delivery,Delivered,75
1724,1641,132,2023-02-27,21:15:00,750,83,Wallet,Delivered,50
1725,1488,305,2023-06-30,14:15:00,640,56,Netbanking,Delivered,100
1726,1196,150,2022-06-15,19:45:00,1150,59,Netbanking,Delivered,50
1727,1931,302,2022-12-20,20:30:00,640,57,Credit Card,Delivered,0
1728,44,5,2022-05-02,23:45:00,130,34,Cash on Delivery,Delivered,50
1729,659,410,2023-03-27,12:45:00,820,89,Netbanking,Delivered,0
1730,1740,402,2022-09-05,20:15:00,590,21,Wallet,Delivered,0
1731,1512,180,2023-10-17,13:45:00,250,67,Cash on Delivery,Delivered,75
1732,1529,112,2022-06-11,21:45:00,120,59,UPI,Delivered,0
1733,453,49,2022-12-26,20:15:00,150,35,Debit Card,Delivered,50
1734,402,211,2022-05-08,16:30:00,550,63,Debit Card,Delivered,0
1735,1133,254,2023-12-02,21:00:00,1720,47,UPI,Delivered,0
1736,1605,421,2023-05-11,22:30:00,1180,47,Credit Card,Delivered,75
1737,1595,104,2022-06-07,19:15:00,100,20,Netbanking,Delivered,25
1738,1354,274,2023-05-08,13:45:00,820,62,Wallet,Delivered,25
1739,1619,71,2022-12-29,16:00:00,150,24,Wallet,Cancelled,75
1740,264,376,2023-08-02,16:30:00,1060,55,Netbanking,Delivered,0
1741,421,51,2023-01-26,10:15:00,290,89,Cash on Delivery,Delivered,75
1742,1727,65,2023-12-11,22:45:00,250,21,Credit Card,Delivered,0
1743,473,351,2022-06-25,11:45:00,610,38,Debit Card,Delivered,25
1744,192,103,2023-09-28,11:30:00,230,85,Netbanking,Returned,0
1745,1396,165,2023-04-21,23:45:00,380,57,Wallet,Delivered,25
1746,961,472,2022-04-13,16:15:00,970,84,Credit Card,Delivered,100
1747,359,454,2022-02-10,15:45:00,830,62,Wallet,Delivered,50
1748,1667,195,2022-01-24,16:45:00,1270,78,Cash on Delivery,Delivered,0
1749,1918,198,2023-03-13,16:45:00,660,30,Debit Card,In Transit,0
1750,1761,434,2023-05-24,20:30:00,590,54,UPI,Cancelled,0
1751,1378,140,2022-07-20,18:15:00,440,75,Debit Card,Delivered,50
1752,1613,396,2022-01-08,16:15:00,1090,85,Netbanking,Delivered,50
1753,250,304,2023-05-04,18:15:00,880,30,Netbanking,Delivered,100
1754,1754,55,2022-01-03,11:45:00,1200,32,Wallet,Cancelled,0
1755,936,216,2023-06-17,20:30:00,220,75,Wallet,Delivered,0
1756,259,211,2022-12-08,19:15:00,520,36,Credit Card,Delivered,50
1757,220,465,2023-05-16,11:45:00,880,45,Debit Card,Delivered,50
1758,504,60,2023-11-24,22:30:00,400,74,Debit Card,Cancelled,50
1759,506,488,2022-11-25,16:30:00,600,75,UPI,Delivered,25
1760,440,306,2023-04-26,14:15:00,150,32,Cash on Delivery,Delivered,0
1761,1096,48,2022-12-08,14:45:00,310,23,UPI,Delivered,75
1762,970,160,2023-10-24,15:30:00,1000,57,Wallet,Delivered,0
1763,1104,73,2022-08-11,12:30:00,550,42,Debit Card,Delivered,50
1764,1113,481,2022-03-01,15:00:00,1170,47,Credit Card,Delivered,0
1765,1565,341,2023-12-11,16:15:00,670,73,Netbanking,Delivered,25
1766,1617,137,2022-11-12,21:15:00,840,31,Wallet,Delivered,100
1767,1063,428,2023-03-11,23:15:00,500,67,Netbanking,Delivered,75
1768,1485,499,2022-02-13,20:00:00,1180,73,Credit Card,Cancelled,50
1769,478,110,2022-04-08,20:30:00,940,24,Credit Card,Cancelled,50
1770,961,462,2023-06-17,10:00:00,500,43,Credit Card,Returned,75
1771,1879,469,2023-05-04,17:15:00,660,34,Wallet,In Transit,75
1772,1887,70,2023-11-12,16:30:00,350,21,Cash on Delivery,Delivered,75
1773,737,50,2023-06-23,14:30:00,650,90,Netbanking,Delivered,75
1774,1443,372,2022-04-12,11:45:00,1080,57,Netbanking,Cancelled,100
1775,602,214,2023-01-20,20:30:00,350,42,UPI,Delivered,0
1776,1104,441,2023-02-06,18:30:00,480,86,Credit Card,Cancelled,0
1777,43,118,2023-10-19,15:15:00,260,49,Debit Card,Returned,0
1778,198,140,2023-01-18,13:15:00,550,32,Debit Card,Returned,0
1779,1719,289,2022-02-24,20:45:00,820,51,Wallet,Delivered,0
1780,63,277,2023-08-28,22:30:00,710,81,Credit Card,Delivered,50
1781,1960,218,2023-02-26,11:15:00,910,82,Debit Card,Delivered,0
1782,1293,165,2022-07-22,20:30:00,640,85,Netbanking,Delivered,100
1783,1710,329,2022-02-02,19:00:00,950,86,Debit Card,Delivered,0
1784,1992,399,2022-04-17,16:30:00,160,77,Credit Card,Delivered,0
1785,1635,252,2022-11-03,14:45:00,680,39,UPI,Delivered,100
1786,1050,294,2023-09-13,20:15:00,1300,57,UPI,Delivered,0
1787,1671,54,2023-12-27,17:30:00,850,63,UPI,In Transit,75
1788,1912,252,2023-12-05,21:30:00,1210,27,Netbanking,Delivered,25
1789,1673,42,2023-05-08,17:00:00,1010,31,Cash on Delivery,Delivered,0
1790,1897,354,2023-06-08,17:45:00,1160,67,UPI,Delivered,75
1791,1811,498,2023-05-20,17:00:00,480,68,Wallet,Delivered,100
1792,1541,251,2022-06-25,16:15:00,230,76,Wallet,Delivered,0
1793,627,173,2022-07-20,10:15:00,710,20,Netbanking,Delivered,50
1794,1018,257,2023-03-10,14:00:00,320,63,Wallet,Cancelled,100
1795,1752,277,2023-12-15,13:15:00,1280,54,UPI,Delivered,0
1796,1479,298,2023-05-29,20:15:00,530,80,Cash on Delivery,Delivered,0
1797,763,497,2023-12-24,13:00:00,1000,69,Netbanking,In Transit,0
1798,534,383,2022-08-16,15:45:00,1220,36,Debit Card,Delivered,0
1799,530,39,2022-11-10,15:00:00,630,50,Netbanking,Delivered,0
1800,1717,464,2022-04-11,12:45:00,1110,56,Cash on Delivery,Delivered,0
1801,298,414,2022-07-26,18:00:00,800,39,Cash on Delivery,Cancelled,0
1802,125,26,2022-10-07,20:15:00,370,34,Netbanking,Delivered,50
1803,1717,200,2022-09-09,13:45:00,1130,84,Cash on Delivery,Delivered,50
1804,1050,108,2023-04-04,21:45:00,1020,46,Netbanking,Delivered,0
1805,1866,194,2022-02-08,20:15:00,970,82,Cash on Delivery,Cancelled,50
1806,1997,252,2023-08-17,18:30:00,520,86,Netbanking,Delivered,25
1807,63,342,2023-09-01,16:45:00,500,64,Credit Card,Delivered,75
1808,316,210,2023-03-27,17:45:00,910,78,Cash on Delivery,Delivered,75
1809,1459,118,2023-01-03,16:15:00,1150,76,Credit Card,Delivered,0
1810,741,111,2022-09-20,10:15:00,770,37,Credit Card,Delivered,0
1811,573,285,2023-06-25,19:00:00,1100,88,Netbanking,Delivered,50
1812,1688,210,2023-02-14,17:15:00,860,50,Debit Card,In Transit,25
1813,826,435,2023-05-03,20:30:00,340,38,UPI,Cancelled,0
1814,953,72,2023-06-22,19:45:00,730,21,Cash on Delivery,Delivered,75
1815,1911,359,2023-12-08,11:30:00,740,22,Netbanking,In Transit,0
1816,636,258,2022-10-07,22:30:00,1130,48,Credit Card,Cancelled,25
1817,1723,151,2023-04-13,12:45:00,1230,38,Debit Card,Delivered,100
1818,1859,194,2022-08-31,17:00:00,330,24,Credit Card,Delivered,25
1819,1588,187,2023-03-06,21:45:00,130,80,Wallet,Delivered,50
1820,499,439,2022-09-16,18:45:00,300,65,Wallet,Delivered,50
1821,1388,6,2022-06-08,23:00:00,150,24,UPI,Delivered,0
1822,825,314,2023-06-27,13:15:00,440,64,Credit Card,In Transit,100
1823,530,132,2022-08-06,14:30:00,860,43,Debit Card,Delivered,100
1824,172,98,2023-08-01,10:15:00,510,45,Netbanking,Delivered,0
1825,649,223,2022-12-24,21:00:00,810,75,UPI,Delivered,100
1826,884,421,2022-05-24,14:00:00,530,86,Wallet,Cancelled,100
1827,1030,332,2022-07-15,19:15:00,130,23,Netbanking,Delivered,0
1828,142,142,2022-05-19,13:00:00,470,84,Wallet,Delivered,0
1829,1132,147,2022-03-18,15:45:00,130,84,UPI,Delivered,50
1830,1917,98,2022-06-03,21:30:00,220,72,Wallet,Delivered,50
1831,1162,216,2023-07-16,10:15:00,820,54,Netbanking,Delivered,100
1832,877,181,2023-10-19,15:30:00,1120,26,Netbanking,Delivered,25
1833,627,272,2022-08-19,21:00:00,1120,23,Debit Card,Cancelled,25
1834,14,300,2023-01-05,12:15:00,580,21,Debit Card,Cancelled,0
1835,855,203,2023-01-04,19:00:00,530,23,Netbanking,Returned,100
1836,739,330,2023-07-05,17:15:00,1050,47,Netbanking,Cancelled,0
1837,1898,309,2022-06-05,15:15:00,680,25,UPI,Delivered,75
1838,1620,393,2023-04-12,14:45:00,1560,74,UPI,In Transit,100
1839,1576,446,2022-06-22,23:00:00,580,30,Credit Card,Delivered,25
1840,1328,214,2022-07-16,13:15:00,380,90,UPI,Delivered,50
1841,1856,276,2022-06-16,22:00:00,890,51,Credit Card,Delivered,0
1842,791,112,2022-09-28,16:30:00,430,39,Cash on Delivery,Cancelled,50
1843,805,212,2022-02-02,18:30:00,250,26,Wallet,Delivered,100
1844,441,279,2023-01-17,23:30:00,450,26,Debit Card,In Transit,0
1845,1403,279,2023-05-08,21:30:00,670,78,Netbanking,Delivered,75
1846,1884,55,2023-11-17,14:45:00,660,34,Cash on Delivery,Returned,0
1847,1820,306,2022-02-06,16:30:00,670,20,Cash on Delivery,Cancelled,100
1848,290,467,2022-10-25,13:45:00,1190,60,Credit Card,Delivered,25
1849,1908,411,2022-06-22,22:15:00,1200,49,Credit Card,Delivered,100
1850,1150,53,2023-06-07,11:45:00,960,59,UPI,Delivered,0
1851,789,454,2023-02-18,18:00:00,680,47,Wallet,Delivered,0
1852,1540,106,2023-10-08,13:30:00,380,45,Cash on Delivery,Delivered,0
1853,1670,56,2022-07-12,23:15:00,1420,58,Cash on Delivery,Delivered,0
1854,1533,90,2023-01-25,23:45:00,280,29,Netbanking,Delivered,0
1855,1805,88,2023-11-09,20:30:00,590,45,Wallet,Delivered,75
1856,1395,254,2023-04-03,17:15:00,1220,55,Netbanking,Delivered,25
1857,311,295,2023-03-26,22:00:00,940,82,Cash on Delivery,Delivered,0
1858,1038,460,2022-12-03,10:30:00,930,35,Debit Card,Delivered,0
1859,642,40,2022-05-13,13:30:00,710,85,Netbanking,Returned,0
1860,13,35,2022-09-15,15:15:00,1460,35,Credit Card,Delivered,25
1861,1412,492,2023-01-26,20:00:00,1210,32,Cash on Delivery,Delivered,75
1862,1936,153,2022-08-22,18:30:00,300,44,UPI,Delivered,75
1863,1268,46,2023-06-03,10:45:00,700,28,UPI,Delivered,50
1864,767,247,2022-12-20,15:00:00,290,33,Debit Card,Delivered,50
1865,1756,354,2022-08-06,23:45:00,810,69,Credit Card,Delivered,50
1866,808,219,2023-07-02,18:00:00,500,52,Cash on Delivery,Delivered,100
1867,1108,160,2023-10-30,19:00:00,410,22,Cash on Delivery,Cancelled,0
1868,1614,160,2022-01-23,10:30:00,970,20,Debit Card,Delivered,75
1869,1483,64,2022-08-25,12:45:00,350,47,Wallet,Delivered,100
1870,774,123,2022-07-31,16:30:00,460,83,UPI,Delivered,0
1871,1703,107,2022-12-06,13:30:00,730,26,Credit Card,Delivered,0
1872,1728,73,2023-08-27,22:30:00,790,46,Credit Card,Delivered,50
1873,959,455,2022-07-19,19:45:00,450,64,Debit Card,Cancelled,0
1874,862,31,2023-04-24,21:30:00,760,52,UPI,In Transit,0
1875,1341,358,2022-04-04,23:00:00,500,28,Wallet,Delivered,0
1876,890,188,2022-06-27,16:15:00,1260,74,Netbanking,Delivered,100
1877,1323,295,2022-07-28,19:15:00,570,66,Netbanking,Cancelled,75
1878,1223,164,2022-11-30,14:45:00,960,28,Debit Card,Delivered,0
1879,1222,139,2022-04-15,22:30:00,1020,40,Cash on Delivery,Delivered,0
1880,1098,97,2022-03-01,10:00:00,1220,46,Credit Card,Delivered,0
1881,1285,37,2022-12-31,20:30:00,1050,46,Credit Card,Delivered,0
1882,618,148,2023-04-10,18:15:00,570,56,Netbanking,Delivered,25
1883,1814,267,2022-06-04,13:00:00,540,67,Netbanking,Cancelled,100
1884,394,481,2022-12-27,20:30:00,670,28,Cash on Delivery,Delivered,25
1885,1937,436,2022-09-19,15:45:00,150,80,Debit Card,Delivered,25
1886,1826,54,2023-11-12,13:00:00,350,29,Credit Card,Delivered,0
1887,1824,53,2022-04-20,23:45:00,460,42,Netbanking,Delivered,50
1888,460,70,2022-04-12,12:45:00,470,53,Credit Card,Returned,75
1889,273,212,2022-11-24,11:30:00,620,45,Wallet,In Transit,0
1890,547,165,2023-05-16,17:00:00,230,89,UPI,Cancelled,75
1891,256,328,2023-03-09,13:15:00,910,88,Wallet,Delivered,75
1892,806,98,2022-08-01,23:15:00,880,44,UPI,Delivered,0
1893,1795,450,2022-06-30,11:30:00,550,45,Debit Card,Delivered,0
1894,694,71,2023-10-08,12:15:00,930,68,Debit Card,Delivered,25
1895,583,12,2023-09-07,21:45:00,550,67,Cash on Delivery,Delivered,50
1896,803,292,2023-08-07,20:30:00,900,35,Netbanking,In Transit,100
1897,1867,350,2023-11-07,20:00:00,1180,30,UPI,Delivered,0
1898,593,47,2023-06-17,17:15:00,1340,70,Debit Card,In Transit,0
1899,416,85,2023-03-21,18:30:00,1180,84,Netbanking,Delivered,100
1900,1528,138,2022-06-15,20:45:00,350,28,Debit Card,Delivered,100
1901,1738,387,2023-04-18,16:30:00,120,46,Wallet,Delivered,100
1902,595,384,2022-12-29,20:00:00,890,76,Credit Card,Delivered,75
1903,113,339,2022-02-12,22:30:00,1000,89,Netbanking,Returned,25
1904,1249,232,2022-07-28,13:00:00,260,52,Debit Card,In Transit,50
1905,567,394,2023-12-26,16:15:00,710,90,Wallet,Delivered,100
1906,11,388,2023-11-30,19:00:00,80,54,Debit Card,Delivered,0
1907,1635,494,2023-01-02,10:00:00,900,27,Wallet,Delivered,0
1908,1382,137,2023-03-01,12:15:00,1060,52,Cash on Delivery,Delivered,0
1909,927,70,2022-10-20,21:45:00,760,63,UPI,Delivered,100
1910,593,65,2022-10-17,20:15:00,870,55,Netbanking,Delivered,75
1911,1438,422,2023-03-19,10:00:00,720,84,Netbanking,Cancelled,75
1912,1125,53,2023-02-04,12:00:00,470,35,Netbanking,In Transit,100
1913,1000,1,2023-08-25,20:15:00,370,21,Debit Card,Delivered,100
1914,1872,52,2023-10-27,17:00:00,880,47,Credit Card,Delivered,75
1915,1732,180,2022-01-02,14:15:00,470,88,Cash on Delivery,Delivered,100
1916,981,472,2022-07-23,12:00:00,410,79,Wallet,Delivered,0
1917,663,118,2022-07-24,16:45:00,360,43,Debit Card,Delivered,25
1918,1564,129,2022-03-13,19:45:00,230,32,Netbanking,Delivered,0
1919,1250,149,2022-07-22,13:00:00,680,31,Netbanking,Delivered,100
1920,1260,16,2023-12-10,15:45:00,790,35,Wallet,Delivered,0
1921,402,440,2022-11-10,21:15:00,1000,73,Debit Card,In Transit,0
1922,1530,476,2022-08-06,20:15:00,980,37,Debit Card,In Transit,50
1923,1352,165,2023-12-31,16:30:00,710,52,Cash on Delivery,Delivered,25
1924,646,282,2022-06-30,17:00:00,300,35,Wallet,Delivered,25
1925,603,4,2022-11-28,14:30:00,720,55,Cash on Delivery,Delivered,50
1926,419,5,2022-05-26,13:30:00,560,83,Netbanking,Delivered,0
1927,518,53,2023-01-25,16:30:00,330,70,Credit Card,Delivered,25
1928,1910,79,2022-09-25,13:45:00,330,60,Cash on Delivery,In Transit,25
1929,1044,332,2023-05-06,18:45:00,1300,43,Wallet,Delivered,0
1930,10,457,2022-08-14,22:15:00,130,36,UPI,Delivered,100
1931,927,1,2022-05-04,23:30:00,530,69,Netbanking,Delivered,0
1932,1756,277,2023-03-09,21:00:00,960,35,Credit Card,Returned,50
1933,580,299,2023-03-05,23:15:00,1050,85,Netbanking,In Transit,25
1934,1160,161,2023-01-27,15:15:00,840,28,Netbanking,Delivered,0
1935,324,375,2023-07-15,10:45:00,1100,84,Netbanking,Delivered,0
1936,392,29,2022-03-22,17:15:00,530,43,UPI,Delivered,100
1937,1727,333,2023-10-16,23:00:00,610,62,Wallet,Delivered,75
1938,286,304,2022-05-31,13:15:00,460,45,Debit Card,Delivered,75
1939,1134,77,2022-04-19,20:45:00,460,35,Wallet,Returned,25
1940,1883,408,2023-03-26,16:45:00,600,90,Netbanking,Returned,100
1941,321,126,2022-05-14,22:45:00,1200,69,Debit Card,Cancelled,0
1942,624,131,2022-07-22,12:00:00,1070,23,Cash on Delivery,In Transit,50
1943,133,159,2022-06-27,13:00:00,570,85,UPI,Delivered,50
1944,557,122,2022-03-28,11:45:00,340,90,Netbanking,Delivered,25
1945,511,458,2023-04-11,15:00:00,300,55,Debit Card,Delivered,0
1946,490,434,2023-08-08,18:30:00,500,20,Wallet,Delivered,0
1947,1561,475,2022-03-30,20:45:00,250,68,Credit Card,Delivered,0
1948,1702,30,2022-08-27,11:15:00,710,36,Cash on Delivery,Delivered,0
1949,1844,377,2022-09-06,12:15:00,880,80,Cash on Delivery,Delivered,100
1950,1494,172,2023-01-04,15:00:00,780,88,Cash on Delivery,Delivered,0
1951,645,253,2022-10-17,16:30:00,230,55,Cash on Delivery,Delivered,0
1952,1686,98,2022-04-13,23:00:00,520,27,Debit Card,In Transit,50
1953,1582,440,2023-06-23,23:00:00,640,30,UPI,In Transit,0
1954,787,24,2022-12-12,18:00:00,400,70,UPI,Delivered,100
1955,555,493,2022-05-24,13:00:00,500,51,Cash on Delivery,Delivered,25
1956,1674,196,2023-07-29,20:30:00,1250,43,Cash on Delivery,Delivered,50
1957,1580,352,2023-06-29,20:45:00,740,49,Wallet,Delivered,0
1958,713,500,2023-05-01,20:00:00,290,49,Credit Card,Returned,50
1959,338,483,2023-12-23,23:15:00,450,30,Debit Card,Delivered,75
1960,1815,439,2022-08-28,14:30:00,540,22,Cash on Delivery,Delivered,50
1961,952,273,2022-11-04,11:45:00,560,22,Cash on Delivery,Delivered,50
1962,1475,374,2022-01-08,19:30:00,720,27,UPI,Delivered,75
1963,178,102,2023-03-30,11:45:00,500,69,UPI,Cancelled,25
1964,1440,477,2023-07-24,14:15:00,450,54,Wallet,Cancelled,0
1965,1907,307,2023-07-02,19:15:00,1360,69,Credit Card,Delivered,100
1966,576,131,2022-05-26,17:15:00,1050,59,UPI,Delivered,100
1967,456,400,2023-12-26,20:30:00,1550,29,Netbanking,Delivered,75
1968,1888,151,2022-07-18,10:00:00,430,28,Cash on Delivery,In Transit,0
1969,1432,411,2022-05-18,22:30:00,1280,32,Netbanking,Delivered,50
1970,442,432,2023-05-08,15:45:00,460,25,UPI,Delivered,100
1971,1836,412,2022-12-21,21:30:00,470,69,UPI,Cancelled,75
1972,878,162,2023-04-15,23:00:00,940,34,Credit Card,Returned,0
1973,1920,254,2023-12-11,22:15:00,500,63,Debit Card,Delivered,50
1974,866,252,2022-12-14,16:00:00,660,37,Debit Card,Delivered,0
1975,1457,365,2023-07-03,16:00:00,790,26,Netbanking,Cancelled,25
1976,1377,390,2022-07-29,12:45:00,610,55,Netbanking,Returned,0
1977,445,67,2022-03-08,19:15:00,120,50,UPI,Delivered,50
1978,29,144,2023-05-17,14:00:00,310,73,UPI,Delivered,0
1979,87,449,2022-12-27,10:00:00,980,77,Netbanking,Delivered,0
1980,1251,29,2022-10-05,19:00:00,400,70,Netbanking,Delivered,100
1981,1179,467,2023-06-19,18:15:00,530,73,Cash on Delivery,In Transit,0
1982,837,301,2023-11-19,17:45:00,1080,80,Debit Card,In Transit,0
1983,1225,211,2023-01-02,20:45:00,920,54,Netbanking,Delivered,50
1984,1493,46,2022-06-17,17:00:00,640,76,Debit Card,Delivered,0
1985,1624,274,2022-06-16,23:00:00,770,53,Netbanking,Delivered,75
1986,1951,409,2022-04-14,11:15:00,1180,48,Netbanking,In Transit,25
1987,128,225,2022-04-14,19:30:00,400,50,Credit Card,Delivered,50
1988,1818,383,2022-01-18,14:45:00,660,57,Netbanking,Delivered,25
1989,1408,373,2022-08-09,17:15:00,610,72,Credit Card,Delivered,0
1990,1028,339,2022-11-23,20:30:00,490,57,Credit Card,Delivered,100
1991,366,428,2022-10-31,11:45:00,120,69,Cash on Delivery,Delivered,100
1992,1471,341,2023-08-10,21:30:00,530,29,Cash on Delivery,Delivered,25
1993,859,35,2022-04-05,23:30:00,1080,25,Cash on Delivery,Delivered,75
1994,1986,84,2022-02-28,10:30:00,420,24,Cash on Delivery,Delivered,100
1995,1875,441,2022-09-20,15:45:00,980,58,Cash on Delivery,Delivered,75
1996,488,22,2023-03-21,23:15:00,910,39,UPI,Cancelled,0
1997,233,231,2023-08-01,17:00:00,610,22,UPI,Delivered,75
1998,465,329,2022-01-05,21:30:00,810,47,Netbanking,Delivered,50
1999,396,426,2023-01-10,19:30:00,510,73,Cash on Delivery,Delivered,25
2000,1773,280,2022-10-28,16:00:00,900,84,Cash on Delivery,Delivered,25
2001,736,244,2023-11-24,16:30:00,1120,76,Debit Card,Delivered,0
2002,1589,357,2023-08-05,18:15:00,350,50,Wallet,Delivered,50
2003,1369,287,2022-07-07,13:30:00,830,86,UPI,Delivered,0
2004,1128,240,2022-10-08,17:45:00,1180,56,Cash on Delivery,Delivered,0
2005,912,482,2022-03-10,23:15:00,1180,87,Cash on Delivery,Delivered,25
2006,1790,292,2023-11-15,12:00:00,1160,56,Debit Card,Delivered,75
2007,1440,16,2022-06-29,16:15:00,730,38,Debit Card,Cancelled,100
2008,834,170,2022-11-22,11:15:00,400,34,UPI,Delivered,0
2009,1828,37,2023-10-01,23:45:00,670,26,Wallet,Delivered,50
2010,875,162,2023-03-24,22:00:00,490,72,Cash on Delivery,Cancelled,0
2011,1639,393,2023-04-20,23:30:00,810,24,Debit Card,Delivered,75
2012,1776,85,2022-05-17,15:30:00,900,53,Credit Card,Returned,75
2013,1348,479,2022-04-28,12:00:00,710,68,Credit Card,Delivered,0
2014,1635,453,2023-05-28,11:30:00,970,26,Netbanking,Delivered,50
2015,106,17,2023-04-03,20:15:00,710,82,Credit Card,Delivered,50
2016,370,118,2023-11-10,23:15:00,210,28,Cash on Delivery,Delivered,25
2017,1189,416,2023-08-25,18:30:00,690,85,Cash on Delivery,Delivered,50
2018,1057,417,2023-06-07,16:15:00,1440,54,Cash on Delivery,Delivered,0
2019,1845,332,2022-09-23,19:30:00,580,58,Debit Card,Delivered,50
2020,1110,315,2023-01-24,10:30:00,80,71,Cash on Delivery,In Transit,50
2021,407,499,2023-03-12,15:45:00,480,57,Credit Card,Delivered,0
2022,549,389,2023-06-27,20:00:00,810,55,Netbanking,Delivered,0
2023,940,157,2023-12-03,10:15:00,270,30,UPI,Delivered,0
2024,1344,50,2022-08-04,10:30:00,480,69,Debit Card,Delivered,100
2025,222,367,2022-01-02,17:45:00,910,88,Cash on Delivery,Cancelled,0
2026,159,315,2022-06-30,16:00:00,230,40,Cash on Delivery,Returned,0
2027,588,390,2022-09-20,14:15:00,890,88,UPI,Delivered,100
2028,127,419,2023-07-12,13:45:00,830,65,Wallet,Cancelled,25
2029,1964,456,2023-07-05,16:30:00,1120,42,Debit Card,Delivered,50
2030,1966,314,2022-04-06,11:15:00,1110,37,Debit Card,Delivered,0
2031,1930,257,2023-12-07,18:00:00,650,46,Debit Card,Delivered,0
2032,262,473,2022-03-01,19:15:00,800,78,Debit Card,Delivered,0
2033,1839,365,2023-11-01,13:00:00,740,76,Debit Card,Delivered,100
2034,1546,356,2022-05-14,22:30:00,960,58,Debit Card,Delivered,50
2035,1486,411,2023-01-16,11:00:00,1120,85,Netbanking,Delivered,0
2036,394,439,2022-05-19,12:45:00,880,68,Debit Card,Delivered,0
2037,1718,96,2022-07-08,12:15:00,870,34,Netbanking,Delivered,100
2038,899,417,2023-05-16,16:30:00,450,51,Netbanking,Delivered,25
2039,86,194,2023-07-31,23:30:00,1150,71,Credit Card,Delivered,75
2040,1356,365,2022-07-13,12:00:00,530,62,UPI,Delivered,100
2041,248,452,2022-07-03,15:15:00,1150,36,Credit Card,Returned,75
2042,342,22,2022-02-20,10:30:00,730,87,Cash on Delivery,Delivered,25
2043,146,435,2023-07-04,17:30:00,1250,43,Netbanking,Delivered,50
2044,1477,52,2023-08-05,16:30:00,310,25,UPI,Delivered,75
2045,826,264,2023-04-22,10:15:00,530,45,Debit Card,Delivered,0
2046,315,353,2022-05-10,10:30:00,1080,79,Credit Card,Delivered,100
2047,1859,141,2023-09-16,20:30:00,250,52,Cash on Delivery,Delivered,0
2048,782,275,2023-09-21,21:30:00,1030,35,UPI,Delivered,0
2049,11,479,2023-03-31,18:30:00,430,53,Cash on Delivery,Delivered,75
2050,200,9,2022-05-31,20:15:00,790,61,Credit Card,Cancelled,25
2051,876,400,2022-08-29,11:30:00,490,54,Debit Card,Delivered,0
2052,965,253,2022-03-22,10:00:00,850,25,UPI,Delivered,0
2053,1226,45,2022-06-16,22:15:00,130,54,Netbanking,Delivered,0
2054,1282,489,2022-10-20,19:45:00,630,27,Credit Card,Delivered,0
2055,1965,164,2023-10-27,15:45:00,980,22,Debit Card,Delivered,25
2056,673,51,2023-07-19,17:00:00,480,37,Wallet,In Transit,75
2057,1101,144,2022-01-17,20:00:00,900,33,Credit Card,Delivered,50
2058,752,367,2022-06-14,15:45:00,630,71,UPI,Delivered,0
2059,963,442,2022-02-18,16:00:00,1150,74,Debit Card,Delivered,0
2060,1618,371,2023-10-05,16:15:00,1300,24,Wallet,Delivered,75
2061,985,240,2022-11-04,19:45:00,880,34,UPI,Delivered,50
2062,1986,185,2023-07-18,21:00:00,1480,36,Cash on Delivery,Cancelled,0
2063,1030,221,2022-01-23,13:45:00,930,83,Credit Card,Delivered,0
2064,1962,135,2023-06-13,17:30:00,450,71,Wallet,Delivered,25
2065,1118,222,2023-08-29,20:15:00,440,68,Credit Card,In Transit,0
2066,853,415,2022-02-25,23:30:00,460,21,Netbanking,Delivered,0
2067,1360,360,2023-09-24,23:00:00,910,32,Netbanking,Delivered,50
2068,713,432,2022-03-29,12:45:00,250,43,Cash on Delivery,Delivered,50
2069,1605,108,2023-05-29,11:45:00,700,30,Wallet,In Transit,25
2070,177,461,2022-10-19,17:15:00,1010,25,Cash on Delivery,Delivered,0
2071,1021,160,2023-10-04,20:00:00,830,28,UPI,Delivered,100
2072,128,15,2022-09-02,20:15:00,210,27,Wallet,Cancelled,0
2073,566,423,2022-03-23,13:15:00,250,31,UPI,Delivered,0
2074,1353,326,2023-04-23,14:30:00,110,82,Credit Card,In Transit,75
2075,919,364,2023-03-13,21:15:00,850,32,Credit Card,Delivered,25
2076,1934,169,2022-10-26,21:00:00,920,85,Netbanking,Delivered,0
2077,1429,345,2022-08-17,23:45:00,310,86,Debit Card,In Transit,25
2078,249,291,2023-01-22,19:00:00,1010,71,Cash on Delivery,Delivered,75
2079,1733,294,2023-11-22,18:45:00,500,23,Wallet,Delivered,100
2080,772,182,2023-09-04,15:45:00,990,77,Cash on Delivery,Delivered,25
2081,988,110,2022-11-22,16:15:00,450,24,Credit Card,Delivered,75
2082,1498,128,2023-04-24,20:15:00,820,56,Cash on Delivery,Delivered,25
2083,1152,257,2023-10-23,15:30:00,1510,89,Cash on Delivery,In Transit,0
2084,1524,381,2022-05-19,10:30:00,710,28,Netbanking,Delivered,100
2085,899,349,2022-06-18,23:30:00,400,40,Debit Card,Delivered,100
2086,1540,446,2023-05-26,21:00:00,1050,24,Wallet,Delivered,75
2087,1232,402,2022-07-12,14:15:00,150,30,Debit Card,Delivered,0
2088,1280,41,2023-07-09,11:45:00,1090,70,Credit Card,Delivered,0
2089,1249,271,2023-03-09,21:00:00,910,67,Netbanking,Cancelled,0
2090,214,214,2023-04-12,18:45:00,750,42,Credit Card,Delivered,50
2091,1362,253,2022-05-27,23:45:00,210,32,Cash on Delivery,Delivered,25
2092,127,33,2022-05-02,14:30:00,200,79,Wallet,Delivered,50
2093,1173,411,2022-03-22,18:00:00,850,86,Credit Card,Cancelled,0
2094,162,125,2022-02-03,14:45:00,150,60,UPI,Delivered,100
2095,1892,325,2022-10-30,17:30:00,480,31,UPI,In Transit,0
2096,835,428,2022-07-07,15:30:00,850,51,Netbanking,Cancelled,0
2097,850,407,2023-02-20,13:45:00,780,44,Credit Card,Delivered,0
2098,1050,211,2022-02-25,14:15:00,920,77,Debit Card,In Transit,0
2099,1842,412,2023-02-28,14:45:00,530,66,UPI,Delivered,100
2100,805,334,2022-08-01,22:30:00,1270,53,Credit Card,Delivered,0
2101,1942,439,2023-12-03,10:00:00,1000,60,Wallet,Delivered,0
2102,403,494,2022-02-10,19:15:00,1040,68,Netbanking,In Transit,75
2103,528,327,2022-03-29,19:00:00,1570,26,Credit Card,Delivered,25
2104,1569,489,2023-12-30,18:00:00,960,23,Netbanking,Delivered,100
2105,325,332,2023-09-13,23:15:00,500,32,Credit Card,Returned,50
2106,1385,377,2022-11-22,18:45:00,530,48,Debit Card,Delivered,25
2107,1530,403,2023-12-27,21:00:00,480,57,Credit Card,Returned,50
2108,1576,381,2022-06-27,11:15:00,570,50,Wallet,Delivered,50
2109,349,138,2023-05-21,20:45:00,630,77,UPI,Delivered,25
2110,1271,415,2022-05-25,21:30:00,150,39,Netbanking,Delivered,0
2111,510,375,2023-01-18,12:45:00,370,51,Wallet,Delivered,0
2112,1472,160,2023-08-12,22:45:00,780,52,Wallet,Delivered,25
2113,185,388,2023-07-04,16:15:00,520,36,UPI,Delivered,25
2114,399,193,2022-08-06,20:30:00,300,86,Wallet,Delivered,100
2115,1427,492,2022-05-22,16:15:00,1430,52,Cash on Delivery,Delivered,100
2116,1140,372,2022-06-12,14:30:00,200,63,Credit Card,Delivered,50
2117,1594,249,2022-09-22,11:45:00,1140,79,Cash on Delivery,Delivered,0
2118,440,140,2023-08-24,10:45:00,580,58,Wallet,Delivered,0
2119,374,387,2023-10-10,23:30:00,740,36,Wallet,Delivered,50
2120,1546,119,2022-11-23,20:45:00,960,20,Cash on Delivery,Delivered,0
2121,1889,415,2022-11-26,16:45:00,1030,77,Credit Card,Delivered,0
2122,1622,366,2022-06-27,13:45:00,170,43,Cash on Delivery,Delivered,0
2123,531,314,2023-06-15,12:45:00,800,52,UPI,Delivered,0
2124,353,474,2023-07-17,23:00:00,550,37,Netbanking,Delivered,0
2125,44,371,2022-02-06,20:00:00,810,36,UPI,Delivered,75
2126,1441,411,2023-11-27,11:15:00,970,53,UPI,Delivered,75
2127,322,251,2022-06-21,10:15:00,280,60,Credit Card,Delivered,25
2128,1225,288,2022-12-07,12:45:00,750,52,UPI,In Transit,0
2129,365,431,2023-10-27,10:00:00,700,79,Credit Card,Delivered,25
2130,1582,274,2022-12-22,18:30:00,100,26,Credit Card,In Transit,0
2131,781,7,2023-07-09,15:00:00,950,61,Credit Card,Delivered,0
2132,1324,441,2023-08-15,11:45:00,1370,55,UPI,In Transit,0
2133,1194,460,2022-10-30,13:45:00,500,84,Credit Card,Delivered,75
2134,705,315,2022-11-20,18:15:00,230,74,Debit Card,Delivered,100
2135,470,358,2023-10-06,14:15:00,670,82,Wallet,Delivered,100
2136,1162,354,2022-03-25,23:45:00,660,58,UPI,Delivered,0
2137,958,46,2023-01-11,23:15:00,180,44,Debit Card,Delivered,50
2138,305,59,2023-10-09,18:45:00,1290,31,Cash on Delivery,Delivered,0
2139,1676,476,2023-07-09,11:00:00,230,79,Debit Card,Delivered,0
2140,299,440,2023-09-19,11:15:00,190,52,Wallet,Delivered,75
2141,792,167,2023-02-08,18:00:00,520,69,Debit Card,Delivered,0
2142,181,112,2023-08-04,11:00:00,870,89,UPI,Delivered,25
2143,508,285,2022-08-29,22:30:00,590,40,Netbanking,Delivered,100
2144,1504,161,2023-10-20,20:30:00,300,82,Debit Card,Delivered,0
2145,922,307,2022-09-02,22:00:00,540,71,Wallet,Delivered,0
2146,553,188,2022-10-18,10:00:00,1000,54,UPI,Delivered,0
2147,853,301,2023-09-10,13:15:00,870,88,UPI,Delivered,25
2148,964,302,2022-01-18,17:30:00,200,50,UPI,Delivered,0
2149,1155,420,2022-10-12,10:45:00,550,22,Cash on Delivery,Delivered,0
2150,118,295,2023-01-14,22:30:00,270,32,Netbanking,Delivered,0
2151,1700,430,2022-12-03,14:30:00,350,47,Debit Card,Delivered,75
2152,732,365,2023-06-22,21:45:00,550,66,Cash on Delivery,Cancelled,75
2153,1469,171,2023-06-07,22:45:00,630,33,Netbanking,Delivered,50
2154,1053,375,2023-10-05,21:15:00,330,68,Credit Card,Returned,0
2155,166,307,2023-04-21,21:15:00,750,74,Debit Card,Delivered,0
2156,1880,272,2022-06-19,11:30:00,450,76,UPI,Delivered,50
2157,61,231,2023-04-25,22:00:00,1020,75,UPI,Delivered,0
2158,1782,338,2022-11-20,15:30:00,700,83,Debit Card,Delivered,100
2159,717,280,2022-03-07,19:00:00,900,52,UPI,Delivered,100
2160,1351,361,2023-10-23,19:45:00,540,58,Credit Card,Delivered,75
2161,1523,473,2022-09-10,19:45:00,560,90,Wallet,In Transit,0
2162,1627,299,2023-02-04,21:15:00,250,71,Debit Card,Delivered,75
2163,610,94,2022-11-25,17:00:00,120,81,Cash on Delivery,Delivered,0
2164,1605,286,2022-10-12,22:45:00,280,67,Cash on Delivery,Delivered,50
2165,479,224,2023-06-08,19:15:00,500,26,Credit Card,Cancelled,25
2166,246,392,2022-07-04,17:45:00,1360,73,Credit Card,Delivered,100
2167,854,176,2023-03-22,20:30:00,1180,32,Credit Card,Delivered,100
2168,927,472,2022-08-07,23:15:00,110,45,Wallet,Delivered,75
2169,1858,30,2023-12-02,23:45:00,340,48,Cash on Delivery,Delivered,75
2170,633,9,2022-04-26,14:15:00,1210,29,Debit Card,Delivered,100
2171,850,91,2023-07-10,14:15:00,860,50,UPI,Delivered,0
2172,308,421,2023-01-23,19:15:00,1350,69,Wallet,Delivered,0
2173,425,68,2023-04-23,12:00:00,450,20,Wallet,Delivered,100
2174,1839,450,2022-05-18,11:15:00,830,67,Wallet,Delivered,0
2175,595,8,2023-08-31,21:30:00,250,58,Wallet,Delivered,0
2176,1808,243,2022-12-19,23:00:00,1070,45,UPI,Delivered,25
2177,252,384,2023-01-11,11:45:00,690,81,Debit Card,Delivered,25
2178,706,442,2022-05-14,12:15:00,500,43,Credit Card,Delivered,25
2179,188,207,2023-12-12,22:45:00,820,65,Wallet,In Transit,75
2180,328,470,2022-11-21,19:15:00,500,37,Cash on Delivery,Returned,100
2181,1730,5,2023-04-28,12:00:00,620,74,Wallet,Delivered,75
2182,1431,404,2023-12-12,11:00:00,500,51,Netbanking,Delivered,100
2183,235,16,2022-07-10,15:45:00,1100,25,Cash on Delivery,Delivered,50
2184,1661,206,2022-08-04,12:15:00,700,80,Cash on Delivery,Delivered,100
2185,1446,399,2022-06-20,12:30:00,520,63,Debit Card,Delivered,50
2186,1114,279,2023-09-05,17:45:00,150,75,Debit Card,Delivered,0
2187,437,293,2022-09-20,11:15:00,730,74,Wallet,Delivered,100
2188,606,176,2023-08-19,16:00:00,790,28,Wallet,In Transit,50
2189,544,348,2022-08-07,20:30:00,810,54,Debit Card,Delivered,25
2190,1616,412,2023-11-12,22:30:00,960,70,Debit Card,Delivered,0
2191,165,359,2022-05-24,16:00:00,850,31,Cash on Delivery,Delivered,0
2192,450,104,2023-07-02,22:30:00,430,36,Wallet,Delivered,25
2193,237,483,2022-09-28,20:15:00,740,66,Debit Card,Delivered,75
2194,1170,399,2022-06-26,22:45:00,170,21,Cash on Delivery,Cancelled,75
2195,1763,342,2023-07-30,19:15:00,330,23,Debit Card,Delivered,25
2196,1146,203,2022-08-06,11:15:00,390,34,Netbanking,Cancelled,0
2197,1059,479,2022-11-25,19:30:00,180,21,Netbanking,Delivered,75
2198,1924,165,2023-06-06,20:00:00,630,35,Debit Card,Delivered,25
2199,273,236,2023-04-26,20:45:00,1000,70,Wallet,In Transit,0
2200,635,118,2023-01-07,15:00:00,340,72,Wallet,Cancelled,100
2201,1760,138,2022-10-31,13:15:00,540,53,Netbanking,Delivered,0
2202,659,167,2023-11-03,19:30:00,770,38,Netbanking,Delivered,0
2203,419,41,2022-02-27,19:15:00,630,90,UPI,Delivered,50
2204,1437,78,2022-11-13,16:45:00,460,28,Netbanking,Cancelled,25
2205,94,420,2023-01-23,10:00:00,1360,72,Wallet,Delivered,0
2206,1226,484,2022-07-09,19:30:00,1430,66,Netbanking,Delivered,0
2207,1497,60,2022-12-07,12:30:00,440,44,Credit Card,Delivered,0
2208,1403,102,2023-04-22,20:30:00,1160,27,Cash on Delivery,Delivered,0
2209,595,12,2022-07-07,21:30:00,530,35,Debit Card,Delivered,100
2210,1430,253,2022-11-24,16:30:00,770,49,Debit Card,Delivered,0
2211,2,79,2023-06-20,10:45:00,920,46,Credit Card,Delivered,0
2212,1148,258,2023-06-29,18:00:00,900,72,UPI,Cancelled,0
2213,820,324,2022-11-16,12:15:00,890,45,Wallet,Delivered,25
2214,212,486,2023-10-31,20:15:00,740,76,Cash on Delivery,Delivered,0
2215,1445,72,2022-02-24,14:00:00,140,43,Cash on Delivery,Delivered,50
2216,1257,117,2022-09-26,11:30:00,550,85,Netbanking,Delivered,0
2217,1518,184,2023-10-11,22:30:00,630,25,Cash on Delivery,Delivered,0
2218,534,4,2022-11-28,23:15:00,860,71,Credit Card,Delivered,50
2219,235,479,2023-02-12,20:00:00,520,90,Debit Card,Delivered,75
2220,979,434,2023-04-28,15:15:00,740,32,Netbanking,Delivered,0
2221,284,240,2022-12-11,14:45:00,1160,50,Wallet,Delivered,25
2222,1564,493,2023-12-02,14:15:00,1160,76,Cash on Delivery,Delivered,0
2223,1338,362,2023-06-15,15:15:00,230,67,Debit Card,Delivered,0
2224,1855,254,2022-11-05,15:45:00,230,82,Wallet,Delivered,0
2225,559,375,2022-01-11,10:15:00,370,35,Wallet,Cancelled,100
2226,1915,286,2023-08-09,10:00:00,590,28,UPI,Delivered,75
2227,265,24,2023-04-24,11:30:00,140,53,Wallet,Delivered,25
2228,1165,224,2022-05-13,10:15:00,220,44,Wallet,Delivered,0
2229,354,132,2022-01-09,21:45:00,1020,85,UPI,Returned,50
2230,370,237,2023-02-24,14:15:00,850,56,Wallet,Delivered,0
2231,1391,237,2023-10-02,23:30:00,500,33,Cash on Delivery,Delivered,25
2232,894,311,2023-08-09,22:15:00,650,78,Wallet,Delivered,0
2233,1475,478,2022-11-06,19:45:00,830,55,Debit Card,Delivered,100
2234,1822,24,2023-06-10,23:00:00,480,61,Credit Card,Delivered,50
2235,621,143,2023-06-14,12:45:00,200,45,Netbanking,Delivered,75
2236,1860,142,2023-09-06,17:30:00,500,27,UPI,Delivered,0
2237,481,459,2022-01-22,23:15:00,930,89,Credit Card,Delivered,75
2238,1060,76,2023-11-30,18:00:00,200,42,Cash on Delivery,Delivered,75
2239,987,375,2022-11-18,19:15:00,470,60,Credit Card,Delivered,0
2240,1951,88,2023-02-13,15:15:00,220,22,Credit Card,Delivered,75
2241,1836,77,2022-08-19,14:00:00,390,59,Cash on Delivery,Delivered,100
2242,119,265,2023-07-11,20:15:00,710,54,Wallet,Delivered,0
2243,440,352,2023-03-12,19:45:00,420,70,UPI,Delivered,0
2244,1042,363,2022-07-21,11:15:00,150,38,Wallet,In Transit,0
2245,914,480,2022-12-20,14:45:00,670,65,Credit Card,Cancelled,0
2246,980,15,2022-09-27,12:30:00,130,52,Netbanking,Delivered,75
2247,1762,232,2022-09-17,15:00:00,1000,85,Netbanking,Cancelled,0
2248,1605,225,2023-02-14,22:15:00,800,20,UPI,Cancelled,75
2249,1948,233,2023-01-08,18:45:00,1170,84,Cash on Delivery,Delivered,0
2250,1490,376,2022-12-07,17:00:00,730,48,Credit Card,Delivered,0
2251,1094,371,2023-09-01,17:45:00,980,57,UPI,Delivered,50
2252,346,238,2023-04-18,18:00:00,300,71,Netbanking,Delivered,100
2253,1257,181,2023-04-11,23:45:00,680,61,Wallet,Delivered,0
2254,1840,499,2022-03-07,20:30:00,600,34,Debit Card,Delivered,75
2255,802,233,2022-02-14,14:30:00,850,73,Debit Card,Delivered,75
2256,1239,405,2023-12-19,17:00:00,200,71,Credit Card,Delivered,0
2257,1660,85,2022-01-10,11:45:00,910,47,UPI,Delivered,100
2258,656,362,2022-08-24,10:15:00,930,85,Debit Card,In Transit,0
2259,422,54,2022-04-22,19:30:00,360,39,Wallet,In Transit,0
2260,1628,397,2023-09-24,15:45:00,450,89,Credit Card,Delivered,0
2261,1422,91,2023-06-19,21:45:00,450,50,Credit Card,In Transit,100
2262,1184,49,2022-02-01,23:45:00,280,55,Netbanking,Returned,25
2263,1866,101,2023-02-01,22:30:00,280,28,Netbanking,In Transit,25
2264,983,21,2022-09-20,19:00:00,1050,54,UPI,Cancelled,50
2265,719,42,2022-09-27,12:30:00,240,41,Debit Card,Delivered,25
2266,469,8,2023-06-23,18:30:00,300,83,Credit Card,Delivered,100
2267,460,9,2022-07-04,23:30:00,250,82,Credit Card,Delivered,0
2268,1408,177,2022-03-12,13:30:00,880,35,UPI,Delivered,75
2269,791,197,2023-04-19,22:45:00,500,76,Credit Card,Delivered,25
2270,903,239,2023-02-22,21:30:00,140,23,Cash on Delivery,Delivered,75
2271,679,327,2022-09-23,22:45:00,1500,88,UPI,Returned,25
2272,1424,149,2023-05-25,16:00:00,1430,81,Debit Card,Delivered,0
2273,1549,424,2022-03-29,17:45:00,400,21,Netbanking,Delivered,0
2274,1993,450,2023-02-23,14:00:00,110,46,Netbanking,Delivered,50
2275,993,348,2022-07-10,18:00:00,310,60,Netbanking,Delivered,0
2276,473,320,2023-10-27,14:30:00,760,57,Wallet,Cancelled,0
2277,1575,145,2022-10-25,23:45:00,1330,56,UPI,Delivered,25
2278,639,13,2022-05-09,16:00:00,780,20,Credit Card,Delivered,25
2279,879,312,2022-03-29,21:15:00,520,36,UPI,Delivered,50
2280,1009,266,2022-06-30,16:15:00,950,30,Debit Card,In Transit,100
2281,1873,494,2023-05-05,16:15:00,450,29,Credit Card,Delivered,75
2282,665,388,2022-07-16,22:30:00,150,60,Debit Card,Delivered,0
2283,998,345,2022-01-29,15:15:00,670,32,UPI,Cancelled,0
2284,544,126,2023-07-08,20:00:00,450,40,Credit Card,Delivered,0
2285,987,469,2022-01-27,17:15:00,910,44,Netbanking,Returned,75
2286,546,26,2022-08-07,20:30:00,420,82,Netbanking,Delivered,0
2287,621,378,2023-07-31,23:30:00,330,32,UPI,Delivered,50
2288,315,2,2022-09-13,19:30:00,440,85,UPI,Delivered,0
2289,1918,207,2022-02-25,17:30:00,730,32,Credit Card,Delivered,50
2290,928,363,2022-02-18,15:15:00,790,36,Wallet,In Transit,100
2291,241,339,2022-06-22,14:30:00,650,67,Debit Card,Delivered,75
2292,25,127,2023-07-13,22:45:00,260,36,Cash on Delivery,Delivered,25
2293,305,122,2023-03-31,16:15:00,780,60,Netbanking,In Transit,0
2294,821,219,2022-01-14,17:15:00,440,24,Credit Card,Delivered,50
2295,1972,371,2022-10-08,16:00:00,400,88,Debit Card,Delivered,75
2296,1368,395,2023-09-02,19:30:00,930,30,Cash on Delivery,In Transit,0
2297,40,341,2022-03-14,22:15:00,690,54,Netbanking,Delivered,0
2298,1715,168,2023-01-01,17:30:00,1250,28,Netbanking,Delivered,75
2299,832,97,2023-07-06,10:45:00,1290,52,UPI,Delivered,75
2300,1937,407,2023-05-14,11:45:00,730,67,Credit Card,Delivered,25
2301,1904,446,2022-12-01,20:00:00,240,70,Debit Card,Delivered,25
2302,1398,303,2023-06-25,19:45:00,870,88,Debit Card,Delivered,0
2303,1036,417,2023-07-06,16:45:00,1100,85,Netbanking,Cancelled,75
2304,89,320,2022-10-20,13:15:00,1550,58,UPI,Delivered,25
2305,1312,232,2023-05-04,10:30:00,640,79,Wallet,Delivered,0
2306,1131,370,2023-03-01,21:15:00,790,56,Credit Card,Delivered,100
2307,956,362,2023-03-13,17:00:00,600,66,UPI,Delivered,75
2308,706,419,2023-01-12,22:15:00,1370,36,UPI,Delivered,0
2309,1144,167,2022-10-12,20:45:00,790,72,Wallet,Delivered,0
2310,1156,399,2022-12-09,18:15:00,350,62,Netbanking,Delivered,50
2311,413,372,2022-09-27,15:30:00,750,51,Netbanking,Delivered,0
2312,1907,296,2022-01-09,15:15:00,680,70,Debit Card,Delivered,25
2313,1251,230,2022-01-22,11:00:00,180,39,UPI,Cancelled,0
2314,421,459,2022-04-03,18:45:00,400,79,Debit Card,Delivered,0
2315,1422,320,2023-05-22,15:00:00,530,82,Credit Card,Delivered,100
2316,1500,312,2022-03-29,19:00:00,1100,39,Debit Card,Delivered,0
2317,755,104,2023-08-30,21:45:00,700,79,UPI,Cancelled,25
2318,343,148,2023-06-28,20:00:00,490,23,Cash on Delivery,Delivered,75
2319,92,60,2023-07-07,18:45:00,1000,48,Debit Card,Delivered,50
2320,240,250,2022-05-16,23:30:00,900,46,Wallet,Delivered,0
2321,559,307,2022-03-15,20:15:00,990,23,Cash on Delivery,Cancelled,0
2322,215,153,2023-07-29,18:15:00,240,72,Credit Card,Delivered,50
2323,1471,233,2022-02-02,14:45:00,500,40,Credit Card,Cancelled,0
2324,751,472,2022-03-09,20:30:00,790,30,Credit Card,Delivered,0
2325,392,454,2022-03-27,19:45:00,500,69,UPI,Delivered,0
2326,1622,494,2022-09-24,11:00:00,1200,60,Credit Card,Delivered,0
2327,1311,390,2022-03-16,20:45:00,580,51,UPI,Cancelled,100
2328,590,483,2022-01-07,18:45:00,700,24,Netbanking,Delivered,25
2329,725,74,2023-06-23,15:30:00,500,56,Credit Card,Delivered,0
2330,1388,483,2022-06-19,20:30:00,540,27,Debit Card,Returned,0
2331,1652,49,2022-08-08,21:45:00,870,38,Netbanking,Delivered,100
2332,68,239,2022-09-15,12:15:00,150,86,Debit Card,Delivered,100
2333,1075,494,2022-03-26,20:15:00,690,79,UPI,Cancelled,0
2334,952,248,2023-06-18,20:45:00,320,45,Cash on Delivery,Delivered,0
2335,947,449,2022-08-07,23:30:00,640,89,Credit Card,Delivered,50
2336,480,80,2022-08-02,17:15:00,1140,58,Wallet,Delivered,75
2337,1516,71,2022-09-24,17:30:00,580,72,UPI,Delivered,0
2338,1086,29,2023-12-13,19:45:00,720,41,UPI,Delivered,100
2339,90,417,2022-10-10,10:30:00,220,54,UPI,Delivered,50
2340,1105,28,2023-12-15,18:45:00,630,22,Cash on Delivery,Delivered,50
2341,598,342,2022-06-16,17:45:00,1160,64,Cash on Delivery,Delivered,50
2342,721,240,2022-05-25,15:00:00,900,42,UPI,Delivered,50
2343,431,75,2023-09-17,12:15:00,790,55,UPI,Delivered,25
2344,790,30,2022-10-09,21:30:00,800,90,Credit Card,Delivered,75
2345,45,375,2023-05-26,11:15:00,470,77,Debit Card,Delivered,0
2346,594,302,2023-01-20,11:45:00,510,38,Debit Card,Delivered,75
2347,720,105,2023-05-10,13:00:00,740,79,Wallet,Delivered,25
2348,656,500,2022-12-31,20:45:00,1350,58,Netbanking,In Transit,50
2349,139,177,2023-06-07,11:30:00,1330,61,Wallet,Returned,100
2350,1386,356,2023-02-24,17:30:00,830,34,UPI,Delivered,0
2351,811,41,2023-01-08,14:00:00,220,32,Netbanking,Delivered,50
2352,823,408,2022-03-07,18:45:00,800,82,Credit Card,Delivered,50
2353,935,463,2023-03-01,11:30:00,310,84,Cash on Delivery,Delivered,0
2354,1328,448,2023-01-19,16:45:00,670,28,Cash on Delivery,Delivered,50
2355,22,176,2023-07-19,22:00:00,1050,36,Netbanking,Delivered,100
2356,1814,153,2022-06-27,10:45:00,1010,83,Credit Card,Delivered,0
2357,697,487,2022-09-03,13:30:00,1090,24,Netbanking,Cancelled,50
2358,1155,391,2023-12-31,13:00:00,550,52,Cash on Delivery,Returned,0
2359,1588,484,2023-02-09,11:00:00,490,46,Netbanking,Delivered,75
2360,792,391,2022-12-25,14:30:00,780,22,Debit Card,Delivered,50
2361,389,56,2022-06-02,17:00:00,300,65,Netbanking,Delivered,50
2362,1024,99,2022-12-17,17:45:00,780,55,Debit Card,Delivered,100
2363,1813,248,2023-12-10,14:15:00,230,36,Cash on Delivery,Delivered,50
2364,1414,57,2022-08-28,10:45:00,310,56,Credit Card,Delivered,100
2365,47,420,2022-12-04,12:15:00,1370,88,Credit Card,Delivered,25
2366,1475,248,2023-03-10,12:30:00,680,75,Credit Card,Cancelled,25
2367,1210,99,2023-12-31,17:30:00,680,24,Wallet,Delivered,0
2368,134,376,2022-01-16,14:30:00,250,73,Credit Card,Delivered,100
2369,1488,251,2022-06-21,21:30:00,240,62,Debit Card,Delivered,0
2370,1662,118,2023-08-03,14:45:00,1050,78,Netbanking,Delivered,50
2371,1979,261,2022-08-15,12:45:00,380,63,Cash on Delivery,Delivered,0
2372,1334,203,2023-06-15,11:15:00,230,52,Cash on Delivery,Delivered,0
2373,696,271,2022-03-26,10:00:00,1360,40,Wallet,Returned,0
2374,26,325,2022-05-17,20:45:00,440,26,Wallet,Delivered,0
2375,1133,155,2022-02-25,20:45:00,720,36,Credit Card,Delivered,50
2376,407,207,2023-02-21,21:30:00,1050,63,Netbanking,Delivered,0
2377,1241,296,2023-12-28,15:30:00,940,59,Credit Card,Delivered,75
2378,331,306,2023-08-19,12:15:00,1060,59,UPI,Cancelled,50
2379,1326,279,2022-09-07,18:00:00,780,58,Netbanking,Delivered,0
2380,200,174,2022-10-30,22:30:00,800,79,Wallet,Delivered,0
2381,1366,294,2022-02-02,14:45:00,190,74,Cash on Delivery,Delivered,0
2382,196,93,2022-08-20,18:15:00,1020,64,Debit Card,Delivered,0
2383,847,85,2023-03-09,21:15:00,840,62,Credit Card,Delivered,75
2384,1952,454,2023-05-14,19:45:00,380,71,Cash on Delivery,Delivered,25
2385,1515,420,2022-10-07,13:30:00,1330,90,Debit Card,Delivered,0
2386,640,196,2023-01-16,11:30:00,1130,41,Wallet,Cancelled,50
2387,459,474,2022-03-28,21:45:00,1000,30,Cash on Delivery,Delivered,75
2388,541,454,2022-07-24,11:00:00,870,36,UPI,Delivered,25
2389,1264,130,2023-11-17,22:45:00,520,30,Wallet,Delivered,0
2390,1462,59,2022-10-02,14:00:00,550,22,Netbanking,Delivered,0
2391,1194,413,2022-05-06,16:00:00,820,81,Debit Card,Delivered,0
2392,291,458,2022-06-21,15:15:00,870,41,Wallet,Delivered,25
2393,62,287,2022-12-20,13:00:00,230,77,Netbanking,Delivered,50
2394,239,19,2022-09-19,22:00:00,430,71,Credit Card,Delivered,50
2395,1284,184,2022-08-22,10:00:00,610,32,UPI,Delivered,50
2396,891,224,2023-09-06,15:30:00,1050,22,Wallet,Returned,0
2397,1701,428,2023-01-04,18:45:00,1530,84,Cash on Delivery,Delivered,50
2398,1358,41,2022-06-29,14:45:00,1500,30,UPI,Delivered,0
2399,1234,459,2022-05-30,15:15:00,480,79,Cash on Delivery,Delivered,0
2400,1459,494,2022-09-09,18:45:00,550,86,UPI,Delivered,75
2401,657,241,2022-06-15,21:30:00,150,84,Debit Card,Delivered,50
2402,1010,494,2023-08-06,11:30:00,150,75,Cash on Delivery,Delivered,50
2403,1250,144,2023-02-19,22:45:00,240,25,Netbanking,Delivered,0
2404,1135,471,2022-08-25,17:30:00,1010,37,Credit Card,Delivered,50
2405,429,22,2022-05-09,13:45:00,390,68,UPI,Delivered,75
2406,761,370,2023-07-02,18:00:00,1180,45,Wallet,Delivered,0
2407,926,41,2023-04-13,22:00:00,1400,56,Wallet,Returned,0
2408,81,129,2023-03-21,16:15:00,670,69,Cash on Delivery,Delivered,0
2409,1998,362,2023-11-07,13:00:00,180,37,Debit Card,In Transit,100
2410,375,50,2023-09-01,10:30:00,170,90,Wallet,Cancelled,50
2411,914,289,2022-06-28,22:45:00,180,49,Wallet,Delivered,50
2412,1663,478,2023-12-27,11:15:00,450,64,Netbanking,Delivered,0
2413,1208,427,2022-03-11,10:30:00,200,49,Debit Card,Delivered,25
2414,1808,137,2022-02-20,19:00:00,490,80,UPI,Delivered,0
2415,1237,80,2022-11-16,12:45:00,550,50,Netbanking,Delivered,0
2416,180,123,2023-12-03,18:15:00,300,47,Credit Card,In Transit,25
2417,1536,234,2022-03-05,16:00:00,740,56,Netbanking,Delivered,0
2418,1813,187,2023-10-23,21:30:00,790,29,Wallet,Delivered,0
2419,1636,487,2023-09-28,19:30:00,250,82,Wallet,Delivered,75
2420,1071,298,2022-02-09,10:45:00,400,86,Credit Card,Delivered,0
2421,303,373,2023-03-27,10:00:00,690,86,Netbanking,Delivered,100
2422,633,137,2022-11-11,15:15:00,230,54,Cash on Delivery,Delivered,0
2423,284,137,2023-07-17,17:00:00,550,53,Credit Card,Delivered,0
2424,1196,67,2023-01-19,19:00:00,240,76,UPI,In Transit,0
2425,1314,123,2022-01-29,14:15:00,1030,39,Debit Card,Returned,0
2426,660,311,2023-03-10,11:45:00,990,57,Cash on Delivery,Delivered,100
2427,885,427,2023-12-20,16:15:00,1070,43,Wallet,Delivered,100
2428,41,155,2023-01-11,10:00:00,520,89,Wallet,Delivered,0
2429,130,25,2022-12-19,16:30:00,130,42,UPI,Delivered,0
2430,981,212,2022-06-05,10:30:00,470,84,Netbanking,Delivered,25
2431,1929,13,2023-01-18,20:30:00,530,25,Wallet,Delivered,0
2432,973,384,2022-02-20,23:00:00,150,56,Netbanking,Delivered,100
2433,902,287,2022-06-19,14:00:00,1140,86,Credit Card,Cancelled,0
2434,1391,99,2022-03-03,17:00:00,680,47,UPI,Delivered,0
2435,489,423,2022-07-23,23:00:00,370,62,Cash on Delivery,Cancelled,0
2436,960,159,2022-02-24,23:15:00,400,85,Credit Card,In Transit,50
2437,806,437,2023-01-25,15:30:00,80,32,Credit Card,Delivered,100
2438,1461,156,2022-11-11,17:30:00,330,64,Wallet,Delivered,25
2439,1283,152,2022-10-06,10:30:00,730,22,Netbanking,Delivered,100
2440,167,257,2022-08-30,23:45:00,540,63,Credit Card,Delivered,50
2441,312,185,2023-09-19,20:30:00,320,28,Credit Card,Returned,25
2442,1915,101,2023-09-22,16:30:00,430,46,Debit Card,Delivered,25
2443,1589,283,2023-10-16,13:30:00,650,88,Cash on Delivery,Delivered,100
2444,1381,346,2022-03-08,22:30:00,670,47,Cash on Delivery,Cancelled,0
2445,156,280,2023-03-22,10:00:00,790,34,Wallet,Delivered,0
2446,84,374,2022-01-06,22:00:00,760,77,Wallet,Cancelled,75
2447,863,324,2023-07-30,23:45:00,250,48,Credit Card,Delivered,0
2448,1705,311,2022-08-15,22:45:00,1000,50,Debit Card,Cancelled,0
2449,209,254,2022-07-09,10:00:00,710,40,UPI,Delivered,0
2450,641,294,2023-07-07,15:00:00,490,30,Wallet,Delivered,0
2451,379,75,2023-10-23,18:30:00,780,82,Credit Card,Returned,0
2452,710,42,2022-11-15,14:15:00,170,43,Netbanking,Delivered,75
2453,1046,153,2023-12-28,17:45:00,230,55,Wallet,Cancelled,50
2454,1905,96,2023-09-25,15:00:00,610,39,Debit Card,Delivered,75
2455,1332,239,2022-12-30,13:00:00,140,44,Debit Card,Delivered,0
2456,513,320,2023-12-09,14:30:00,1330,69,Credit Card,Delivered,0
2457,1379,253,2022-05-27,10:00:00,460,22,Netbanking,Delivered,0
2458,1620,352,2022-03-13,10:45:00,200,34,Debit Card,Delivered,0
2459,1996,293,2022-08-09,21:30:00,720,52,Credit Card,Delivered,0
2460,684,110,2022-01-22,13:15:00,720,85,Netbanking,Delivered,75
2461,1093,286,2022-08-27,19:30:00,300,78,Wallet,Delivered,50
2462,1097,439,2022-05-27,16:15:00,150,82,Debit Card,Delivered,0
2463,603,73,2022-07-01,23:15:00,1130,26,Credit Card,Delivered,50
2464,457,392,2022-11-16,12:45:00,370,53,Wallet,Delivered,0
2465,59,82,2022-09-26,10:15:00,1100,66,Credit Card,Delivered,75
2466,1489,127,2023-06-01,21:00:00,150,65,Debit Card,Delivered,75
2467,1397,403,2023-11-07,12:45:00,310,86,Credit Card,Delivered,25
2468,1303,397,2023-11-04,11:00:00,630,55,Wallet,Delivered,0
2469,1694,445,2022-06-03,16:00:00,400,29,Credit Card,Delivered,0
2470,720,134,2022-11-26,23:45:00,1000,61,Credit Card,Delivered,0
2471,1291,282,2023-10-25,17:00:00,200,65,Netbanking,Delivered,0
2472,1531,231,2023-09-26,12:30:00,610,74,Wallet,Delivered,0
2473,1309,133,2023-06-09,17:30:00,80,43,Debit Card,Delivered,75
2474,927,141,2023-01-16,23:15:00,720,22,Credit Card,Delivered,25
2475,1704,354,2023-01-18,12:00:00,290,49,Debit Card,Delivered,25
2476,500,28,2022-01-22,22:45:00,1140,52,Credit Card,Delivered,0
2477,491,34,2023-01-03,17:30:00,170,60,Cash on Delivery,In Transit,0
2478,1399,150,2022-08-22,11:45:00,1000,61,UPI,In Transit,50
2479,507,153,2022-10-14,22:15:00,400,20,Debit Card,Delivered,50
2480,1416,449,2023-09-28,12:00:00,1030,63,Wallet,Cancelled,0
2481,597,77,2023-02-24,13:45:00,790,81,UPI,Delivered,50
2482,189,212,2023-12-20,17:30:00,1180,78,Netbanking,Delivered,0
2483,1662,35,2022-01-25,13:45:00,1030,55,Wallet,Delivered,100
2484,794,302,2023-02-13,14:15:00,1330,39,Netbanking,Delivered,25
2485,1349,464,2022-08-15,17:15:00,500,24,Credit Card,Delivered,75
2486,443,328,2022-07-29,13:15:00,200,66,UPI,Cancelled,0
2487,1032,487,2023-10-21,13:30:00,900,87,Wallet,Delivered,75
2488,240,476,2022-08-06,16:30:00,400,58,UPI,Delivered,0
2489,1271,151,2023-08-23,16:00:00,1530,49,Cash on Delivery,Cancelled,100
2490,843,443,2023-08-11,18:45:00,250,36,Credit Card,Delivered,75
2491,1652,452,2023-01-30,12:45:00,1070,49,Credit Card,Cancelled,25
2492,24,10,2023-10-29,13:15:00,780,55,Netbanking,Delivered,50
2493,105,51,2022-06-02,10:45:00,290,89,Netbanking,Delivered,0
2494,1019,248,2023-12-25,14:00:00,430,28,Credit Card,Delivered,50
2495,1313,2,2022-06-24,14:45:00,510,42,Cash on Delivery,Delivered,0
2496,1992,357,2023-07-30,12:45:00,1070,75,Debit Card,Delivered,25
2497,1668,27,2022-07-21,20:30:00,670,42,UPI,Delivered,50
2498,1184,365,2023-09-06,22:30:00,400,29,Netbanking,Delivered,50
2499,749,230,2023-08-05,10:45:00,1170,90,UPI,Returned,75
2500,1665,476,2023-09-28,23:45:00,450,37,Wallet,Delivered,0
2501,1652,73,2023-12-20,10:45:00,1040,74,Credit Card,Delivered,75
2502,235,372,2023-04-04,16:00:00,500,80,UPI,Delivered,0
2503,328,8,2023-12-07,12:15:00,310,75,Netbanking,Delivered,0
2504,280,128,2023-09-09,14:30:00,1400,59,Wallet,Delivered,75
2505,823,96,2022-06-23,23:00:00,120,66,Netbanking,Delivered,0
2506,217,41,2022-12-23,15:00:00,790,40,Cash on Delivery,Delivered,100
2507,798,164,2023-09-09,19:15:00,800,61,Cash on Delivery,Delivered,0
2508,1048,475,2023-11-11,11:30:00,1060,44,Wallet,Delivered,0
2509,1752,6,2023-06-26,19:00:00,750,57,Cash on Delivery,Delivered,50
2510,1179,374,2022-08-17,14:30:00,110,80,Netbanking,Delivered,0
2511,1014,50,2022-09-17,19:00:00,170,74,Cash on Delivery,Delivered,75
2512,1091,461,2023-09-06,22:45:00,1090,32,Cash on Delivery,Delivered,50
2513,1614,20,2023-12-11,19:30:00,520,84,Credit Card,Delivered,75
2514,1558,129,2022-08-24,22:45:00,620,79,Credit Card,Delivered,0
2515,1932,264,2022-04-03,23:15:00,290,52,Credit Card,Delivered,75
2516,1859,462,2022-05-07,22:15:00,1220,21,Credit Card,Cancelled,100
2517,289,478,2023-01-09,21:15:00,400,89,Credit Card,Delivered,0
2518,1151,249,2022-11-02,11:30:00,180,41,Cash on Delivery,In Transit,75
2519,579,204,2022-03-28,16:00:00,1040,52,Cash on Delivery,Delivered,0
2520,1771,45,2022-04-29,12:30:00,500,78,Cash on Delivery,Delivered,100
2521,1425,359,2022-12-02,10:30:00,1230,46,Cash on Delivery,Delivered,50
2522,555,64,2023-02-05,14:00:00,1380,82,Credit Card,Cancelled,100
2523,373,197,2022-02-26,22:15:00,590,90,Credit Card,In Transit,50
2524,1033,104,2022-05-29,13:45:00,150,29,UPI,Delivered,0
2525,1368,165,2022-01-17,14:15:00,130,83,UPI,Delivered,25
2526,286,258,2023-08-11,19:45:00,1200,67,Wallet,Cancelled,75
2527,299,275,2023-10-02,23:00:00,1100,50,Wallet,Delivered,0
2528,969,263,2023-02-06,23:00:00,940,32,Cash on Delivery,Delivered,50
2529,1720,458,2022-02-06,16:00:00,630,62,Debit Card,Delivered,25
2530,1658,201,2022-08-05,23:15:00,880,54,Netbanking,Delivered,0
2531,1295,275,2022-06-22,20:30:00,490,47,Wallet,Delivered,0
2532,520,231,2023-05-29,18:30:00,680,61,Netbanking,Delivered,50
2533,1753,421,2022-11-10,18:45:00,450,50,Netbanking,Delivered,50
2534,1106,492,2022-01-02,22:45:00,870,70,Netbanking,Delivered,100
2535,1907,18,2023-11-27,19:00:00,570,36,Credit Card,Delivered,0
2536,1629,395,2022-12-04,19:15:00,980,49,Credit Card,Delivered,0
2537,1953,199,2023-08-16,18:30:00,1020,37,UPI,Delivered,75
2538,1594,74,2022-08-14,15:30:00,980,51,Wallet,Delivered,100
2539,1414,9,2022-10-09,12:00:00,600,42,UPI,Delivered,75
2540,1721,391,2022-01-16,22:45:00,890,38,Wallet,Delivered,0
2541,38,348,2022-01-04,17:45:00,300,83,Wallet,Delivered,50
2542,1733,381,2023-12-24,22:45:00,1150,58,UPI,Delivered,25
2543,390,444,2023-10-13,22:30:00,1100,42,UPI,In Transit,0
2544,622,474,2022-03-19,16:15:00,230,76,Wallet,Delivered,100
2545,636,103,2022-03-28,14:15:00,1160,40,UPI,Delivered,0
2546,1084,223,2022-10-28,22:15:00,1150,71,Cash on Delivery,In Transit,0
2547,423,391,2023-06-20,23:30:00,490,32,Credit Card,Delivered,0
2548,1811,299,2022-02-04,16:00:00,250,28,Netbanking,Delivered,25
2549,1808,494,2023-05-03,12:30:00,330,49,Cash on Delivery,In Transit,25
2550,1103,400,2022-10-14,10:15:00,830,40,Credit Card,Delivered,0
2551,1585,136,2023-10-04,20:45:00,530,59,Wallet,Returned,100
2552,1005,110,2022-09-19,20:00:00,650,41,Credit Card,Delivered,0
2553,284,157,2023-06-14,20:30:00,500,71,Cash on Delivery,Delivered,0
2554,733,203,2022-01-28,16:30:00,340,66,Wallet,Delivered,50
2555,344,196,2022-07-24,20:00:00,300,55,Credit Card,Returned,100
2556,695,287,2023-02-06,17:30:00,260,41,Cash on Delivery,Delivered,25
2557,98,154,2022-04-22,20:45:00,1390,56,Debit Card,Delivered,25
2558,318,217,2022-09-20,10:00:00,150,71,Cash on Delivery,Delivered,0
2559,626,238,2022-03-15,17:15:00,930,47,Cash on Delivery,Delivered,0
2560,979,193,2023-05-09,21:15:00,720,43,Debit Card,Delivered,0
2561,989,262,2023-10-18,22:00:00,850,72,Credit Card,Delivered,100
2562,1508,259,2022-10-14,19:30:00,460,90,Wallet,Delivered,100
2563,1723,259,2023-12-11,18:00:00,120,24,Credit Card,Delivered,100
2564,939,178,2023-04-29,22:45:00,880,44,Netbanking,Delivered,0
2565,1067,37,2022-10-10,16:30:00,330,78,Cash on Delivery,Delivered,50
2566,398,323,2022-09-27,12:00:00,1220,34,Wallet,Delivered,25
2567,1027,216,2023-03-07,10:15:00,480,68,Wallet,Returned,0
2568,396,195,2023-01-16,11:15:00,630,51,Cash on Delivery,Delivered,50
2569,1215,170,2023-01-10,10:30:00,730,28,Debit Card,Delivered,50
2570,1638,290,2022-10-25,10:00:00,890,26,Debit Card,Delivered,100
2571,648,404,2023-10-21,10:30:00,350,68,Netbanking,Delivered,50
2572,91,297,2022-12-11,13:15:00,1200,87,Credit Card,Delivered,0
2573,1693,251,2022-04-20,16:45:00,150,72,Wallet,Delivered,100
2574,89,83,2023-09-22,15:45:00,540,84,Wallet,Delivered,50
2575,1356,437,2023-01-10,18:15:00,400,53,Cash on Delivery,Delivered,100
2576,178,380,2023-07-26,16:45:00,150,48,Wallet,Delivered,100
2577,1584,157,2023-12-19,13:30:00,580,56,Wallet,Delivered,0
2578,882,483,2022-03-08,15:45:00,1010,33,Netbanking,Delivered,75
2579,158,458,2023-01-14,23:45:00,850,76,Cash on Delivery,Delivered,0
2580,1562,396,2023-11-24,23:30:00,430,68,Wallet,Cancelled,75
2581,965,117,2023-07-09,19:45:00,140,23,Wallet,Delivered,75
2582,1434,69,2023-10-02,15:15:00,1350,59,UPI,Delivered,25
2583,599,448,2022-07-20,14:30:00,830,90,Credit Card,Delivered,75
2584,1142,12,2023-04-23,21:45:00,920,65,Credit Card,Returned,50
2585,1771,34,2023-10-21,15:45:00,1150,36,UPI,Delivered,0
2586,1329,11,2023-02-17,11:45:00,780,47,Wallet,Delivered,75
2587,1591,318,2023-02-07,21:45:00,530,86,Debit Card,Delivered,50
2588,1859,210,2023-11-22,13:30:00,580,81,UPI,Delivered,50
2589,886,56,2023-03-06,14:30:00,1410,47,UPI,Cancelled,25
2590,103,79,2023-01-28,16:45:00,350,43,Cash on Delivery,Delivered,0
2591,1581,398,2023-01-24,13:00:00,950,46,Netbanking,Returned,25
2592,1632,265,2023-08-19,22:15:00,550,84,UPI,In Transit,0
2593,882,243,2023-03-09,21:45:00,1020,31,UPI,Delivered,0
2594,323,317,2023-12-04,22:45:00,260,65,Debit Card,Delivered,25
2595,56,250,2022-01-02,20:45:00,120,75,Debit Card,Delivered,0
2596,1124,170,2022-12-02,20:45:00,470,67,Netbanking,Delivered,100
2597,1640,172,2022-02-23,22:30:00,500,22,Wallet,Delivered,75
2598,1278,463,2022-11-01,10:00:00,1600,54,Netbanking,Delivered,75
2599,1927,2,2023-01-23,12:00:00,650,90,Cash on Delivery,Delivered,0
2600,575,428,2023-05-16,11:45:00,1100,69,Cash on Delivery,Delivered,0
2601,301,121,2023-12-15,16:30:00,200,63,Netbanking,Delivered,50
2602,1105,2,2023-01-02,11:15:00,170,89,Cash on Delivery,Cancelled,100
2603,835,360,2023-07-11,20:00:00,270,68,Credit Card,Cancelled,0
2604,487,440,2022-01-26,19:30:00,240,68,Cash on Delivery,Cancelled,50
2605,398,458,2023-02-11,22:15:00,840,20,Debit Card,Delivered,75
2606,910,155,2023-08-04,14:30:00,150,58,Debit Card,In Transit,100
2607,232,344,2023-09-07,13:15:00,1110,70,Credit Card,Delivered,50
2608,1917,93,2022-03-26,12:00:00,690,25,Cash on Delivery,Delivered,0
2609,1744,413,2022-06-03,20:00:00,250,68,Wallet,Delivered,0
2610,1350,39,2023-11-27,14:30:00,180,27,Wallet,Delivered,50
2611,180,203,2022-10-05,10:00:00,920,36,Netbanking,Delivered,0
2612,1200,32,2022-03-22,16:30:00,410,90,Cash on Delivery,Delivered,25
2613,1890,96,2023-06-07,21:00:00,700,69,Wallet,In Transit,0
2614,1968,434,2023-08-18,14:15:00,540,43,Wallet,Delivered,0
2615,522,406,2022-12-20,12:00:00,510,42,Netbanking,Delivered,25
2616,1694,198,2023-07-29,15:00:00,680,41,Debit Card,Delivered,0
2617,362,413,2022-06-24,21:00:00,400,55,Debit Card,Delivered,0
2618,1049,90,2023-07-20,17:00:00,150,72,Netbanking,Delivered,25
2619,1882,57,2023-03-29,14:15:00,310,45,UPI,Delivered,75
2620,734,238,2023-01-08,15:45:00,500,67,UPI,Delivered,25
2621,1491,96,2023-12-18,21:00:00,620,53,UPI,Delivered,75
2622,897,74,2023-05-07,16:00:00,210,26,Cash on Delivery,Delivered,25
2623,190,198,2022-10-27,12:45:00,1180,30,Credit Card,Delivered,0
2624,34,274,2022-07-11,19:00:00,280,22,Debit Card,Delivered,75
2625,464,327,2023-07-03,22:30:00,430,52,Credit Card,Cancelled,0
2626,1388,36,2022-08-25,17:15:00,680,30,Netbanking,Delivered,50
2627,1064,242,2022-03-16,21:00:00,620,46,Debit Card,In Transit,0
2628,1748,119,2023-05-11,14:15:00,1420,78,Wallet,Delivered,25
2629,1795,234,2023-06-27,13:00:00,130,67,Credit Card,Delivered,50
2630,661,437,2023-10-05,20:30:00,910,53,Wallet,Delivered,0
2631,1629,299,2022-07-30,12:30:00,880,53,Wallet,Delivered,50
2632,1337,260,2023-10-11,10:45:00,860,33,Debit Card,Delivered,50
2633,666,125,2022-10-22,18:45:00,250,70,Wallet,Delivered,0
2634,1689,420,2022-12-05,22:00:00,1450,50,Wallet,In Transit,25
2635,1626,223,2022-10-09,22:00:00,500,80,UPI,Delivered,100
2636,1886,340,2022-04-27,22:45:00,380,86,Debit Card,Delivered,100
2637,584,216,2023-12-14,11:45:00,670,64,Debit Card,Delivered,50
2638,236,366,2023-10-10,15:00:00,120,54,Netbanking,In Transit,75
2639,772,148,2023-12-13,22:00:00,430,74,UPI,Delivered,25
2640,1338,140,2023-02-23,13:00:00,1040,79,Cash on Delivery,Delivered,75
2641,1871,498,2023-06-26,15:15:00,480,81,Credit Card,Delivered,75
2642,560,494,2022-04-27,11:45:00,590,50,Wallet,Delivered,50
2643,764,465,2022-10-10,15:30:00,780,73,UPI,Delivered,25
2644,1264,255,2022-06-11,19:45:00,750,26,UPI,Delivered,50
2645,1051,281,2023-10-02,14:30:00,430,74,Debit Card,Delivered,75
2646,447,405,2022-09-30,19:45:00,660,82,Debit Card,Delivered,75
2647,760,356,2023-06-15,13:15:00,1230,58,Netbanking,Delivered,0
2648,813,298,2022-04-11,11:15:00,200,89,Netbanking,Delivered,50
2649,1489,97,2023-12-13,16:30:00,150,23,Cash on Delivery,Cancelled,100
2650,337,341,2023-02-22,23:45:00,300,26,UPI,Delivered,50
2651,222,453,2022-03-02,18:00:00,380,72,Debit Card,Delivered,75
2652,1867,39,2023-05-15,13:00:00,530,50,Netbanking,Delivered,100
2653,1084,155,2022-07-06,15:30:00,970,41,Cash on Delivery,Returned,100
2654,1891,467,2023-11-11,12:15:00,400,20,Debit Card,Returned,0
2655,1785,461,2022-04-19,12:00:00,430,35,Credit Card,Cancelled,0
2656,1665,359,2022-03-29,20:00:00,1050,22,Debit Card,Delivered,25
2657,1777,321,2022-08-11,17:45:00,900,24,Cash on Delivery,Delivered,50
2658,1079,173,2022-11-29,15:30:00,1010,84,Cash on Delivery,Delivered,100
2659,422,495,2022-08-17,11:45:00,770,20,Wallet,Delivered,25
2660,1664,452,2023-01-10,23:00:00,930,51,UPI,Delivered,0
2661,1298,270,2022-01-13,12:30:00,320,20,Credit Card,Delivered,0
2662,1000,340,2023-11-04,16:30:00,500,57,Cash on Delivery,Delivered,100
2663,856,334,2022-02-08,13:45:00,750,53,Credit Card,Delivered,100
2664,1895,234,2022-09-03,14:45:00,1090,61,Wallet,Delivered,0
2665,259,79,2022-02-27,22:00:00,900,82,Netbanking,Delivered,0
2666,1324,79,2023-01-13,18:30:00,1350,32,Netbanking,Delivered,100
2667,1882,153,2023-06-06,10:30:00,320,71,Cash on Delivery,Delivered,50
2668,756,139,2023-04-19,22:00:00,850,66,Credit Card,Delivered,0
2669,598,9,2022-05-17,14:00:00,390,42,Wallet,Delivered,0
2670,732,14,2022-04-11,17:15:00,980,38,Credit Card,Delivered,0
2671,1213,154,2022-01-26,14:00:00,980,86,Wallet,In Transit,50
2672,1122,335,2022-10-23,13:45:00,910,34,Credit Card,Delivered,0
2673,81,368,2023-02-04,17:30:00,1260,28,Netbanking,Delivered,25
2674,1053,466,2022-11-25,13:30:00,800,88,Debit Card,Delivered,75
2675,1510,317,2022-10-26,10:30:00,750,51,Credit Card,Delivered,50
2676,1010,66,2023-07-26,16:30:00,540,71,Wallet,Delivered,0
2677,1902,483,2023-08-05,13:45:00,780,68,Debit Card,Delivered,75
2678,995,294,2022-12-31,10:45:00,190,22,Credit Card,Delivered,50
2679,696,267,2023-10-05,20:15:00,540,61,Netbanking,In Transit,25
2680,705,123,2023-09-15,23:45:00,860,90,Netbanking,Delivered,0
2681,1864,161,2023-06-23,10:15:00,150,50,Cash on Delivery,Delivered,0
2682,743,135,2022-01-22,16:15:00,1890,50,Cash on Delivery,Delivered,50
2683,461,154,2022-05-07,14:00:00,500,23,Wallet,Delivered,75
2684,1708,483,2022-07-12,13:00:00,820,59,Netbanking,Delivered,25
2685,842,444,2023-01-20,15:45:00,850,26,Cash on Delivery,Delivered,0
2686,1741,370,2022-12-11,12:15:00,340,57,Credit Card,Delivered,0
2687,1230,321,2022-02-17,10:15:00,300,35,Netbanking,Delivered,25
2688,966,98,2023-05-27,19:45:00,130,86,Netbanking,Delivered,100
2689,1892,232,2023-01-30,18:30:00,330,75,Credit Card,Delivered,100
2690,402,481,2022-02-03,18:00:00,290,89,Wallet,Delivered,0
2691,1005,72,2022-10-03,13:15:00,620,26,Debit Card,Delivered,25
2692,1973,319,2022-09-12,23:45:00,810,60,Credit Card,Cancelled,0
2693,1478,265,2022-08-26,19:45:00,260,67,Credit Card,Delivered,100
2694,37,19,2022-06-16,21:15:00,630,21,Cash on Delivery,Delivered,75
2695,1098,492,2022-11-28,10:30:00,1190,66,UPI,Delivered,75
2696,1114,48,2023-01-31,14:15:00,1060,73,Cash on Delivery,Delivered,25
2697,978,391,2022-03-30,10:15:00,350,22,Wallet,Delivered,100
2698,805,458,2023-11-04,18:30:00,640,81,Cash on Delivery,Delivered,0
2699,287,191,2022-04-03,19:00:00,680,76,UPI,Delivered,0
2700,1590,119,2022-08-18,14:15:00,1520,46,Debit Card,Delivered,50
2701,1134,312,2022-01-26,12:30:00,280,23,Credit Card,In Transit,0
2702,1872,405,2023-04-19,16:45:00,130,68,Credit Card,Delivered,0
2703,1372,299,2022-11-02,21:30:00,720,34,Netbanking,Delivered,0
2704,358,48,2023-12-28,21:30:00,1030,52,Cash on Delivery,Delivered,50
2705,1483,289,2023-05-07,20:45:00,500,34,Netbanking,Delivered,0
2706,1556,302,2023-01-29,21:15:00,110,50,Cash on Delivery,Delivered,50
2707,632,45,2023-08-28,22:15:00,520,79,Credit Card,Delivered,0
2708,1236,473,2022-06-24,12:45:00,1280,89,UPI,Delivered,0
2709,1260,229,2023-02-04,14:45:00,720,46,Debit Card,Cancelled,25
2710,528,292,2022-03-27,22:30:00,1030,21,Credit Card,Delivered,100
2711,339,369,2022-12-26,18:00:00,500,65,Credit Card,In Transit,0
2712,872,409,2022-08-31,13:30:00,1210,67,Wallet,Delivered,0
2713,354,166,2022-01-20,16:00:00,720,46,UPI,Delivered,100
2714,1707,420,2022-06-12,23:45:00,130,55,Credit Card,Delivered,0
2715,1047,51,2023-03-26,14:30:00,650,65,Wallet,Delivered,0
2716,1702,389,2023-10-19,16:30:00,960,44,Wallet,Delivered,0
2717,1723,260,2023-01-16,22:30:00,1180,29,Debit Card,Delivered,75
2718,1378,476,2023-07-26,11:15:00,180,69,Cash on Delivery,Delivered,0
2719,1825,59,2022-06-27,22:30:00,1630,36,Debit Card,Delivered,0
2720,1938,51,2022-10-25,10:30:00,740,32,Debit Card,Delivered,100
2721,22,15,2022-06-13,17:45:00,520,22,Wallet,Delivered,0
2722,1426,315,2023-08-29,16:30:00,330,89,Wallet,Delivered,50
2723,1425,41,2022-01-23,21:00:00,350,86,Debit Card,Delivered,25
2724,1861,134,2022-03-10,16:45:00,230,74,UPI,In Transit,75
2725,1179,270,2023-03-12,13:30:00,800,90,Credit Card,Delivered,75
2726,1057,188,2022-10-23,10:45:00,1440,30,Netbanking,Delivered,100
2727,1199,286,2022-03-24,22:45:00,750,68,Netbanking,Delivered,25
2728,409,140,2022-04-30,16:45:00,160,52,Cash on Delivery,Delivered,0
2729,939,338,2022-10-25,11:15:00,240,23,Wallet,Delivered,0
2730,1975,95,2023-04-18,23:30:00,700,32,Cash on Delivery,Returned,0
2731,94,55,2022-06-22,10:15:00,1210,54,Credit Card,In Transit,50
2732,1557,228,2022-10-30,23:00:00,550,79,Debit Card,Delivered,0
2733,1176,203,2022-06-04,19:30:00,780,64,Credit Card,Delivered,25
2734,873,87,2022-07-24,12:45:00,320,43,Credit Card,Delivered,100
2735,1989,21,2023-01-08,10:15:00,1180,83,Cash on Delivery,Delivered,0
2736,1365,124,2022-01-05,12:30:00,880,71,Netbanking,Delivered,0
2737,1752,227,2023-05-15,12:45:00,270,39,Wallet,Delivered,50
2738,1567,44,2023-04-08,10:00:00,480,86,Debit Card,Delivered,100
2739,1865,230,2022-08-07,23:45:00,660,76,UPI,Delivered,100
2740,1150,482,2022-11-04,14:15:00,1300,42,UPI,Returned,0
2741,1892,489,2022-05-27,13:45:00,290,32,Cash on Delivery,Delivered,75
2742,1748,136,2022-12-15,10:15:00,110,53,UPI,Delivered,75
2743,1767,264,2022-08-31,17:00:00,80,55,Debit Card,Delivered,100
2744,1109,401,2022-12-20,22:15:00,760,23,Cash on Delivery,Delivered,75
2745,734,352,2022-10-14,21:30:00,760,84,Cash on Delivery,Delivered,75
2746,900,133,2023-07-05,14:15:00,680,71,Debit Card,Returned,0
2747,621,209,2022-10-27,23:30:00,980,37,UPI,Delivered,25
2748,892,407,2022-12-20,16:00:00,290,23,UPI,Delivered,0
2749,1640,327,2023-12-09,16:15:00,1020,72,Wallet,Delivered,0
2750,48,300,2023-01-21,21:00:00,1160,54,Credit Card,Delivered,0
2751,778,100,2022-02-05,13:15:00,80,36,Netbanking,Delivered,0
2752,1530,463,2022-10-20,22:45:00,1080,38,Wallet,In Transit,0
2753,1450,474,2023-11-23,23:45:00,1020,46,UPI,Delivered,25
2754,1873,25,2022-08-04,14:30:00,530,76,Cash on Delivery,Delivered,0
2755,1182,320,2022-07-24,23:00:00,550,56,Debit Card,Delivered,0
2756,1951,47,2023-04-20,16:45:00,120,29,Debit Card,Cancelled,50
2757,271,423,2022-07-16,23:30:00,400,86,Credit Card,Cancelled,25
2758,235,436,2023-05-17,14:15:00,320,27,Credit Card,Delivered,100
2759,262,162,2022-10-14,21:30:00,880,84,Credit Card,In Transit,0
2760,241,137,2023-03-16,16:15:00,790,59,Netbanking,Delivered,25
2761,163,417,2022-05-23,13:30:00,350,25,Cash on Delivery,Delivered,0
2762,1304,297,2022-12-31,20:45:00,1430,73,Cash on Delivery,Delivered,25
2763,813,479,2023-02-07,13:15:00,770,55,Debit Card,In Transit,100
2764,291,83,2022-12-28,23:30:00,390,45,Wallet,Delivered,0
2765,1416,325,2022-04-08,19:15:00,520,21,Debit Card,Delivered,50
2766,88,429,2023-09-25,11:30:00,220,44,Cash on Delivery,Delivered,50
2767,118,166,2023-05-08,19:45:00,230,72,Netbanking,Delivered,100
2768,68,19,2022-04-04,17:30:00,890,22,UPI,Delivered,50
2769,680,31,2022-04-25,14:00:00,240,46,Credit Card,In Transit,75
2770,1431,312,2023-11-13,10:15:00,950,62,UPI,Delivered,0
2771,1623,388,2023-08-11,23:30:00,490,65,Netbanking,Delivered,100
2772,355,468,2023-02-05,22:15:00,450,63,Cash on Delivery,Delivered,100
2773,95,61,2022-01-01,10:15:00,450,46,Credit Card,Delivered,75
2774,728,103,2022-10-01,12:00:00,500,35,Wallet,Delivered,25
2775,693,38,2022-10-29,12:45:00,560,72,UPI,Delivered,0
2776,1011,121,2023-07-13,23:15:00,1230,52,Debit Card,Delivered,0
2777,1285,300,2022-06-05,23:00:00,1650,35,Wallet,Delivered,100
2778,379,159,2023-12-15,19:00:00,780,69,Credit Card,Delivered,75
2779,1650,194,2023-08-30,14:00:00,680,55,Cash on Delivery,Returned,0
2780,158,430,2022-01-10,18:30:00,1030,63,Netbanking,Delivered,50
2781,577,132,2022-03-05,18:00:00,950,23,Credit Card,Delivered,100
2782,1404,97,2023-09-29,17:30:00,830,55,UPI,Delivered,50
2783,61,345,2023-01-31,15:30:00,120,67,Debit Card,Delivered,50
2784,1512,123,2023-11-28,17:00:00,1160,63,Debit Card,Delivered,0
2785,982,416,2023-05-08,20:30:00,450,36,Cash on Delivery,Delivered,100
2786,509,199,2023-09-09,21:45:00,800,71,Credit Card,Delivered,0
2787,1116,296,2023-11-16,14:15:00,1060,30,Wallet,Delivered,0
2788,1245,423,2022-06-15,18:15:00,360,76,Netbanking,Returned,50
2789,247,394,2022-10-28,20:45:00,590,26,Debit Card,Delivered,0
2790,943,238,2023-07-10,15:45:00,240,30,Netbanking,Delivered,0
2791,1266,434,2022-08-26,16:30:00,510,61,Credit Card,Delivered,100
2792,1213,127,2023-02-06,13:15:00,400,38,Credit Card,Cancelled,50
2793,225,307,2023-12-17,17:30:00,650,84,Debit Card,Delivered,100
2794,526,412,2023-11-11,23:45:00,680,35,Netbanking,Delivered,100
2795,790,185,2023-06-13,12:45:00,710,34,Debit Card,Cancelled,0
2796,1989,466,2022-05-08,20:00:00,780,64,Netbanking,Delivered,75
2797,1203,135,2022-11-01,17:15:00,300,59,Netbanking,Delivered,0
2798,245,278,2023-04-03,13:00:00,1010,20,Wallet,Delivered,50
2799,1610,194,2022-12-28,12:30:00,210,85,Wallet,Cancelled,0
2800,1875,376,2022-09-28,11:15:00,650,66,Netbanking,Delivered,100
2801,1898,312,2022-11-10,15:45:00,870,59,Wallet,Cancelled,75
2802,470,201,2022-01-25,21:15:00,790,58,Credit Card,Delivered,100
2803,929,391,2023-01-07,18:15:00,180,22,UPI,Delivered,75
2804,1959,71,2023-06-11,22:45:00,340,35,Netbanking,Delivered,75
2805,678,43,2022-09-28,18:45:00,880,24,Credit Card,Delivered,0
2806,1681,392,2023-01-02,19:15:00,1390,40,Netbanking,Cancelled,25
2807,989,403,2023-10-08,18:30:00,290,90,Debit Card,Delivered,100
2808,584,70,2023-05-30,23:00:00,440,77,Credit Card,In Transit,50
2809,1033,337,2023-04-12,16:15:00,1330,23,Credit Card,Cancelled,0
2810,105,2,2023-09-16,15:45:00,120,65,Cash on Delivery,Returned,0
2811,272,305,2022-03-14,20:45:00,910,64,Debit Card,Delivered,100
2812,1142,379,2022-08-31,16:15:00,880,22,Netbanking,Delivered,25
2813,1368,362,2023-10-04,11:45:00,500,85,Debit Card,Delivered,50
2814,529,465,2022-03-10,16:30:00,250,88,Netbanking,Delivered,0
2815,374,96,2022-10-07,13:30:00,860,73,UPI,Delivered,0
2816,1562,192,2022-08-30,11:30:00,480,67,Wallet,Delivered,75
2817,1419,290,2022-02-20,20:30:00,1030,74,UPI,Delivered,100
2818,1977,355,2022-10-22,15:30:00,810,73,Wallet,Delivered,0
2819,374,428,2023-07-28,15:00:00,980,43,UPI,Delivered,0
2820,1894,16,2022-04-24,20:30:00,430,29,Wallet,Delivered,75
2821,1719,415,2022-05-31,22:00:00,310,46,Netbanking,Delivered,50
2822,866,15,2023-04-24,18:00:00,750,21,Cash on Delivery,Delivered,100
2823,21,220,2023-12-30,15:00:00,180,73,UPI,Delivered,50
2824,470,92,2022-10-15,10:30:00,1120,25,Credit Card,Delivered,50
2825,1158,455,2023-04-11,23:30:00,500,44,Cash on Delivery,Delivered,0
2826,719,462,2022-03-10,11:30:00,850,51,Netbanking,In Transit,100
2827,1912,54,2023-01-29,13:30:00,360,67,Wallet,Delivered,0
2828,967,123,2023-05-28,10:45:00,650,89,Netbanking,Delivered,0
2829,666,387,2022-03-24,20:45:00,1240,67,Debit Card,Delivered,50
2830,213,93,2023-10-26,10:45:00,460,52,Wallet,Delivered,75
2831,1133,159,2022-06-22,23:45:00,1100,49,UPI,Delivered,100
2832,635,336,2022-01-14,18:15:00,990,29,Cash on Delivery,Returned,25
2833,1711,316,2023-07-14,20:15:00,500,89,Cash on Delivery,Delivered,50
2834,113,58,2023-04-16,20:30:00,490,20,Debit Card,Delivered,75
2835,1613,130,2022-12-24,11:00:00,730,71,Netbanking,Delivered,75
2836,1609,170,2023-08-05,20:15:00,400,54,Cash on Delivery,Delivered,0
2837,1840,388,2023-01-01,16:15:00,480,31,Wallet,Delivered,100
2838,23,436,2023-10-20,22:00:00,330,73,Debit Card,Delivered,0
2839,938,460,2022-11-30,21:15:00,1610,74,UPI,Delivered,100
2840,1548,143,2022-02-15,17:45:00,900,83,Wallet,Delivered,100
2841,148,303,2023-04-28,11:00:00,350,77,Credit Card,Delivered,100
2842,1707,164,2022-08-02,15:00:00,290,62,Wallet,In Transit,0
2843,1367,35,2023-05-22,16:45:00,980,53,Credit Card,In Transit,0
2844,1204,235,2022-04-09,23:00:00,150,26,Debit Card,Delivered,75
2845,1571,296,2022-09-15,21:45:00,930,38,Cash on Delivery,Delivered,25
2846,1215,367,2023-08-25,23:45:00,770,70,UPI,Delivered,0
2847,1122,325,2023-01-05,12:00:00,1470,78,Cash on Delivery,Delivered,100
2848,1724,379,2023-06-19,14:15:00,610,43,Netbanking,Delivered,50
2849,1781,31,2023-12-04,23:00:00,640,57,Wallet,Delivered,75
2850,1291,367,2022-03-14,23:15:00,910,29,Credit Card,Delivered,75
2851,65,472,2023-09-12,14:30:00,600,61,Cash on Delivery,Returned,0
2852,1782,180,2023-03-01,23:30:00,540,41,Wallet,Delivered,100
2853,1552,484,2023-03-11,14:00:00,1150,69,Cash on Delivery,Delivered,0
2854,109,32,2022-09-21,12:00:00,330,76,Credit Card,Delivered,75
2855,1864,21,2023-12-12,16:00:00,830,88,Credit Card,Delivered,75
2856,1146,342,2022-02-23,18:00:00,270,84,Cash on Delivery,In Transit,100
2857,289,142,2022-08-29,18:45:00,460,22,Cash on Delivery,Returned,0
2858,311,195,2023-06-19,11:30:00,1350,75,Wallet,Returned,0
2859,92,271,2023-08-13,21:45:00,920,28,Debit Card,Delivered,0
2860,895,460,2023-09-10,11:45:00,1470,60,UPI,Delivered,50
2861,859,241,2023-06-02,21:45:00,130,50,Credit Card,Cancelled,0
2862,139,396,2022-03-22,20:30:00,1100,51,Netbanking,Delivered,0
2863,1436,300,2022-01-19,13:45:00,740,24,Credit Card,Delivered,0
2864,1315,472,2022-01-08,11:45:00,840,63,Wallet,Delivered,25
2865,339,471,2022-04-05,10:45:00,570,23,Wallet,Cancelled,75
2866,134,294,2023-06-26,19:45:00,850,45,Debit Card,Delivered,0
2867,877,198,2022-01-18,18:45:00,120,29,Netbanking,Delivered,0
2868,1792,30,2023-01-30,11:30:00,830,29,Credit Card,Delivered,100
2869,1353,338,2022-03-06,12:00:00,850,61,Credit Card,Cancelled,0
2870,1627,335,2022-07-31,16:00:00,480,22,Credit Card,Delivered,75
2871,328,419,2023-04-18,21:30:00,1250,67,Wallet,Delivered,0
2872,45,282,2022-05-10,14:00:00,610,63,Credit Card,Delivered,25
2873,790,135,2023-08-31,14:30:00,1250,85,Debit Card,Cancelled,0
2874,1463,470,2023-09-29,12:30:00,260,52,UPI,Cancelled,0
2875,187,458,2022-12-26,16:00:00,680,60,Credit Card,Delivered,0
2876,1505,98,2022-04-12,11:15:00,630,49,Cash on Delivery,Delivered,0
2877,1930,106,2022-08-05,12:15:00,980,67,UPI,Delivered,100
2878,241,40,2023-08-10,21:00:00,220,90,Netbanking,Delivered,25
2879,1198,292,2023-09-08,22:00:00,1000,28,Wallet,Delivered,75
2880,1244,288,2023-07-30,20:00:00,1020,72,Netbanking,Delivered,0
2881,545,121,2022-07-03,15:00:00,700,89,Debit Card,Delivered,50
2882,1075,397,2023-04-14,19:00:00,530,72,Credit Card,Delivered,0
2883,582,215,2023-08-12,20:45:00,1140,87,Debit Card,Delivered,50
2884,560,15,2023-08-14,15:30:00,430,25,Credit Card,Cancelled,100
2885,1697,476,2022-04-03,18:15:00,700,58,Cash on Delivery,Delivered,0
2886,1326,345,2023-01-01,20:00:00,170,85,Debit Card,Delivered,0
2887,1598,127,2022-11-29,19:15:00,1020,50,Wallet,Delivered,100
2888,353,465,2022-03-01,11:45:00,1070,84,Debit Card,Delivered,100
2889,1809,304,2023-02-03,14:00:00,950,67,Netbanking,Delivered,75
2890,1243,411,2022-02-14,14:00:00,1150,69,Credit Card,Delivered,0
2891,1350,110,2022-12-26,15:15:00,870,86,Credit Card,Delivered,100
2892,1203,401,2022-08-08,21:30:00,900,75,Netbanking,Delivered,50
2893,1663,148,2022-10-19,15:45:00,750,61,Cash on Delivery,Delivered,50
2894,1951,67,2023-10-13,19:45:00,980,24,Credit Card,In Transit,75
2895,1611,25,2023-04-22,17:30:00,380,79,Credit Card,Delivered,0
2896,610,478,2022-02-24,22:00:00,130,61,UPI,Delivered,75
2897,1996,345,2022-08-21,17:15:00,790,31,Wallet,Returned,25
2898,1433,148,2022-08-29,12:45:00,820,52,UPI,Delivered,100
2899,1390,25,2022-06-05,12:15:00,220,68,UPI,Delivered,0
2900,912,360,2023-03-05,15:30:00,460,38,Credit Card,Returned,0
2901,1536,357,2023-02-06,12:45:00,500,85,Credit Card,Delivered,75
2902,622,24,2022-10-17,17:30:00,200,76,UPI,Cancelled,50
2903,1866,39,2022-04-16,19:30:00,720,44,Netbanking,Delivered,0
2904,1516,276,2022-10-04,14:45:00,580,46,Credit Card,Delivered,0
2905,915,376,2023-10-15,15:30:00,270,88,Cash on Delivery,Delivered,0
2906,1716,239,2023-12-10,14:45:00,720,77,Netbanking,Delivered,0
2907,254,449,2022-05-12,17:00:00,150,51,Wallet,Delivered,0
2908,1483,56,2023-03-26,19:45:00,850,51,Cash on Delivery,Delivered,75
2909,1437,482,2022-09-14,18:45:00,300,63,UPI,In Transit,0
2910,809,139,2023-08-01,12:45:00,440,24,Cash on Delivery,Delivered,0
2911,1552,174,2022-01-16,22:00:00,550,56,Wallet,Delivered,50
2912,1182,249,2023-11-27,20:45:00,1100,71,Wallet,Delivered,25
2913,1173,105,2023-02-02,21:45:00,580,24,Netbanking,Cancelled,50
2914,1224,22,2023-12-18,10:00:00,530,51,Credit Card,Delivered,25
2915,1801,67,2023-09-17,12:45:00,820,62,Debit Card,Delivered,100
2916,810,247,2022-07-02,21:30:00,380,38,UPI,In Transit,0
2917,625,333,2023-05-28,15:30:00,870,21,Debit Card,Delivered,25
2918,588,93,2023-06-30,22:15:00,310,39,Wallet,Delivered,25
2919,1773,500,2023-12-26,18:00:00,480,56,UPI,Delivered,0
2920,1865,369,2022-02-02,16:30:00,1640,71,Cash on Delivery,Delivered,0
2921,1084,352,2022-06-30,12:00:00,560,39,Debit Card,Delivered,100
2922,1169,348,2022-01-06,12:30:00,330,42,Cash on Delivery,In Transit,75
2923,73,119,2023-04-21,10:00:00,880,88,Cash on Delivery,Cancelled,50
2924,633,6,2023-01-11,19:15:00,770,25,Credit Card,Delivered,100
2925,1775,390,2023-11-05,14:30:00,380,36,Wallet,Cancelled,100
2926,1472,304,2023-10-06,10:30:00,500,69,Debit Card,Cancelled,75
2927,1658,249,2023-08-16,10:45:00,450,44,Debit Card,Delivered,0
2928,768,431,2022-07-06,13:15:00,130,41,Wallet,Delivered,75
2929,1182,191,2022-05-11,21:15:00,280,51,Wallet,Delivered,100
2930,1662,62,2023-07-08,23:00:00,630,60,Debit Card,In Transit,0
2931,1014,120,2022-10-03,11:00:00,1000,30,Wallet,Delivered,100
2932,173,308,2022-01-01,18:30:00,320,62,Wallet,Delivered,100
2933,367,417,2023-10-31,23:00:00,390,51,Wallet,Delivered,75
2934,1268,332,2023-09-13,17:45:00,830,88,Credit Card,Cancelled,0
2935,1362,55,2022-10-10,23:45:00,340,46,Wallet,Delivered,25
2936,107,41,2022-01-29,15:45:00,830,72,Credit Card,Delivered,75
2937,1282,16,2023-10-10,13:45:00,210,42,Debit Card,Delivered,0
2938,1328,354,2023-01-18,20:30:00,390,36,Cash on Delivery,Delivered,0
2939,844,353,2022-05-26,19:30:00,1330,79,Debit Card,Cancelled,75
2940,39,50,2022-05-14,13:15:00,450,61,Debit Card,Delivered,100
2941,1291,299,2023-07-24,18:45:00,1150,74,Netbanking,Cancelled,100
2942,895,424,2022-03-04,12:30:00,430,37,Debit Card,Cancelled,0
2943,550,8,2023-02-04,15:00:00,750,86,UPI,Delivered,0
2944,1632,222,2023-06-15,10:45:00,340,34,UPI,Delivered,0
2945,681,425,2022-10-17,15:45:00,430,80,Debit Card,Returned,50
2946,1589,237,2023-08-19,19:00:00,280,35,Debit Card,Delivered,100
2947,500,115,2022-08-02,12:45:00,960,22,Netbanking,Delivered,25
2948,1035,262,2023-12-31,10:30:00,350,42,Wallet,In Transit,0
2949,89,330,2022-07-13,15:30:00,950,53,Cash on Delivery,Delivered,0
2950,1504,316,2023-12-17,22:30:00,1020,51,UPI,Delivered,0
2951,1794,152,2023-08-31,15:30:00,630,67,Netbanking,Delivered,0
2952,374,387,2023-12-15,19:30:00,900,56,Debit Card,In Transit,0
2953,377,430,2022-10-31,19:45:00,670,39,Wallet,Delivered,0
2954,8,437,2022-01-24,18:45:00,720,58,Wallet,Returned,0
2955,138,452,2022-12-11,12:00:00,1400,40,UPI,Delivered,100
2956,1864,259,2022-03-27,16:30:00,630,75,Debit Card,Returned,25
2957,457,457,2022-07-27,23:00:00,930,60,UPI,Delivered,0
2958,812,421,2022-12-04,23:00:00,920,71,Debit Card,Delivered,25
2959,1999,373,2022-06-02,23:45:00,540,67,Debit Card,Delivered,75
2960,208,337,2022-11-20,10:45:00,1020,79,Credit Card,Delivered,0
2961,785,184,2022-04-29,19:45:00,450,30,Cash on Delivery,Delivered,50
2962,800,307,2023-08-22,13:30:00,540,72,Debit Card,In Transit,0
2963,867,308,2023-03-02,13:45:00,240,43,Netbanking,Delivered,100
2964,583,228,2023-12-18,10:00:00,1130,51,UPI,Delivered,25
2965,1943,276,2022-10-17,15:00:00,1130,62,Cash on Delivery,Delivered,75
2966,1515,414,2023-10-05,23:30:00,880,70,Cash on Delivery,Delivered,0
2967,1136,404,2023-04-08,22:00:00,970,70,Credit Card,Delivered,100
2968,770,449,2022-05-14,16:15:00,260,88,Credit Card,Delivered,25
2969,202,469,2023-02-24,15:45:00,260,69,Cash on Delivery,Delivered,25
2970,475,311,2023-05-16,17:15:00,220,40,Wallet,Delivered,0
2971,847,192,2023-02-26,21:45:00,1530,65,Wallet,Delivered,0
2972,854,131,2023-02-09,20:15:00,480,34,Credit Card,In Transit,0
2973,1764,469,2023-12-07,11:45:00,520,53,Cash on Delivery,Delivered,0
2974,1102,368,2023-06-22,19:30:00,940,29,Wallet,Delivered,25
2975,1051,414,2022-07-28,10:45:00,480,86,UPI,Delivered,0
2976,1295,123,2023-03-04,13:15:00,200,81,Wallet,Delivered,100
2977,1372,21,2023-07-11,19:45:00,350,69,Wallet,Delivered,0
2978,630,317,2022-02-13,18:45:00,370,44,Debit Card,Delivered,50
2979,789,110,2022-10-31,16:00:00,100,54,Cash on Delivery,Delivered,25
2980,1303,329,2023-02-11,18:30:00,200,45,Credit Card,Delivered,50
2981,1917,215,2022-10-25,18:00:00,400,85,Debit Card,Delivered,100
2982,1337,245,2022-02-24,19:15:00,690,41,Netbanking,Delivered,25
2983,137,424,2023-04-15,14:30:00,780,49,Wallet,Delivered,0
2984,690,404,2022-07-27,19:30:00,230,27,Credit Card,Returned,25
2985,154,393,2022-10-30,16:45:00,540,67,Credit Card,Delivered,25
2986,439,25,2023-02-26,19:45:00,580,45,Credit Card,Cancelled,0
2987,1994,236,2023-02-10,16:30:00,790,90,Cash on Delivery,Delivered,0
2988,1499,374,2023-11-24,13:30:00,220,24,Credit Card,Cancelled,0
2989,1739,220,2022-11-26,23:15:00,780,71,Debit Card,Delivered,100
2990,399,123,2022-11-27,12:00:00,710,82,Credit Card,Delivered,75
2991,1096,218,2023-06-28,22:45:00,310,77,UPI,Delivered,0
2992,517,190,2023-04-27,21:00:00,760,70,Cash on Delivery,Delivered,0
2993,31,393,2022-11-10,15:15:00,1240,53,Debit Card,Delivered,0
2994,1952,336,2022-07-31,16:00:00,1110,51,UPI,Delivered,100
2995,1427,345,2022-08-07,10:15:00,430,28,Cash on Delivery,Delivered,25
2996,327,219,2023-02-25,10:15:00,700,25,Wallet,Delivered,75
2997,557,497,2023-06-04,21:00:00,310,63,Debit Card,Delivered,0
2998,598,458,2023-08-22,11:30:00,680,40,Credit Card,Delivered,75
2999,774,254,2023-11-29,17:45:00,960,53,Wallet,Delivered,25
3000,1088,66,2022-08-02,18:45:00,670,80,Cash on Delivery,Delivered,0
3001,1736,222,2023-06-22,15:45:00,750,86,UPI,Cancelled,0
3002,545,461,2023-01-12,17:30:00,640,85,Credit Card,Delivered,0
3003,97,298,2023-12-04,19:30:00,540,78,Wallet,Cancelled,50
3004,1209,262,2022-02-20,21:45:00,650,88,Debit Card,Delivered,100
3005,1464,482,2023-01-20,16:00:00,340,77,UPI,Delivered,100
3006,1551,361,2023-09-09,15:30:00,730,72,Wallet,Delivered,100
3007,1753,270,2023-01-11,16:15:00,680,47,Debit Card,In Transit,25
3008,1619,469,2023-05-30,23:45:00,200,25,Wallet,Delivered,75
3009,1646,284,2022-09-14,19:15:00,340,64,Debit Card,Delivered,50
3010,382,484,2023-07-26,19:15:00,880,77,UPI,Delivered,75
3011,1038,294,2022-12-21,16:45:00,500,86,Netbanking,In Transit,75
3012,527,412,2022-11-27,11:45:00,1070,83,Netbanking,Delivered,75
3013,927,391,2023-02-15,12:45:00,510,72,Credit Card,Delivered,100
3014,567,217,2023-12-01,16:30:00,500,83,Credit Card,Delivered,0
3015,985,283,2022-01-29,23:00:00,620,48,UPI,In Transit,75
3016,1386,368,2022-03-26,17:30:00,570,65,Debit Card,Cancelled,75
3017,1456,52,2023-06-10,17:45:00,1280,46,Credit Card,Delivered,100
3018,1698,470,2022-08-13,15:45:00,310,82,UPI,Delivered,0
3019,405,116,2023-12-27,17:15:00,230,51,Credit Card,Delivered,0
3020,390,358,2022-05-18,21:45:00,880,64,UPI,Delivered,50
3021,755,37,2023-03-29,16:15:00,270,79,UPI,Cancelled,75
3022,647,316,2022-05-26,16:00:00,630,79,UPI,Delivered,50
3023,1531,294,2023-12-04,21:30:00,310,55,UPI,Delivered,100
3024,268,223,2022-12-07,17:30:00,280,89,Wallet,Delivered,75
3025,435,192,2022-06-12,22:30:00,1020,20,Wallet,Delivered,0
3026,1892,316,2023-04-24,15:15:00,530,63,Netbanking,Delivered,25
3027,838,287,2023-10-23,23:15:00,290,47,Wallet,Delivered,0
3028,1672,45,2022-07-28,16:30:00,620,44,UPI,Cancelled,50
3029,198,308,2022-05-30,12:45:00,530,23,Credit Card,Delivered,0
3030,1250,298,2022-04-06,20:45:00,130,60,Debit Card,Delivered,75
3031,566,365,2022-06-21,15:15:00,300,21,Wallet,Delivered,50
3032,917,15,2023-01-21,16:30:00,180,40,Credit Card,Returned,0
3033,1287,341,2022-06-07,17:45:00,420,52,Credit Card,Delivered,100
3034,1249,488,2023-03-05,16:45:00,250,64,Cash on Delivery,Delivered,0
3035,1889,98,2023-08-03,15:45:00,680,67,Debit Card,Returned,0
3036,1861,260,2023-12-06,11:45:00,690,46,Wallet,Delivered,100
3037,147,432,2023-07-14,17:30:00,850,30,Netbanking,Delivered,100
3038,182,185,2022-05-23,17:30:00,400,50,UPI,Delivered,50
3039,1327,238,2022-03-22,23:15:00,170,64,UPI,Cancelled,0
3040,1952,26,2023-12-25,22:30:00,250,28,UPI,Delivered,25
3041,1343,169,2022-02-26,10:45:00,940,44,UPI,In Transit,0
3042,867,434,2022-05-26,12:15:00,420,78,Cash on Delivery,Delivered,100
3043,1976,260,2022-05-22,23:30:00,680,50,Cash on Delivery,Delivered,0
3044,191,498,2023-02-21,12:45:00,320,40,Cash on Delivery,Returned,50
3045,333,459,2022-04-07,23:00:00,330,49,Debit Card,Delivered,75
3046,1044,420,2022-05-15,18:00:00,1800,84,Credit Card,Delivered,0
3047,1205,201,2022-07-16,12:45:00,470,64,Credit Card,In Transit,25
3048,1861,454,2022-11-01,11:45:00,750,62,Netbanking,Delivered,0
3049,1483,111,2022-06-02,18:15:00,310,45,Wallet,Delivered,100
3050,461,317,2022-04-05,17:00:00,660,46,Debit Card,In Transit,0
3051,585,413,2023-05-13,12:30:00,1010,61,UPI,Delivered,0
3052,863,428,2022-06-11,11:30:00,220,58,Wallet,Delivered,0
3053,26,354,2023-05-23,21:45:00,740,65,UPI,Delivered,0
3054,566,427,2022-05-24,13:45:00,1020,83,Credit Card,Cancelled,25
3055,426,86,2022-11-16,17:00:00,1240,55,Credit Card,Delivered,0
3056,774,465,2023-09-04,10:00:00,700,40,Netbanking,In Transit,0
3057,1591,74,2022-02-22,10:30:00,720,37,Credit Card,Delivered,50
3058,1607,362,2022-07-30,19:45:00,1000,83,Cash on Delivery,Delivered,50
3059,1660,67,2022-09-27,15:15:00,1090,70,UPI,Delivered,50
3060,1860,12,2022-01-27,21:30:00,890,61,UPI,Delivered,0
3061,1199,140,2022-09-06,22:15:00,120,62,Cash on Delivery,Delivered,0
3062,1825,198,2022-02-10,19:00:00,340,27,Cash on Delivery,Returned,100
3063,215,499,2023-04-18,14:00:00,600,81,Netbanking,Returned,50
3064,1143,269,2023-11-04,20:00:00,740,47,Debit Card,Delivered,75
3065,1759,149,2022-08-08,19:15:00,690,51,Netbanking,Delivered,50
3066,482,198,2023-07-20,22:15:00,1000,90,Netbanking,Delivered,75
3067,1819,364,2022-07-11,17:30:00,850,44,Wallet,Delivered,0
3068,1700,243,2022-04-13,10:15:00,1270,45,Credit Card,Cancelled,0
3069,45,209,2023-10-29,19:15:00,880,74,Cash on Delivery,Delivered,100
3070,174,304,2023-09-04,22:00:00,650,71,Credit Card,Delivered,25
3071,640,388,2022-03-18,12:15:00,390,64,Wallet,Delivered,25
3072,646,329,2022-06-28,18:15:00,500,43,Cash on Delivery,Delivered,0
3073,851,272,2022-01-18,12:30:00,250,61,Credit Card,Delivered,25
3074,100,21,2022-07-09,17:15:00,120,51,Netbanking,In Transit,50
3075,1922,423,2022-06-20,20:15:00,210,31,Wallet,Delivered,100
3076,1552,350,2022-02-02,14:30:00,1020,76,Credit Card,Cancelled,100
3077,97,372,2022-03-10,18:00:00,880,79,Netbanking,Delivered,100
3078,761,322,2022-11-27,14:00:00,400,22,Credit Card,Delivered,100
3079,331,372,2023-05-31,15:00:00,1330,78,Netbanking,Delivered,0
3080,810,240,2023-08-27,10:45:00,500,82,Netbanking,Delivered,50
3081,194,146,2022-02-02,14:00:00,380,55,Debit Card,Delivered,25
3082,1443,276,2023-02-24,15:15:00,140,28,Debit Card,Delivered,50
3083,1481,123,2022-12-10,21:15:00,810,49,Debit Card,Returned,100
3084,969,315,2022-08-24,20:30:00,380,44,Cash on Delivery,In Transit,0
3085,28,413,2022-12-31,20:45:00,250,73,Debit Card,Delivered,100
3086,72,323,2022-04-13,17:45:00,1130,89,UPI,Delivered,25
3087,48,227,2023-04-18,22:45:00,800,29,UPI,Delivered,0
3088,584,89,2023-04-30,21:30:00,200,46,Credit Card,In Transit,50
3089,800,271,2023-09-30,10:45:00,590,79,Wallet,Delivered,100
3090,1150,197,2022-03-05,14:45:00,180,86,Debit Card,Delivered,0
3091,125,383,2022-11-10,14:30:00,1360,50,Cash on Delivery,Delivered,75
3092,1234,87,2022-04-09,23:15:00,1240,86,Netbanking,Delivered,0
3093,387,144,2023-08-11,17:45:00,810,40,UPI,Delivered,0
3094,757,274,2022-07-29,23:45:00,570,33,Netbanking,Delivered,25
3095,139,411,2022-03-01,17:45:00,1410,27,Credit Card,In Transit,100
3096,655,284,2022-07-11,22:30:00,730,62,Cash on Delivery,Delivered,75
3097,787,342,2022-07-06,21:15:00,610,66,Netbanking,Delivered,50
3098,1574,385,2023-03-29,11:00:00,1080,21,Credit Card,Delivered,0
3099,1684,62,2022-07-15,17:15:00,1130,83,UPI,Delivered,50
3100,1733,8,2023-11-23,23:45:00,1100,40,Debit Card,Delivered,25
3101,41,133,2022-03-26,22:30:00,510,51,Wallet,Delivered,0
3102,1718,251,2023-01-23,23:45:00,120,65,UPI,Delivered,0
3103,1979,378,2022-09-20,18:15:00,350,85,Cash on Delivery,Delivered,50
3104,297,424,2022-02-05,22:00:00,110,38,Debit Card,Delivered,100
3105,294,208,2023-12-03,21:45:00,900,80,Debit Card,Delivered,75
3106,948,54,2022-01-28,17:15:00,1120,75,Cash on Delivery,Cancelled,0
3107,1922,404,2022-05-03,10:00:00,910,64,Cash on Delivery,Delivered,50
3108,406,41,2022-03-14,13:45:00,480,27,Cash on Delivery,Delivered,75
3109,227,248,2023-04-22,16:00:00,470,68,Wallet,Returned,75
3110,923,40,2023-04-07,19:15:00,670,64,Netbanking,Delivered,0
3111,1645,344,2023-07-15,20:30:00,1080,45,Debit Card,Delivered,0
3112,563,32,2023-08-31,17:45:00,290,30,UPI,Delivered,25
3113,643,425,2023-08-19,23:00:00,930,20,Netbanking,Cancelled,25
3114,1558,267,2023-04-24,20:45:00,400,46,Debit Card,Delivered,0
3115,478,228,2022-05-16,19:15:00,300,70,Netbanking,Cancelled,50
3116,941,332,2023-02-22,22:15:00,450,31,Debit Card,Returned,100
3117,1096,254,2022-01-23,12:30:00,1680,88,Debit Card,In Transit,0
3118,163,471,2022-04-19,22:45:00,150,89,Debit Card,In Transit,0
3119,370,444,2023-03-10,16:30:00,1000,75,Netbanking,Delivered,0
3120,67,146,2022-08-09,17:15:00,230,76,Cash on Delivery,Delivered,0
3121,744,213,2023-09-15,17:45:00,800,90,Wallet,Delivered,0
3122,154,165,2022-03-08,16:15:00,800,30,Netbanking,Delivered,100
3123,1437,454,2023-08-14,21:15:00,430,77,Credit Card,Delivered,100
3124,34,254,2023-01-10,21:15:00,530,23,Credit Card,Cancelled,25
3125,846,266,2023-07-28,17:30:00,800,46,Debit Card,Delivered,25
3126,385,87,2023-01-10,16:30:00,1070,54,Cash on Delivery,Delivered,0
3127,936,352,2023-07-11,11:45:00,740,31,UPI,Delivered,25
3128,1200,303,2023-08-20,23:15:00,550,68,Debit Card,Delivered,25
3129,83,463,2023-08-22,21:30:00,430,67,Cash on Delivery,Returned,0
3130,339,26,2022-04-01,18:00:00,330,69,Cash on Delivery,Delivered,100
3131,1149,93,2023-02-06,13:15:00,650,81,Netbanking,Returned,50
3132,1161,275,2023-12-20,10:30:00,530,63,Netbanking,Delivered,50
3133,616,482,2023-06-10,23:30:00,240,43,Wallet,Delivered,100
3134,237,35,2023-02-15,10:45:00,490,77,UPI,Delivered,100
3135,866,309,2022-09-02,22:45:00,350,85,Credit Card,Delivered,25
3136,1740,3,2023-07-29,11:45:00,1000,36,Credit Card,Delivered,0
3137,95,176,2023-09-22,17:30:00,1190,22,Credit Card,Delivered,100
3138,634,32,2023-01-10,19:15:00,130,66,Debit Card,Delivered,25
3139,1123,59,2022-01-25,21:30:00,1000,29,Credit Card,Cancelled,0
3140,1965,450,2023-09-01,23:15:00,910,35,Netbanking,In Transit,75
3141,254,376,2022-10-12,17:30:00,270,25,Credit Card,Delivered,100
3142,294,198,2022-06-21,16:00:00,360,48,Wallet,Delivered,75
3143,1742,110,2022-10-08,17:15:00,890,38,Credit Card,Delivered,0
3144,1849,217,2022-08-13,12:45:00,760,59,UPI,Delivered,100
3145,1815,474,2023-11-06,11:45:00,300,77,Wallet,Delivered,0
3146,1081,110,2022-08-13,22:00:00,310,23,Wallet,Delivered,100
3147,1056,385,2022-10-23,22:15:00,380,38,Netbanking,Delivered,25
3148,464,183,2022-06-02,13:45:00,1290,23,Debit Card,Delivered,50
3149,1121,19,2023-02-22,15:00:00,210,76,Debit Card,Delivered,0
3150,704,139,2023-09-07,17:15:00,710,79,Cash on Delivery,In Transit,50
3151,386,84,2022-07-27,15:45:00,450,82,Wallet,Delivered,75
3152,1740,421,2022-04-05,13:00:00,640,49,UPI,Returned,100
3153,1861,500,2022-09-16,21:45:00,1100,64,Cash on Delivery,In Transit,0
3154,1719,227,2022-04-20,19:00:00,270,81,Wallet,Delivered,50
3155,457,466,2023-02-09,20:30:00,360,41,Debit Card,Delivered,0
3156,251,106,2023-12-25,11:00:00,950,51,Credit Card,Delivered,25
3157,395,421,2022-05-16,17:15:00,410,24,Netbanking,Delivered,0
3158,1741,65,2023-10-07,10:45:00,1070,72,UPI,Delivered,50
3159,1275,498,2023-03-16,19:30:00,600,32,Netbanking,Delivered,100
3160,1970,42,2023-09-26,20:15:00,280,87,Netbanking,Delivered,100
3161,390,164,2022-05-30,12:45:00,110,76,Netbanking,Delivered,0
3162,1738,257,2022-09-06,23:30:00,1320,21,Credit Card,Cancelled,0
3163,352,122,2023-01-25,22:00:00,780,59,UPI,In Transit,0
3164,191,384,2022-07-16,19:45:00,780,73,Netbanking,Delivered,0
3165,886,300,2022-01-04,13:15:00,350,56,Credit Card,Delivered,25
3166,83,381,2023-11-07,11:15:00,160,44,Wallet,In Transit,0
3167,1270,236,2022-08-06,20:15:00,790,86,UPI,Delivered,100
3168,330,320,2022-06-15,23:15:00,340,84,Credit Card,Cancelled,75
3169,863,64,2022-06-01,12:00:00,1400,46,Credit Card,Delivered,100
3170,1530,419,2023-01-06,16:00:00,350,32,Wallet,Delivered,50
3171,1004,414,2023-11-22,19:45:00,1140,39,Wallet,Delivered,100
3172,1949,235,2022-02-21,11:30:00,970,59,Credit Card,Delivered,0
3173,1874,110,2022-09-22,12:30:00,850,81,UPI,Delivered,25
3174,1933,194,2023-04-15,20:30:00,680,67,Debit Card,Delivered,100
3175,1808,472,2023-11-13,23:15:00,430,56,Cash on Delivery,Delivered,0
3176,1636,38,2022-08-17,13:45:00,830,23,Credit Card,In Transit,0
3177,1722,455,2023-02-17,17:00:00,930,46,UPI,Delivered,100
3178,434,404,2023-08-06,18:15:00,330,61,Credit Card,Cancelled,75
3179,428,478,2022-05-20,23:15:00,380,47,Wallet,Delivered,0
3180,467,423,2022-03-19,20:30:00,400,22,Credit Card,Delivered,0
3181,1832,3,2023-03-25,21:45:00,420,77,UPI,Delivered,75
3182,1307,78,2022-11-06,18:30:00,530,42,Credit Card,Delivered,50
3183,1099,427,2022-09-12,16:30:00,200,32,Cash on Delivery,Delivered,25
3184,1940,265,2023-11-12,18:30:00,350,80,UPI,Delivered,75
3185,1284,53,2023-05-19,18:30:00,1020,68,Wallet,In Transit,50
3186,935,194,2023-09-05,12:45:00,1520,25,Cash on Delivery,Delivered,75
3187,610,211,2022-10-25,13:30:00,960,60,Debit Card,Delivered,100
3188,927,343,2022-07-16,18:15:00,600,82,Debit Card,Delivered,100
3189,327,497,2022-05-13,22:00:00,200,53,Debit Card,Delivered,25
3190,1532,188,2023-11-03,15:45:00,570,83,Credit Card,Delivered,25
3191,1629,254,2022-05-29,14:15:00,1430,26,Credit Card,Delivered,0
3192,1886,405,2022-05-14,13:15:00,1030,31,Credit Card,Cancelled,50
3193,1113,159,2022-12-13,16:15:00,390,21,Cash on Delivery,In Transit,0
3194,1142,64,2022-03-14,14:00:00,380,88,Cash on Delivery,Delivered,25
3195,922,457,2022-11-27,11:15:00,1050,28,Cash on Delivery,Delivered,0
3196,1782,445,2022-10-07,11:30:00,820,41,UPI,Delivered,0
3197,296,121,2022-01-07,15:00:00,980,87,Cash on Delivery,Delivered,75
3198,1224,106,2023-06-12,15:30:00,890,34,Wallet,Delivered,0
3199,1986,482,2022-06-08,16:00:00,900,20,Credit Card,Delivered,75
3200,1645,20,2023-02-10,10:15:00,750,73,UPI,Cancelled,25
3201,1710,312,2023-01-29,15:30:00,980,75,Netbanking,Delivered,100
3202,485,379,2023-08-11,14:00:00,220,44,Wallet,Returned,75
3203,797,44,2023-09-17,12:15:00,1050,39,Debit Card,Delivered,0
3204,1882,171,2023-10-11,19:00:00,960,25,Cash on Delivery,Delivered,25
3205,52,119,2022-03-22,11:15:00,1620,73,Credit Card,Delivered,0
3206,774,103,2022-10-03,21:45:00,780,48,Debit Card,Delivered,0
3207,547,418,2023-08-23,11:30:00,660,54,Credit Card,Delivered,75
3208,1033,210,2023-01-06,20:00:00,300,72,Wallet,Delivered,25
3209,1416,424,2023-03-10,18:00:00,630,22,Credit Card,Delivered,0
3210,901,439,2022-06-09,12:30:00,400,87,Netbanking,Delivered,50
3211,1828,359,2023-05-15,23:30:00,1250,64,UPI,Delivered,100
3212,1651,10,2023-11-27,22:45:00,100,77,Debit Card,Delivered,100
3213,1322,228,2023-11-10,15:45:00,300,23,UPI,Delivered,0
3214,636,224,2022-05-25,22:15:00,1300,67,Netbanking,Delivered,75
3215,1290,16,2022-07-03,20:30:00,600,39,Cash on Delivery,Cancelled,0
3216,788,301,2023-06-25,22:00:00,1460,29,Wallet,Delivered,0
3217,546,376,2023-10-16,17:15:00,820,37,Netbanking,In Transit,0
3218,915,53,2022-07-04,15:30:00,680,25,UPI,Returned,50
3219,402,490,2023-12-06,16:00:00,1630,58,Cash on Delivery,Delivered,50
3220,142,369,2022-04-22,15:15:00,810,50,Credit Card,Delivered,0
3221,1893,316,2022-07-09,15:30:00,890,48,Cash on Delivery,Delivered,100
3222,1827,298,2023-12-29,20:00:00,580,42,Debit Card,Delivered,100
3223,472,299,2022-12-22,23:15:00,890,29,Netbanking,In Transit,25
3224,1426,268,2022-10-27,18:45:00,740,30,Cash on Delivery,Delivered,100
3225,576,92,2022-02-23,17:00:00,990,32,Cash on Delivery,Delivered,75
3226,1711,307,2022-10-06,16:15:00,530,27,Netbanking,Delivered,0
3227,180,398,2023-06-16,17:30:00,750,33,Wallet,Cancelled,75
3228,1314,370,2022-06-03,23:00:00,230,29,Cash on Delivery,Delivered,25
3229,1857,460,2023-01-06,10:00:00,1050,67,Credit Card,Delivered,25
3230,1399,456,2023-04-14,20:30:00,1010,76,Debit Card,Delivered,0
3231,1391,48,2022-10-13,11:30:00,980,42,Netbanking,Delivered,0
3232,1161,476,2023-11-24,12:30:00,510,55,Cash on Delivery,Delivered,100
3233,1779,283,2022-04-30,10:00:00,570,88,UPI,Delivered,100
3234,42,434,2023-03-30,16:45:00,500,90,Debit Card,In Transit,0
3235,1369,461,2023-08-04,11:15:00,1070,25,Netbanking,Delivered,25
3236,1663,161,2023-05-24,12:45:00,170,49,Credit Card,Delivered,0
3237,1714,302,2022-12-19,22:00:00,110,48,Wallet,Delivered,0
3238,153,340,2022-06-28,21:30:00,200,87,Netbanking,Delivered,25
3239,193,112,2022-07-14,10:45:00,100,61,Cash on Delivery,In Transit,100
3240,1409,44,2022-06-20,14:30:00,500,27,Wallet,In Transit,50
3241,471,262,2022-11-26,14:45:00,1110,51,Netbanking,Delivered,0
3242,1270,214,2023-03-31,17:30:00,880,49,Cash on Delivery,Delivered,100
3243,1667,19,2023-12-13,21:00:00,400,88,Wallet,Cancelled,100
3244,933,254,2023-02-25,23:30:00,460,28,Cash on Delivery,Delivered,0
3245,1847,397,2022-03-10,12:45:00,450,27,Cash on Delivery,In Transit,50
3246,1248,361,2022-03-14,11:15:00,1070,54,Debit Card,Delivered,0
3247,270,318,2022-07-27,14:45:00,440,83,Debit Card,Delivered,0
3248,135,342,2023-06-23,23:15:00,820,56,Cash on Delivery,In Transit,100
3249,328,185,2022-06-02,23:15:00,640,55,Credit Card,Delivered,0
3250,2000,267,2023-08-18,17:00:00,250,56,Wallet,Delivered,0
3251,75,55,2023-08-09,20:15:00,210,58,Wallet,Delivered,75
3252,1208,29,2022-02-11,17:30:00,120,35,Netbanking,Delivered,75
3253,1859,50,2022-10-30,11:00:00,330,67,Netbanking,Cancelled,75
3254,874,454,2023-03-01,21:45:00,1270,48,Wallet,Delivered,50
3255,1572,232,2023-03-28,21:45:00,1130,46,Credit Card,In Transit,0
3256,1915,393,2023-09-11,10:45:00,970,23,Wallet,Delivered,50
3257,1333,130,2022-11-05,16:15:00,700,66,Wallet,Delivered,0
3258,1051,437,2023-01-10,12:30:00,710,56,Netbanking,Delivered,25
3259,963,141,2022-05-03,18:00:00,570,46,Wallet,Delivered,0
3260,1910,198,2023-05-28,13:15:00,550,43,Netbanking,Delivered,75
3261,71,363,2023-01-31,10:45:00,640,76,Credit Card,Returned,0
3262,1666,398,2023-06-11,19:45:00,300,81,UPI,Delivered,100
3263,1910,250,2023-07-25,21:15:00,160,30,Cash on Delivery,Delivered,25
3264,1427,55,2023-05-21,17:15:00,310,61,Cash on Delivery,Delivered,0
3265,1744,424,2022-02-28,22:15:00,400,70,Credit Card,Cancelled,0
3266,794,89,2023-07-31,22:00:00,200,30,Credit Card,Delivered,0
3267,973,118,2023-08-16,16:45:00,860,76,Netbanking,Delivered,0
3268,780,89,2023-03-20,20:30:00,1280,89,Netbanking,Delivered,25
3269,85,28,2022-03-16,15:00:00,1100,37,Netbanking,Delivered,100
3270,910,456,2023-04-15,16:45:00,280,48,Credit Card,Delivered,100
3271,518,494,2023-03-18,21:00:00,930,82,Cash on Delivery,Delivered,50
3272,1729,144,2023-07-09,20:00:00,320,64,Credit Card,In Transit,0
3273,836,55,2022-09-12,14:30:00,430,80,Netbanking,Delivered,75
3274,1744,499,2023-06-23,17:00:00,1090,36,Wallet,Delivered,0
3275,1408,184,2023-11-13,16:30:00,500,47,Credit Card,Delivered,0
3276,648,35,2022-03-10,11:15:00,300,20,Netbanking,Delivered,75
3277,310,246,2023-09-14,16:45:00,1460,47,Credit Card,Returned,100
3278,322,216,2023-03-30,14:15:00,1300,47,Credit Card,Delivered,0
3279,1349,71,2022-02-08,21:45:00,770,78,Credit Card,Delivered,100
3280,1487,249,2023-06-19,15:45:00,1390,75,Debit Card,Delivered,0
3281,470,41,2023-02-07,19:45:00,300,25,Credit Card,Delivered,50
3282,622,171,2023-02-25,10:00:00,220,20,Wallet,Delivered,0
3283,1630,267,2022-03-01,23:30:00,180,74,Wallet,Delivered,0
3284,1969,105,2022-08-21,15:30:00,1360,80,Credit Card,Delivered,0
3285,1956,95,2023-02-03,10:45:00,720,43,Wallet,Delivered,50
3286,420,488,2023-06-22,10:15:00,630,81,Credit Card,Cancelled,100
3287,38,242,2023-01-21,10:45:00,160,59,Cash on Delivery,Delivered,0
3288,218,191,2022-01-24,14:00:00,1470,88,Debit Card,Delivered,100
3289,1748,336,2023-03-01,16:15:00,1130,53,Netbanking,Delivered,0
3290,197,156,2022-11-15,21:00:00,550,41,Debit Card,Cancelled,100
3291,401,206,2023-12-31,20:15:00,830,74,Wallet,Delivered,0
3292,311,219,2023-03-07,13:30:00,710,68,Wallet,Delivered,75
3293,1529,50,2023-07-05,21:45:00,730,69,UPI,Delivered,0
3294,835,314,2023-08-20,16:45:00,380,48,Debit Card,Cancelled,25
3295,564,47,2023-03-15,14:30:00,510,82,Debit Card,Delivered,25
3296,1645,37,2022-09-18,18:45:00,830,24,Credit Card,Delivered,75
3297,1500,267,2022-04-14,10:15:00,530,56,UPI,Delivered,50
3298,171,373,2023-11-03,15:15:00,340,62,Wallet,Delivered,0
3299,1474,148,2023-03-01,20:00:00,230,71,Cash on Delivery,Delivered,50
3300,1830,168,2023-12-27,15:30:00,1000,39,UPI,Delivered,0
3301,1708,40,2022-04-03,22:45:00,400,65,UPI,Delivered,100
3302,1748,172,2023-12-09,11:30:00,650,77,UPI,Delivered,0
3303,639,470,2023-02-21,18:00:00,770,57,Netbanking,Delivered,0
3304,1450,350,2022-12-10,21:30:00,920,33,Debit Card,Returned,75
3305,1515,197,2023-07-27,12:15:00,930,33,UPI,Delivered,0
3306,537,286,2022-06-29,18:30:00,1350,60,Netbanking,Delivered,75
3307,1808,381,2022-02-08,12:30:00,650,27,Debit Card,Delivered,100
3308,1963,99,2023-12-25,21:45:00,580,31,Credit Card,Delivered,50
3309,1405,127,2022-04-06,10:00:00,600,61,Credit Card,Delivered,25
3310,529,322,2023-09-27,18:45:00,700,73,UPI,In Transit,0
3311,1421,367,2023-01-06,21:15:00,950,62,Netbanking,Delivered,75
3312,582,255,2022-10-16,22:30:00,980,63,Netbanking,Delivered,100
3313,1432,446,2023-09-09,10:30:00,250,90,Netbanking,In Transit,50
3314,1583,32,2023-02-04,12:30:00,340,71,Wallet,Delivered,0
3315,113,120,2022-01-26,10:15:00,530,85,Credit Card,Delivered,0
3316,1738,486,2023-05-07,21:45:00,600,73,Netbanking,Delivered,75
3317,1137,472,2023-06-05,19:00:00,1110,26,UPI,Returned,25
3318,1344,80,2022-12-26,20:45:00,840,34,UPI,Delivered,0
3319,529,104,2023-11-11,20:30:00,380,26,Cash on Delivery,Delivered,75
3320,84,172,2023-08-30,17:30:00,770,55,Cash on Delivery,Delivered,0
3321,121,220,2022-08-02,21:15:00,610,43,Cash on Delivery,Delivered,50
3322,1336,351,2022-03-07,16:30:00,450,66,UPI,Delivered,75
3323,818,182,2022-08-05,10:30:00,340,49,Debit Card,Cancelled,0
3324,1539,371,2023-06-08,23:15:00,1570,38,Cash on Delivery,Delivered,0
3325,695,209,2023-08-19,12:30:00,550,38,UPI,In Transit,0
3326,972,243,2023-12-22,17:15:00,490,44,UPI,Delivered,75
3327,991,407,2022-05-16,22:15:00,820,33,Cash on Delivery,Delivered,75
3328,1232,454,2022-02-10,19:30:00,490,80,Debit Card,Delivered,0
3329,477,48,2023-07-09,16:15:00,300,86,Debit Card,In Transit,50
3330,605,52,2022-12-31,14:30:00,390,68,Credit Card,Delivered,25
3331,1943,370,2022-05-20,18:30:00,750,66,UPI,Delivered,25
3332,59,489,2023-09-26,12:15:00,700,30,Netbanking,Delivered,0
3333,639,170,2022-10-06,16:30:00,600,33,Credit Card,Delivered,0
3334,746,190,2023-10-01,10:45:00,300,43,Debit Card,Returned,0
3335,161,344,2022-06-17,13:15:00,500,82,Wallet,Delivered,50
3336,1816,147,2023-08-09,16:45:00,1080,35,UPI,In Transit,100
3337,552,357,2023-03-10,10:00:00,430,89,Cash on Delivery,Delivered,0
3338,156,487,2023-10-24,14:30:00,740,79,UPI,Returned,0
3339,124,163,2022-05-11,16:30:00,770,40,Netbanking,Delivered,0
3340,454,80,2022-08-16,13:30:00,1070,84,Cash on Delivery,Delivered,25
3341,1339,144,2022-11-23,17:30:00,590,45,Credit Card,Delivered,0
3342,1312,211,2022-09-05,15:30:00,1080,64,Wallet,Delivered,75
3343,829,69,2022-12-30,15:00:00,1470,64,Wallet,Delivered,100
3344,1303,272,2023-04-29,14:30:00,260,78,Wallet,Delivered,50
3345,1183,179,2022-03-13,22:15:00,700,48,Credit Card,Cancelled,75
3346,1713,471,2023-03-14,22:45:00,100,32,Cash on Delivery,In Transit,0
3347,731,485,2023-11-27,12:15:00,480,32,Credit Card,Delivered,0
3348,294,224,2022-01-02,14:45:00,820,27,UPI,In Transit,0
3349,730,131,2022-02-28,16:45:00,920,89,Debit Card,In Transit,50
3350,1956,336,2023-09-30,16:15:00,310,51,Credit Card,Returned,0
3351,1579,124,2023-08-10,20:30:00,280,64,Cash on Delivery,Delivered,0
3352,1425,478,2023-06-20,17:15:00,570,87,Credit Card,Delivered,0
3353,949,308,2023-11-09,17:15:00,180,27,Cash on Delivery,Cancelled,50
3354,264,187,2023-09-09,17:15:00,580,71,Debit Card,Delivered,100
3355,69,250,2022-02-08,14:00:00,210,21,Cash on Delivery,Cancelled,0
3356,1919,465,2022-05-11,19:15:00,550,59,UPI,Delivered,25
3357,1053,450,2022-07-30,15:15:00,530,54,Netbanking,Delivered,25
3358,1865,246,2023-10-07,23:45:00,1180,44,Cash on Delivery,Delivered,100
3359,290,285,2023-03-30,19:30:00,250,35,Wallet,Delivered,25
3360,1519,190,2022-07-17,12:15:00,250,63,Credit Card,Delivered,75
3361,1262,140,2023-03-22,19:30:00,1120,39,Wallet,Delivered,0
3362,812,160,2023-05-17,14:30:00,830,76,Netbanking,In Transit,75
3363,1160,142,2023-01-24,10:00:00,180,85,Netbanking,Delivered,100
3364,396,86,2022-10-19,22:00:00,130,57,Cash on Delivery,Delivered,100
3365,728,487,2023-10-04,15:30:00,530,43,Credit Card,Delivered,0
3366,58,462,2023-07-12,21:45:00,100,79,Cash on Delivery,In Transit,0
3367,1357,90,2022-05-17,15:15:00,830,34,Wallet,Cancelled,25
3368,427,21,2023-06-22,14:15:00,590,74,Wallet,Delivered,25
3369,47,150,2023-07-16,17:30:00,630,34,UPI,In Transit,25
3370,1919,438,2023-04-21,18:00:00,390,28,Wallet,Delivered,75
3371,799,345,2022-10-10,17:15:00,1000,40,UPI,Delivered,25
3372,518,201,2023-02-03,21:45:00,1160,29,Netbanking,Delivered,75
3373,1552,51,2023-09-27,15:30:00,370,35,Netbanking,Delivered,50
3374,1132,261,2023-02-24,14:00:00,270,38,Debit Card,Delivered,75
3375,244,268,2022-08-31,20:15:00,800,46,UPI,Delivered,25
3376,1022,92,2023-04-09,20:30:00,110,37,Wallet,In Transit,25
3377,1778,31,2022-02-23,15:15:00,410,82,Netbanking,Delivered,0
3378,1301,5,2023-10-18,17:00:00,190,22,Netbanking,Returned,0
3379,1191,350,2022-01-03,18:15:00,780,46,Wallet,Delivered,25
3380,136,431,2023-02-17,15:45:00,860,32,Netbanking,Delivered,50
3381,1360,339,2022-07-13,11:45:00,180,44,UPI,Delivered,100
3382,408,27,2023-02-17,11:00:00,420,50,Debit Card,In Transit,0
3383,1759,88,2022-02-21,22:30:00,150,85,UPI,Cancelled,0
3384,941,432,2022-06-22,13:15:00,700,85,Credit Card,Delivered,0
3385,1920,192,2023-05-04,16:15:00,700,83,UPI,Delivered,75
3386,562,489,2023-10-30,23:00:00,540,75,Cash on Delivery,Delivered,25
3387,309,35,2022-02-26,12:00:00,990,37,UPI,Delivered,25
3388,1334,62,2022-02-17,15:30:00,350,69,Netbanking,Returned,0
3389,14,13,2023-01-03,19:30:00,910,35,Cash on Delivery,Delivered,0
3390,507,401,2023-09-15,22:15:00,1580,86,Wallet,Cancelled,0
3391,348,386,2022-01-26,15:15:00,900,90,Debit Card,Delivered,0
3392,726,355,2022-05-05,15:00:00,180,44,Wallet,Cancelled,0
3393,248,192,2022-01-02,13:00:00,750,84,UPI,Delivered,25
3394,188,448,2022-04-17,11:15:00,300,43,Cash on Delivery,In Transit,0
3395,103,303,2022-02-19,22:45:00,100,37,Cash on Delivery,Delivered,0
3396,1926,215,2023-08-09,22:15:00,1250,44,Wallet,Delivered,50
3397,441,357,2023-03-29,18:30:00,540,59,Cash on Delivery,Delivered,0
3398,1819,250,2022-04-20,14:45:00,550,60,Debit Card,Delivered,0
3399,313,78,2022-04-20,11:30:00,850,88,Netbanking,In Transit,50
3400,1256,216,2023-12-22,14:15:00,530,40,UPI,Delivered,50
3401,307,221,2023-06-09,11:30:00,320,37,Credit Card,Delivered,0
3402,923,393,2022-03-11,17:15:00,620,86,Wallet,Cancelled,0
3403,1423,321,2022-12-17,23:45:00,440,40,Cash on Delivery,Delivered,100
3404,480,315,2023-02-02,23:00:00,400,77,Netbanking,Delivered,100
3405,1589,262,2023-04-14,14:15:00,920,50,UPI,Delivered,50
3406,42,467,2023-09-26,16:45:00,470,86,Debit Card,Cancelled,75
3407,1127,418,2023-11-13,20:45:00,870,37,UPI,In Transit,50
3408,1967,465,2022-02-05,21:15:00,680,26,Cash on Delivery,Delivered,100
3409,1125,415,2022-10-07,21:15:00,500,48,Netbanking,Delivered,0
3410,66,53,2023-08-09,14:00:00,830,54,UPI,In Transit,0
3411,453,324,2022-06-03,22:45:00,100,83,Credit Card,Delivered,25
3412,820,92,2023-05-24,14:45:00,280,36,UPI,Delivered,100
3413,1161,298,2022-03-08,19:15:00,830,75,Debit Card,Delivered,0
3414,891,347,2022-12-13,20:00:00,920,76,UPI,Delivered,0
3415,1717,437,2023-03-06,15:15:00,320,61,UPI,Delivered,75
3416,1361,130,2022-07-23,12:45:00,320,46,UPI,Delivered,25
3417,1339,463,2023-09-27,13:30:00,970,42,Debit Card,Delivered,50
3418,1848,67,2022-04-10,16:15:00,620,80,Cash on Delivery,Delivered,50
3419,1926,39,2023-06-19,19:30:00,250,51,Debit Card,Delivered,0
3420,568,322,2022-02-26,14:00:00,840,47,Debit Card,Delivered,50
3421,1798,272,2022-04-27,13:15:00,1010,90,Credit Card,Delivered,75
3422,394,168,2023-09-23,13:15:00,220,73,Debit Card,Returned,0
3423,53,346,2022-09-06,20:45:00,680,45,Credit Card,Delivered,75
3424,1349,118,2023-09-20,15:00:00,640,87,Debit Card,Delivered,50
3425,1099,7,2022-12-17,16:30:00,840,72,Credit Card,Delivered,100
3426,1800,94,2023-02-05,14:45:00,1050,57,UPI,Delivered,0
3427,1710,72,2023-09-11,20:30:00,180,38,Cash on Delivery,Delivered,25
3428,440,101,2023-06-07,22:45:00,980,22,UPI,In Transit,0
3429,500,431,2023-03-17,19:00:00,550,21,Netbanking,In Transit,0
3430,1511,253,2022-04-13,21:15:00,940,22,Cash on Delivery,Delivered,75
3431,143,117,2023-06-17,19:00:00,1200,56,Credit Card,Delivered,0
3432,263,69,2023-12-16,19:00:00,380,84,Netbanking,Delivered,25
3433,888,443,2023-09-23,22:30:00,200,59,Cash on Delivery,Delivered,0
3434,1574,130,2023-06-04,22:15:00,140,52,Wallet,Delivered,25
3435,1161,495,2022-07-24,13:30:00,160,59,Cash on Delivery,Delivered,100
3436,586,292,2023-12-05,10:45:00,1000,89,Wallet,Delivered,50
3437,1195,462,2023-01-02,19:00:00,550,29,Cash on Delivery,Cancelled,75
3438,346,199,2022-08-19,21:00:00,1560,68,Cash on Delivery,Delivered,100
3439,1127,432,2022-04-11,12:45:00,450,60,Credit Card,Delivered,25
3440,1752,440,2022-07-24,11:45:00,550,87,UPI,Returned,25
3441,1152,33,2023-06-23,18:00:00,290,33,UPI,Delivered,100
3442,736,79,2022-11-18,18:15:00,1030,78,Debit Card,In Transit,0
3443,365,37,2023-04-30,14:30:00,540,70,UPI,Delivered,0
3444,674,235,2022-06-16,19:00:00,850,82,UPI,Delivered,0
3445,1390,239,2023-02-20,13:00:00,700,67,Credit Card,Delivered,75
3446,1938,444,2023-07-05,20:15:00,150,71,Credit Card,Delivered,0
3447,104,156,2022-06-01,23:00:00,880,55,Debit Card,Delivered,0
3448,1069,481,2022-07-25,14:30:00,920,71,UPI,Delivered,50
3449,1261,122,2023-12-07,17:30:00,340,90,Credit Card,Delivered,0
3450,1804,292,2022-10-11,11:00:00,770,68,Credit Card,Delivered,50
3451,238,379,2023-03-23,13:30:00,410,63,Cash on Delivery,In Transit,0
3452,1319,360,2023-04-14,14:15:00,730,83,Credit Card,Delivered,50
3453,517,267,2022-05-25,10:00:00,140,71,Cash on Delivery,Delivered,0
3454,125,49,2022-02-03,16:00:00,930,48,Debit Card,Delivered,25
3455,392,219,2023-07-28,10:00:00,1350,20,Credit Card,Delivered,50
3456,43,493,2023-11-19,15:30:00,200,59,Debit Card,Delivered,100
3457,1951,148,2022-01-12,12:00:00,190,45,Netbanking,Cancelled,0
3458,56,158,2023-06-17,19:45:00,250,58,UPI,Delivered,75
3459,1457,146,2023-07-18,12:00:00,1380,59,Debit Card,Delivered,100
3460,802,119,2023-10-06,13:00:00,1280,64,Debit Card,Delivered,100
3461,577,243,2022-11-30,13:15:00,550,77,Debit Card,Delivered,0
3462,893,467,2023-04-28,13:15:00,800,55,Netbanking,Cancelled,25
3463,1165,68,2022-07-10,13:45:00,130,35,Wallet,Delivered,0
3464,1347,118,2022-03-02,21:45:00,550,43,UPI,Returned,0
3465,1301,181,2022-02-01,10:45:00,380,87,Netbanking,Delivered,75
3466,1416,254,2023-07-17,20:45:00,1400,70,Cash on Delivery,Delivered,0
3467,1893,207,2023-12-31,12:00:00,1060,80,Wallet,Delivered,0
3468,1443,357,2022-10-29,18:00:00,720,43,Wallet,Delivered,50
3469,893,309,2023-06-20,18:00:00,150,26,Cash on Delivery,Delivered,0
3470,654,169,2023-05-23,14:00:00,500,21,UPI,In Transit,0
3471,1505,103,2022-10-21,19:15:00,550,30,Cash on Delivery,Delivered,25
3472,1336,26,2023-11-26,21:45:00,530,29,Wallet,Delivered,0
3473,1192,11,2022-03-19,19:45:00,510,74,Credit Card,Delivered,50
3474,1333,114,2022-03-19,18:30:00,350,24,Debit Card,In Transit,0
3475,24,192,2022-08-14,17:00:00,980,30,Cash on Delivery,Delivered,100
3476,549,248,2022-09-07,13:15:00,770,38,Cash on Delivery,Delivered,0
3477,813,75,2023-02-15,22:00:00,390,39,Wallet,In Transit,100
3478,947,86,2023-06-30,22:30:00,780,66,Credit Card,Delivered,75
3479,1333,52,2023-02-04,20:45:00,1770,47,Debit Card,Delivered,0
3480,274,131,2023-08-28,12:45:00,500,45,Netbanking,Delivered,100
3481,321,210,2023-07-29,11:00:00,620,46,Debit Card,Delivered,0
3482,691,336,2023-05-18,17:30:00,990,41,Wallet,Delivered,100
3483,889,207,2022-11-14,21:45:00,480,63,UPI,Delivered,0
3484,951,54,2022-02-08,17:15:00,1540,42,Credit Card,Delivered,0
3485,158,134,2023-04-02,17:45:00,740,70,Cash on Delivery,Delivered,100
3486,933,179,2022-08-22,17:45:00,220,57,Wallet,Delivered,25
3487,1530,87,2023-02-22,16:00:00,850,51,Credit Card,Delivered,0
3488,1720,134,2023-05-09,19:30:00,800,52,UPI,Delivered,25
3489,1615,483,2022-03-30,16:30:00,500,64,Credit Card,Delivered,50
3490,1762,73,2022-05-28,10:30:00,1400,53,Cash on Delivery,Delivered,25
3491,962,471,2022-02-25,17:45:00,360,39,Wallet,Delivered,0
3492,1384,464,2022-08-22,10:15:00,1230,60,Wallet,Delivered,100
3493,1241,231,2022-06-30,11:00:00,680,22,Netbanking,Cancelled,0
3494,789,253,2023-11-24,22:30:00,830,50,Cash on Delivery,Delivered,25
3495,250,60,2022-07-15,10:00:00,680,84,Netbanking,Cancelled,0
3496,154,425,2022-04-04,20:45:00,380,41,Cash on Delivery,Delivered,75
3497,845,247,2022-10-24,18:15:00,1200,65,Cash on Delivery,Delivered,0
3498,418,63,2023-03-25,13:00:00,240,71,UPI,Delivered,25
3499,909,235,2023-08-15,14:30:00,450,72,UPI,Delivered,0
3500,985,405,2022-06-29,10:15:00,750,78,Debit Card,Delivered,0
3501,1848,187,2023-09-25,23:30:00,500,87,Debit Card,Delivered,0
3502,1912,383,2022-12-29,23:00:00,1270,90,Credit Card,Delivered,100
3503,1524,266,2022-02-03,11:45:00,200,44,Credit Card,Delivered,50
3504,858,38,2023-06-27,15:15:00,400,45,Debit Card,Delivered,100
3505,1909,346,2022-02-16,10:45:00,630,61,Credit Card,Delivered,100
3506,1143,488,2023-07-12,22:30:00,430,59,Debit Card,Cancelled,25
3507,577,200,2023-08-17,20:00:00,400,41,Netbanking,Delivered,0
3508,1171,166,2022-07-14,21:30:00,1030,61,UPI,Delivered,50
3509,711,43,2023-07-11,16:30:00,880,42,Cash on Delivery,Delivered,50
3510,961,370,2023-01-28,10:30:00,1100,88,Wallet,Delivered,75
3511,1225,338,2022-08-12,18:45:00,1200,58,Wallet,Delivered,0
3512,1775,472,2022-12-04,18:30:00,80,34,Credit Card,Delivered,75
3513,1526,412,2022-02-21,15:30:00,820,66,Wallet,Delivered,25
3514,1581,284,2022-12-21,12:45:00,150,37,Credit Card,Delivered,75
3515,1874,276,2023-03-23,12:30:00,550,78,UPI,Delivered,50
3516,165,448,2022-04-07,10:30:00,1320,88,Cash on Delivery,Delivered,75
3517,124,404,2023-03-18,13:45:00,1110,82,Wallet,Delivered,0
3518,1407,131,2022-08-08,22:15:00,270,35,UPI,Delivered,100
3519,1500,73,2022-03-10,20:00:00,1480,82,Netbanking,Delivered,50
3520,1744,115,2022-10-13,15:45:00,480,22,Credit Card,Delivered,0
3521,596,224,2023-03-16,19:45:00,580,37,Cash on Delivery,Delivered,100
3522,457,303,2022-10-11,16:15:00,150,36,Credit Card,Delivered,50
3523,1898,322,2023-06-25,23:15:00,330,23,Wallet,Delivered,25
3524,113,324,2023-04-15,13:45:00,1150,51,UPI,Delivered,0
3525,480,302,2023-07-16,20:30:00,800,52,Wallet,Delivered,75
3526,1842,299,2023-06-27,17:15:00,1230,63,Debit Card,Delivered,0
3527,1969,406,2023-11-30,21:00:00,1000,48,Netbanking,Delivered,0
3528,1811,122,2023-02-05,13:00:00,340,59,Wallet,Delivered,0
3529,674,347,2023-07-28,13:15:00,640,48,Wallet,Cancelled,25
3530,739,21,2023-06-25,20:15:00,150,29,Wallet,Delivered,25
3531,614,171,2022-02-28,22:00:00,180,69,Wallet,Delivered,0
3532,582,210,2023-01-29,12:00:00,200,64,Wallet,Delivered,25
3533,1724,160,2022-11-08,18:45:00,770,24,Cash on Delivery,Returned,0
3534,986,397,2023-02-03,17:00:00,360,90,Cash on Delivery,Delivered,0
3535,1690,374,2023-06-07,19:15:00,640,46,Credit Card,Delivered,75
3536,1021,296,2023-11-28,16:00:00,1060,23,Cash on Delivery,Delivered,0
3537,1870,184,2023-02-02,19:00:00,380,65,Debit Card,In Transit,0
3538,1332,476,2022-05-02,14:45:00,300,21,Wallet,Cancelled,0
3539,1692,376,2023-08-01,19:45:00,870,63,Credit Card,Delivered,25
3540,556,447,2022-12-26,15:15:00,1090,36,Wallet,Cancelled,100
3541,1791,171,2022-08-29,14:45:00,750,83,Debit Card,Delivered,0
3542,1332,167,2023-09-22,16:30:00,390,82,UPI,Delivered,50
3543,1091,152,2022-01-31,18:30:00,1130,46,Wallet,Delivered,50
3544,1965,294,2023-03-17,15:15:00,1130,48,Netbanking,Delivered,50
3545,282,449,2022-08-08,20:00:00,150,32,Wallet,Delivered,0
3546,716,77,2023-08-12,14:15:00,180,86,Wallet,Delivered,25
3547,1176,356,2023-07-11,13:30:00,130,42,Cash on Delivery,In Transit,25
3548,1346,1,2023-03-22,13:00:00,780,29,Wallet,Delivered,0
3549,1925,63,2023-02-06,19:45:00,1050,74,Debit Card,In Transit,100
3550,1818,72,2022-11-08,11:45:00,610,59,Netbanking,Delivered,75
3551,1553,491,2022-03-10,10:30:00,1130,30,Netbanking,Delivered,0
3552,1319,359,2023-01-31,23:00:00,980,35,Wallet,Delivered,75
3553,1315,460,2022-06-04,18:00:00,700,32,Wallet,Cancelled,25
3554,1645,243,2023-01-04,10:00:00,250,70,Cash on Delivery,Cancelled,0
3555,885,32,2022-02-28,10:30:00,550,74,Netbanking,Delivered,100
3556,1887,381,2023-05-30,22:15:00,750,41,Netbanking,Returned,0
3557,1625,82,2023-03-19,19:45:00,450,56,Credit Card,Cancelled,75
3558,553,269,2023-05-23,15:00:00,640,58,Credit Card,Delivered,0
3559,1875,256,2022-09-19,12:15:00,750,66,Netbanking,Delivered,50
3560,182,258,2023-03-26,22:15:00,990,64,Netbanking,Delivered,75
3561,1674,94,2023-04-29,20:45:00,800,37,Debit Card,Delivered,100
3562,1296,38,2023-03-05,20:45:00,620,44,Credit Card,Delivered,0
3563,445,352,2023-12-26,17:15:00,750,55,Cash on Delivery,In Transit,0
3564,638,182,2022-11-17,14:15:00,790,28,Wallet,Delivered,0
3565,1470,114,2022-03-10,17:00:00,850,59,Debit Card,In Transit,75
3566,1516,296,2022-12-03,19:45:00,1100,66,UPI,Returned,0
3567,80,449,2022-04-16,14:00:00,1240,38,Debit Card,In Transit,100
3568,1829,127,2023-04-19,17:15:00,710,71,Wallet,Delivered,75
3569,121,167,2023-11-27,16:00:00,1210,48,Cash on Delivery,Delivered,50
3570,157,240,2023-10-21,21:00:00,1000,40,Netbanking,Delivered,100
3571,23,182,2022-02-26,23:45:00,600,73,Credit Card,In Transit,100
3572,1472,3,2022-12-20,13:45:00,480,72,Debit Card,Delivered,0
3573,1581,297,2023-03-30,12:15:00,1240,30,Cash on Delivery,In Transit,0
3574,252,11,2022-02-17,21:30:00,1140,76,Netbanking,Delivered,100
3575,1086,370,2022-01-11,23:00:00,230,55,Credit Card,Delivered,25
3576,994,112,2022-10-31,18:30:00,170,41,Credit Card,Delivered,25
3577,1116,349,2023-05-29,21:45:00,1190,30,Debit Card,Delivered,100
3578,118,371,2022-04-21,17:00:00,810,74,Debit Card,In Transit,50
3579,1838,325,2022-07-15,20:15:00,1140,54,Credit Card,Delivered,50
3580,1302,152,2022-05-28,18:00:00,790,37,Wallet,Cancelled,25
3581,179,429,2022-05-27,14:00:00,110,89,Credit Card,Delivered,0
3582,527,292,2023-03-30,18:30:00,1250,89,Debit Card,Delivered,0
3583,1191,17,2022-08-26,21:00:00,880,33,Netbanking,Cancelled,25
3584,1658,366,2022-09-07,13:15:00,1060,65,Netbanking,Delivered,0
3585,371,229,2023-05-27,10:30:00,450,78,Credit Card,Delivered,50
3586,1609,259,2023-10-14,18:00:00,880,37,Wallet,Delivered,0
3587,1475,341,2022-05-25,15:30:00,330,22,Cash on Delivery,Delivered,0
3588,268,38,2023-10-18,20:45:00,1030,43,Wallet,Delivered,25
3589,388,54,2023-08-11,21:30:00,1070,39,Wallet,Delivered,0
3590,242,273,2022-07-05,20:15:00,630,47,UPI,Delivered,75
3591,1438,380,2022-03-13,19:15:00,250,39,UPI,Delivered,0
3592,1126,369,2022-08-18,18:00:00,710,21,Cash on Delivery,Delivered,0
3593,965,75,2023-12-16,23:30:00,1350,63,Cash on Delivery,Delivered,0
3594,374,350,2023-01-04,16:30:00,820,48,Cash on Delivery,Delivered,50
3595,206,386,2023-12-02,21:45:00,840,40,Credit Card,Delivered,75
3596,1735,290,2023-02-27,14:30:00,1120,81,Cash on Delivery,Delivered,0
3597,1347,226,2022-09-07,16:45:00,640,23,Cash on Delivery,Delivered,100
3598,1339,130,2023-10-12,21:30:00,400,86,Cash on Delivery,Delivered,100
3599,1370,447,2022-12-19,11:15:00,840,68,Debit Card,Delivered,100
3600,110,282,2023-12-19,22:30:00,570,39,Cash on Delivery,Cancelled,0
3601,378,352,2023-10-15,11:30:00,360,86,Wallet,Delivered,100
3602,491,234,2022-11-21,10:45:00,320,86,Wallet,Delivered,0
3603,1793,485,2022-02-26,19:45:00,490,78,Debit Card,Delivered,100
3604,1782,487,2023-06-03,17:45:00,480,21,Debit Card,Delivered,100
3605,1026,36,2022-07-27,14:15:00,580,75,Cash on Delivery,Delivered,0
3606,1899,109,2023-09-03,12:45:00,1190,75,Credit Card,Delivered,50
3607,1009,425,2023-11-22,23:45:00,320,34,Cash on Delivery,Delivered,0
3608,1654,403,2023-02-07,23:30:00,930,82,Cash on Delivery,Delivered,0
3609,1142,219,2022-03-16,16:00:00,910,86,Debit Card,Delivered,75
3610,1379,295,2023-03-16,12:00:00,210,45,Wallet,Delivered,75
3611,343,311,2023-05-13,10:45:00,1000,39,Cash on Delivery,Delivered,0
3612,1103,372,2023-01-19,16:45:00,1270,46,UPI,Delivered,0
3613,1788,320,2022-11-01,13:45:00,780,49,Wallet,In Transit,0
3614,1677,1,2023-01-20,14:45:00,480,24,Cash on Delivery,In Transit,0
3615,718,39,2023-05-15,21:15:00,230,26,Debit Card,Delivered,75
3616,1036,314,2022-02-09,17:30:00,350,59,Debit Card,In Transit,0
3617,920,331,2022-01-19,12:45:00,1340,88,Debit Card,Delivered,50
3618,1611,434,2023-03-28,23:45:00,630,67,Netbanking,Delivered,0
3619,1740,88,2023-10-31,19:30:00,1080,68,Cash on Delivery,Delivered,100
3620,1262,323,2023-09-08,23:45:00,760,45,UPI,Delivered,50
3621,934,466,2022-02-24,11:45:00,340,87,UPI,Cancelled,0
3622,1644,349,2022-10-22,11:45:00,1060,39,Netbanking,Delivered,0
3623,675,124,2023-10-13,14:45:00,810,79,Debit Card,Delivered,100
3624,416,406,2022-10-17,19:15:00,830,86,Credit Card,Delivered,25
3625,1251,426,2023-11-14,16:00:00,350,61,UPI,Delivered,100
3626,1894,44,2022-04-07,10:15:00,1670,30,Debit Card,Delivered,0
3627,758,283,2023-11-21,20:00:00,150,26,Debit Card,Delivered,25
3628,1739,351,2023-03-23,22:30:00,650,22,Wallet,Delivered,75
3629,1755,110,2022-09-09,12:15:00,450,49,Cash on Delivery,Delivered,50
3630,1438,487,2023-11-10,23:00:00,450,87,Netbanking,Delivered,0
3631,1661,197,2022-12-05,10:00:00,600,31,Debit Card,Delivered,100
3632,987,95,2022-12-05,10:00:00,210,80,Netbanking,In Transit,0
3633,677,261,2022-02-23,20:30:00,590,64,UPI,In Transit,75
3634,1816,56,2023-08-27,12:30:00,1480,53,Debit Card,Delivered,75
3635,543,451,2023-09-16,13:15:00,520,41,Wallet,Delivered,100
3636,172,473,2022-01-08,20:15:00,510,38,Credit Card,Delivered,75
3637,34,112,2023-05-19,10:30:00,630,74,Wallet,Delivered,75
3638,1430,248,2023-09-12,23:00:00,560,85,Wallet,Delivered,25
3639,1863,328,2023-03-06,14:30:00,270,68,Credit Card,Delivered,0
3640,595,327,2023-11-26,13:45:00,380,78,UPI,Delivered,100
3641,143,348,2022-07-22,13:45:00,280,71,Credit Card,Cancelled,25
3642,1445,168,2022-11-17,21:30:00,200,27,UPI,Delivered,100
3643,1632,58,2023-11-28,13:45:00,1070,77,Credit Card,Delivered,0
3644,1819,433,2023-11-10,22:00:00,570,36,Credit Card,Cancelled,25
3645,1712,121,2023-04-07,17:00:00,580,37,Credit Card,Delivered,0
3646,1238,155,2022-12-05,11:00:00,450,30,Credit Card,Cancelled,50
3647,486,310,2023-04-25,14:30:00,550,65,Netbanking,Delivered,75
3648,1934,269,2022-08-04,19:15:00,220,24,Netbanking,Delivered,0
3649,611,89,2022-07-28,22:15:00,590,47,Credit Card,Delivered,100
3650,77,453,2022-10-24,16:00:00,280,41,Credit Card,Delivered,0
3651,1541,67,2023-05-31,10:15:00,280,82,UPI,Delivered,100
3652,928,183,2022-11-30,13:00:00,230,65,Netbanking,Delivered,25
3653,15,223,2022-09-05,14:15:00,240,87,Cash on Delivery,Delivered,100
3654,503,4,2022-05-16,10:00:00,550,82,Wallet,Delivered,50
3655,1965,251,2023-04-14,16:45:00,720,51,Debit Card,Delivered,50
3656,1123,46,2022-05-30,17:30:00,590,21,Cash on Delivery,Delivered,50
3657,1937,159,2022-03-13,13:45:00,480,58,Wallet,Delivered,50
3658,633,83,2023-06-11,22:15:00,1080,52,Netbanking,In Transit,0
3659,25,406,2022-07-07,12:00:00,510,89,Credit Card,Delivered,100
3660,105,26,2023-07-22,23:30:00,750,66,Debit Card,Delivered,50
3661,1754,208,2022-05-19,10:15:00,980,35,Netbanking,Delivered,0
3662,1491,21,2023-09-25,21:00:00,710,53,Cash on Delivery,Delivered,50
3663,1108,356,2022-08-21,13:45:00,200,63,Credit Card,Delivered,0
3664,554,351,2023-01-08,20:45:00,840,72,Wallet,Delivered,25
3665,263,420,2022-03-28,14:30:00,990,81,Cash on Delivery,Delivered,50
3666,1397,96,2022-04-11,13:45:00,940,77,UPI,Delivered,25
3667,1447,257,2023-12-14,19:00:00,1280,82,Wallet,Delivered,0
3668,790,16,2023-10-16,17:00:00,730,26,UPI,Delivered,0
3669,879,483,2022-05-29,18:45:00,540,65,Netbanking,Delivered,50
3670,1652,322,2022-10-19,20:30:00,250,87,Cash on Delivery,Delivered,75
3671,1923,426,2022-07-04,12:15:00,590,55,Netbanking,Returned,25
3672,1953,31,2023-05-01,19:30:00,530,40,Credit Card,Delivered,75
3673,159,286,2023-11-07,16:45:00,1380,72,Cash on Delivery,Delivered,75
3674,760,300,2023-10-19,19:45:00,1130,87,UPI,Delivered,100
3675,1861,42,2022-01-19,17:45:00,1040,75,Debit Card,Delivered,25
3676,313,363,2022-08-28,20:15:00,560,73,Cash on Delivery,Delivered,0
3677,98,248,2023-12-31,20:30:00,710,23,Wallet,Delivered,50
3678,837,93,2022-12-18,13:00:00,640,33,Debit Card,Delivered,75
3679,1400,43,2022-12-17,15:00:00,920,52,Debit Card,Returned,0
3680,627,112,2023-06-24,19:15:00,450,68,UPI,In Transit,0
3681,142,31,2023-08-30,19:15:00,320,58,Wallet,Delivered,50
3682,385,145,2022-05-19,10:45:00,1320,76,Cash on Delivery,Delivered,75
3683,1490,333,2023-02-10,16:00:00,150,57,Cash on Delivery,Delivered,100
3684,1318,24,2022-07-06,17:45:00,400,49,Netbanking,Delivered,75
3685,1579,78,2023-04-14,12:30:00,220,27,Debit Card,Delivered,100
3686,1274,202,2022-04-07,23:00:00,500,40,Cash on Delivery,Delivered,0
3687,1722,20,2023-10-21,11:30:00,570,54,Credit Card,Delivered,0
3688,190,388,2022-12-20,11:30:00,670,71,Cash on Delivery,Delivered,0
3689,866,285,2022-11-28,10:45:00,1410,68,Credit Card,Delivered,50
3690,718,117,2023-07-27,17:00:00,1150,28,UPI,Delivered,100
3691,1424,104,2022-08-27,11:15:00,1550,51,Wallet,In Transit,25
3692,1527,27,2023-06-26,19:00:00,750,46,Debit Card,In Transit,100
3693,1186,243,2022-02-10,17:00:00,430,46,Cash on Delivery,Delivered,0
3694,1993,263,2023-02-13,16:30:00,950,76,Debit Card,Delivered,100
3695,13,306,2023-03-27,20:00:00,650,74,Debit Card,Cancelled,0
3696,785,300,2022-12-19,16:15:00,850,56,Debit Card,Delivered,25
3697,576,20,2022-11-01,13:15:00,610,57,Debit Card,Returned,50
3698,1329,93,2022-05-29,13:15:00,760,70,Netbanking,Delivered,100
3699,121,435,2022-10-17,11:00:00,1600,46,UPI,Delivered,25
3700,442,56,2022-01-29,11:30:00,160,79,UPI,Delivered,75
3701,539,264,2023-05-08,13:15:00,580,50,UPI,Returned,0
3702,1230,94,2022-04-30,18:15:00,300,55,UPI,Delivered,75
3703,783,285,2023-04-19,23:15:00,1290,44,Wallet,Delivered,25
3704,1878,498,2023-10-12,16:00:00,510,34,Credit Card,Delivered,0
3705,1065,373,2022-07-07,17:30:00,290,50,Debit Card,Delivered,75
3706,1018,70,2022-01-29,23:45:00,920,28,Credit Card,In Transit,0
3707,839,316,2023-04-22,18:45:00,960,89,UPI,In Transit,0
3708,1749,6,2022-01-02,16:15:00,610,25,Credit Card,Delivered,50
3709,686,219,2023-02-15,20:00:00,1050,79,Cash on Delivery,Cancelled,75
3710,135,291,2022-11-02,18:00:00,1380,27,UPI,Delivered,0
3711,1742,105,2022-01-11,13:30:00,280,66,Wallet,Delivered,0
3712,620,353,2022-12-03,11:45:00,920,70,Netbanking,Delivered,0
3713,448,453,2022-07-11,19:00:00,1100,65,Wallet,Delivered,25
3714,1222,182,2022-09-25,19:15:00,330,72,Wallet,Delivered,25
3715,106,134,2023-11-29,13:30:00,420,20,Wallet,Delivered,100
3716,1148,295,2022-08-30,14:30:00,390,43,Cash on Delivery,Delivered,75
3717,637,424,2022-11-19,12:15:00,530,65,Netbanking,Delivered,25
3718,1554,299,2022-04-16,18:45:00,1030,26,Netbanking,Delivered,100
3719,710,70,2023-12-22,19:00:00,220,78,UPI,Delivered,0
3720,376,376,2022-03-28,12:30:00,1240,53,Credit Card,Delivered,100
3721,38,94,2022-11-30,23:15:00,840,76,Netbanking,Delivered,25
3722,548,87,2022-05-19,23:30:00,1510,70,Netbanking,Delivered,50
3723,225,137,2023-09-02,23:00:00,520,60,Cash on Delivery,Delivered,0
3724,1942,8,2023-05-01,23:00:00,1430,44,UPI,Delivered,0
3725,1832,334,2023-04-25,22:00:00,350,56,UPI,Delivered,50
3726,617,141,2023-08-12,14:30:00,1150,32,UPI,Delivered,50
3727,47,32,2023-06-07,17:15:00,300,39,UPI,Delivered,0
3728,46,92,2022-09-09,23:30:00,630,64,Wallet,Delivered,0
3729,412,352,2023-12-03,15:00:00,450,78,Wallet,Delivered,25
3730,1915,17,2023-09-28,18:30:00,300,88,UPI,Delivered,0
3731,268,364,2023-02-15,11:15:00,140,61,Credit Card,Delivered,100
3732,342,448,2022-12-28,23:00:00,220,41,UPI,Delivered,50
3733,1661,41,2022-01-22,21:00:00,1490,58,UPI,Delivered,100
3734,820,94,2023-04-08,11:45:00,500,83,Wallet,Delivered,0
3735,1645,280,2022-07-23,10:30:00,480,48,Wallet,Delivered,0
3736,993,10,2023-05-20,12:45:00,1170,68,Credit Card,In Transit,50
3737,1734,404,2022-11-30,12:00:00,630,84,Netbanking,Cancelled,75
3738,1225,275,2023-12-02,11:45:00,1300,52,Netbanking,Delivered,25
3739,169,111,2023-09-13,13:00:00,730,80,Debit Card,Delivered,75
3740,91,410,2022-09-05,21:00:00,540,51,Netbanking,In Transit,0
3741,1401,380,2023-02-25,20:30:00,740,37,Credit Card,Delivered,75
3742,1544,254,2022-06-10,23:15:00,910,65,Credit Card,Delivered,75
3743,1364,365,2022-02-21,12:15:00,210,73,UPI,Delivered,0
3744,440,403,2022-07-31,18:30:00,630,52,Cash on Delivery,Delivered,0
3745,1774,77,2022-03-29,12:00:00,410,24,UPI,Delivered,50
3746,846,89,2023-11-20,23:30:00,120,36,UPI,Delivered,0
3747,97,451,2022-10-25,10:45:00,1080,83,UPI,Delivered,0
3748,598,173,2022-05-20,12:00:00,880,82,Cash on Delivery,In Transit,50
3749,1892,53,2022-04-28,14:00:00,840,21,Cash on Delivery,Delivered,0
3750,617,369,2022-02-27,22:45:00,1640,84,Cash on Delivery,Delivered,0
3751,1901,447,2022-02-28,19:00:00,250,21,UPI,Delivered,25
3752,188,282,2022-07-14,16:45:00,180,34,Cash on Delivery,Delivered,100
3753,1639,163,2023-01-12,21:30:00,730,40,Debit Card,Delivered,100
3754,728,463,2022-11-27,18:00:00,400,59,Debit Card,Delivered,100
3755,761,320,2023-11-29,12:30:00,540,35,Wallet,Cancelled,50
3756,44,255,2022-01-02,22:45:00,760,44,Wallet,Returned,0
3757,1635,212,2022-11-06,13:15:00,180,61,Credit Card,Delivered,0
3758,1560,320,2023-10-15,11:45:00,330,24,Netbanking,Delivered,0
3759,1472,294,2022-01-16,18:30:00,810,81,Cash on Delivery,Delivered,25
3760,24,311,2022-04-23,20:15:00,160,54,Credit Card,Delivered,0
3761,199,127,2023-12-16,22:00:00,410,80,Wallet,Delivered,25
3762,413,46,2023-05-17,13:45:00,550,72,Debit Card,Delivered,50
3763,272,208,2022-03-21,10:15:00,900,84,Netbanking,Delivered,25
3764,1661,298,2022-01-08,17:30:00,620,65,Debit Card,Delivered,0
3765,682,430,2023-12-21,12:00:00,1140,90,Netbanking,In Transit,0
3766,1657,472,2023-12-16,23:15:00,150,23,Cash on Delivery,Delivered,25
3767,1324,493,2023-02-19,20:45:00,240,83,Cash on Delivery,Delivered,25
3768,252,80,2022-10-17,15:45:00,130,53,Debit Card,Delivered,25
3769,586,110,2023-06-30,18:00:00,570,29,Netbanking,Delivered,0
3770,1605,49,2023-05-30,15:45:00,380,54,Credit Card,Delivered,0
3771,341,200,2023-10-05,10:30:00,840,30,Cash on Delivery,Delivered,75
3772,762,74,2022-09-15,13:00:00,990,61,Wallet,Delivered,0
3773,1178,29,2022-11-23,19:30:00,410,32,Cash on Delivery,Delivered,0
3774,1174,299,2023-04-06,10:30:00,630,24,UPI,In Transit,0
3775,448,424,2022-05-30,16:00:00,330,39,Debit Card,Delivered,50
3776,522,399,2022-03-31,17:30:00,550,89,Credit Card,Delivered,0
3777,489,62,2022-06-25,10:15:00,1180,81,Debit Card,Delivered,0
3778,1276,227,2022-10-02,13:45:00,200,88,Credit Card,Delivered,75
3779,1587,226,2022-07-14,18:30:00,950,34,Credit Card,Delivered,50
3780,982,222,2023-07-18,12:45:00,510,60,UPI,Delivered,25
3781,1414,476,2023-12-20,19:00:00,870,56,Wallet,Delivered,0
3782,460,318,2022-02-12,11:00:00,400,37,UPI,Delivered,25
3783,69,154,2023-07-12,14:00:00,500,80,Debit Card,Delivered,0
3784,242,372,2022-09-05,10:00:00,1230,81,Cash on Delivery,Delivered,75
3785,466,495,2023-08-16,11:00:00,310,60,Cash on Delivery,Delivered,25
3786,230,298,2023-12-04,23:00:00,780,71,Cash on Delivery,Delivered,0
3787,1123,174,2023-11-13,10:30:00,790,37,Wallet,Delivered,50
3788,1530,260,2023-07-27,12:45:00,1230,57,Debit Card,Delivered,0
3789,1011,457,2023-01-13,14:00:00,820,42,Wallet,Delivered,25
3790,1700,277,2022-06-04,11:45:00,500,68,Netbanking,Returned,0
3791,49,434,2023-03-03,11:00:00,1290,82,Debit Card,In Transit,0
3792,1337,498,2022-06-30,15:15:00,540,58,Netbanking,Delivered,100
3793,1065,327,2022-03-26,17:15:00,1460,46,Debit Card,Delivered,50
3794,1935,447,2023-10-05,18:30:00,1070,52,Wallet,Delivered,50
3795,957,133,2023-10-10,22:15:00,470,59,UPI,Delivered,100
3796,1494,193,2023-10-08,21:15:00,330,44,UPI,Delivered,0
3797,861,49,2023-03-22,12:45:00,130,90,Debit Card,Delivered,100
3798,1596,277,2022-08-25,15:30:00,230,65,Wallet,Delivered,0
3799,1224,222,2023-02-05,19:00:00,610,27,Cash on Delivery,Delivered,75
3800,1986,313,2022-11-28,22:45:00,490,75,Wallet,Delivered,0
3801,1627,344,2023-10-11,14:15:00,730,20,Debit Card,Delivered,50
3802,533,202,2022-07-24,15:45:00,1230,51,UPI,Delivered,25
3803,1896,222,2022-01-23,14:45:00,830,86,Cash on Delivery,Delivered,0
3804,961,315,2023-05-25,11:30:00,1060,78,UPI,Delivered,0
3805,1943,440,2023-09-08,17:15:00,850,89,Cash on Delivery,Delivered,0
3806,1043,499,2023-01-08,16:30:00,640,40,Credit Card,In Transit,75
3807,71,355,2023-06-22,23:30:00,120,41,Debit Card,Delivered,75
3808,1151,482,2022-04-26,14:45:00,1100,66,Credit Card,Delivered,0
3809,507,288,2022-06-01,19:00:00,540,76,UPI,Returned,25
3810,957,14,2023-04-24,19:15:00,890,27,Cash on Delivery,Delivered,0
3811,1236,393,2023-02-22,19:45:00,1040,52,Wallet,Delivered,75
3812,1172,29,2023-08-27,12:45:00,710,25,Cash on Delivery,Delivered,0
3813,383,494,2023-05-22,18:15:00,1290,73,Wallet,Cancelled,0
3814,897,127,2023-05-15,10:45:00,820,78,Cash on Delivery,Delivered,50
3815,718,389,2023-08-14,18:45:00,1070,49,Netbanking,Delivered,0
3816,632,209,2022-07-01,17:45:00,280,21,Debit Card,Delivered,25
3817,744,104,2023-12-06,12:45:00,120,63,Debit Card,Delivered,0
3818,1689,111,2023-07-13,13:45:00,510,50,UPI,Delivered,0
3819,945,175,2023-06-09,13:00:00,420,67,Cash on Delivery,Delivered,75
3820,1247,54,2023-07-19,17:45:00,900,49,Cash on Delivery,Delivered,100
3821,181,193,2023-06-21,17:15:00,380,33,Credit Card,Delivered,0
3822,241,90,2022-08-02,20:00:00,640,42,Wallet,Delivered,25
3823,1753,117,2023-06-24,12:00:00,220,62,Cash on Delivery,Delivered,0
3824,1251,322,2022-02-24,18:30:00,700,27,Netbanking,Delivered,100
3825,1558,110,2023-04-10,18:15:00,730,43,UPI,In Transit,25
3826,720,38,2023-07-27,17:45:00,120,75,Wallet,Delivered,50
3827,231,7,2022-06-17,17:15:00,480,53,Wallet,Delivered,0
3828,1146,43,2022-08-03,20:45:00,440,28,Cash on Delivery,Delivered,0
3829,20,359,2022-01-07,18:00:00,290,58,Debit Card,Delivered,0
3830,240,299,2022-02-21,13:30:00,730,72,UPI,Delivered,0
3831,1654,462,2022-02-17,13:30:00,100,64,Credit Card,Delivered,0
3832,927,500,2022-08-21,16:45:00,380,48,UPI,Cancelled,25
3833,281,307,2023-07-24,23:15:00,1120,31,Wallet,Delivered,75
3834,505,113,2022-02-20,20:15:00,930,38,Debit Card,Delivered,100
3835,1900,435,2023-05-21,15:00:00,1200,30,Credit Card,Delivered,25
3836,112,107,2023-07-10,18:30:00,680,22,UPI,Delivered,25
3837,1049,215,2023-08-08,19:30:00,1480,58,Cash on Delivery,Delivered,0
3838,62,68,2022-06-17,18:00:00,340,35,UPI,Delivered,100
3839,1677,133,2022-03-17,13:30:00,1090,47,Netbanking,Delivered,0
3840,441,406,2023-05-15,14:00:00,510,34,Cash on Delivery,Delivered,25
3841,382,413,2022-03-14,10:30:00,770,72,UPI,Delivered,0
3842,1257,358,2023-06-25,10:30:00,1410,22,Credit Card,Delivered,100
3843,1874,258,2023-10-25,19:00:00,340,85,Credit Card,Delivered,0
3844,770,76,2022-01-22,16:45:00,510,28,Wallet,Delivered,0
3845,1371,41,2023-05-22,23:00:00,640,62,UPI,Delivered,75
3846,469,130,2022-07-08,14:15:00,480,48,Netbanking,Cancelled,0
3847,1833,377,2023-12-23,21:45:00,260,71,Credit Card,Delivered,100
3848,1711,220,2022-04-17,16:30:00,400,49,Credit Card,Delivered,25
3849,1381,459,2023-11-23,13:45:00,760,52,Debit Card,Cancelled,50
3850,1538,462,2023-11-12,20:30:00,230,65,UPI,Cancelled,25
3851,1453,138,2022-05-30,21:30:00,1150,81,Credit Card,Delivered,0
3852,1184,58,2022-12-07,11:30:00,590,75,Netbanking,Delivered,0
3853,10,16,2023-09-24,18:15:00,540,20,Debit Card,Delivered,0
3854,488,25,2022-07-26,14:30:00,390,69,Cash on Delivery,Delivered,25
3855,411,12,2023-08-08,21:30:00,350,60,Netbanking,Delivered,0
3856,39,473,2022-03-10,17:15:00,1050,62,Wallet,Delivered,0
3857,104,7,2023-08-15,14:30:00,590,36,Debit Card,In Transit,0
3858,1547,449,2023-10-23,20:15:00,190,41,Netbanking,Cancelled,0
3859,402,365,2022-02-23,15:45:00,900,21,Netbanking,Delivered,50
3860,1910,248,2023-09-16,12:15:00,1280,68,UPI,Delivered,100
3861,825,299,2023-08-01,17:15:00,1330,82,Debit Card,Delivered,50
3862,1781,480,2023-05-01,20:15:00,710,36,Wallet,Delivered,0
3863,647,65,2023-07-15,15:00:00,690,28,UPI,Delivered,0
3864,159,383,2022-03-07,15:45:00,460,42,Credit Card,Delivered,25
3865,1390,292,2022-01-05,18:45:00,860,48,Wallet,Delivered,100
3866,106,227,2022-06-03,10:00:00,650,37,Debit Card,Delivered,75
3867,1685,185,2022-09-06,10:00:00,1360,37,Cash on Delivery,Delivered,0
3868,587,74,2022-03-03,12:15:00,830,30,Debit Card,Delivered,50
3869,386,335,2022-03-22,15:45:00,500,86,Wallet,Delivered,75
3870,991,74,2022-05-18,19:30:00,860,46,Netbanking,Delivered,0
3871,984,358,2022-07-30,11:15:00,1190,26,Wallet,Delivered,25
3872,82,58,2022-01-12,16:30:00,520,44,Wallet,Returned,100
3873,1510,245,2023-01-05,23:30:00,1000,77,UPI,Delivered,0
3874,1850,32,2022-12-15,14:00:00,200,37,Debit Card,Delivered,0
3875,974,210,2023-07-20,14:00:00,480,23,Wallet,Delivered,100
3876,457,454,2023-01-03,15:30:00,310,48,Credit Card,Delivered,50
3877,920,93,2022-01-17,21:30:00,550,20,Credit Card,Delivered,0
3878,1242,89,2022-09-10,10:45:00,520,73,UPI,Delivered,0
3879,797,362,2023-12-22,10:15:00,180,49,Credit Card,Delivered,0
3880,433,342,2022-08-18,21:30:00,340,45,Debit Card,Delivered,0
3881,1677,221,2023-05-02,23:15:00,550,59,UPI,In Transit,100
3882,810,113,2022-07-11,13:45:00,210,41,Credit Card,Returned,0
3883,1414,485,2023-09-04,22:45:00,800,68,Netbanking,Delivered,0
3884,1189,444,2022-04-08,21:45:00,140,65,UPI,Delivered,75
3885,1768,31,2022-07-24,20:30:00,190,63,Wallet,Delivered,75
3886,130,397,2023-09-24,20:30:00,380,41,Credit Card,Delivered,0
3887,309,334,2023-12-23,12:00:00,590,30,UPI,Delivered,75
3888,1664,214,2023-10-03,17:15:00,580,60,Wallet,Delivered,0
3889,550,207,2022-07-25,19:45:00,840,87,Netbanking,Delivered,0
3890,212,95,2022-02-25,17:45:00,690,24,Debit Card,Delivered,100
3891,346,379,2023-07-30,11:15:00,790,42,Credit Card,Cancelled,0
3892,745,43,2023-05-11,17:15:00,350,88,Netbanking,Delivered,25
3893,1767,95,2023-09-23,16:00:00,130,22,Credit Card,Delivered,0
3894,1201,206,2022-02-19,14:00:00,570,34,Debit Card,Delivered,75
3895,21,384,2023-03-04,19:45:00,520,20,UPI,Delivered,0
3896,1879,256,2022-11-01,23:00:00,1150,22,Debit Card,Delivered,100
3897,1896,78,2023-02-18,18:45:00,270,58,Credit Card,Delivered,0
3898,1432,304,2022-05-13,11:30:00,900,69,Credit Card,Delivered,75
3899,663,129,2022-01-14,19:15:00,570,64,Credit Card,Delivered,0
3900,1545,209,2022-06-27,21:30:00,330,43,Wallet,Delivered,0
3901,1822,333,2022-09-29,13:15:00,860,30,Debit Card,Delivered,75
3902,1545,69,2022-07-21,17:45:00,1050,46,UPI,Delivered,100
3903,424,301,2023-02-25,10:45:00,530,61,Debit Card,Delivered,0
3904,1856,321,2023-02-18,18:00:00,640,50,Debit Card,Cancelled,50
3905,502,411,2023-02-05,14:45:00,500,23,Credit Card,Delivered,100
3906,648,12,2023-09-29,17:30:00,920,50,Credit Card,Cancelled,0
3907,720,305,2022-07-17,20:15:00,600,41,Credit Card,Delivered,100
3908,1474,168,2022-11-08,18:00:00,240,51,Credit Card,Delivered,0
3909,1848,137,2023-01-22,18:30:00,710,52,Wallet,Delivered,25
3910,1661,248,2022-11-20,22:00:00,920,34,Wallet,Delivered,0
3911,212,271,2022-08-20,21:30:00,630,83,Debit Card,Delivered,0
3912,732,210,2022-10-12,21:45:00,680,42,UPI,In Transit,0
3913,646,11,2022-12-30,21:00:00,880,85,UPI,Delivered,75
3914,19,500,2023-08-14,20:30:00,80,23,Wallet,Delivered,0
3915,1502,88,2022-11-21,10:00:00,260,84,UPI,Delivered,75
3916,1504,204,2023-08-16,16:15:00,800,82,Debit Card,Delivered,75
3917,559,183,2023-05-21,21:30:00,940,73,Netbanking,Delivered,100
3918,519,183,2022-05-04,10:15:00,880,30,Cash on Delivery,Delivered,50
3919,618,346,2023-08-22,19:45:00,1100,42,Cash on Delivery,Delivered,0
3920,901,229,2022-08-26,19:15:00,970,33,Cash on Delivery,Delivered,25
3921,911,451,2022-06-18,12:15:00,230,65,Netbanking,Delivered,100
3922,466,498,2023-11-06,22:15:00,510,79,Wallet,Delivered,25
3923,1300,68,2023-06-17,10:45:00,1160,68,UPI,Delivered,0
3924,1749,269,2023-10-14,14:30:00,690,26,Credit Card,Delivered,50
3925,435,141,2022-08-12,16:15:00,130,72,Wallet,Delivered,100
3926,1113,166,2023-04-13,10:45:00,450,39,Debit Card,Delivered,25
3927,630,3,2022-11-20,21:45:00,730,21,UPI,Delivered,0
3928,747,251,2023-06-05,12:15:00,330,77,Cash on Delivery,Delivered,75
3929,1525,91,2023-03-21,16:30:00,840,52,Credit Card,Delivered,100
3930,1610,317,2022-10-18,21:45:00,160,80,Debit Card,Delivered,75
3931,198,217,2022-05-02,20:45:00,650,63,UPI,Cancelled,0
3932,1140,7,2022-12-18,16:45:00,830,33,UPI,Delivered,100
3933,1893,370,2023-01-11,20:45:00,720,48,Wallet,Delivered,0
3934,576,45,2022-03-29,13:15:00,620,38,UPI,Delivered,50
3935,1968,152,2023-07-08,15:15:00,700,82,Cash on Delivery,Cancelled,0
3936,219,451,2022-01-26,16:45:00,200,40,Debit Card,Returned,0
3937,1401,386,2022-06-04,17:15:00,1300,57,Wallet,Delivered,0
3938,1719,83,2022-12-23,10:30:00,950,60,Credit Card,Delivered,100
3939,1103,147,2022-06-28,17:00:00,450,65,Cash on Delivery,Delivered,100
3940,1794,405,2023-02-24,19:00:00,240,78,Wallet,Delivered,0
3941,1961,156,2023-12-05,23:00:00,140,24,Credit Card,Delivered,50
3942,1991,103,2023-01-05,16:30:00,790,57,Netbanking,Returned,0
3943,1100,356,2022-01-02,23:15:00,1010,74,Wallet,Returned,75
3944,1886,146,2022-04-22,11:45:00,910,81,Debit Card,Delivered,0
3945,284,406,2023-01-04,15:30:00,930,66,UPI,Delivered,0
3946,1112,93,2022-01-11,16:15:00,120,33,Netbanking,Delivered,75
3947,81,7,2023-04-04,14:15:00,250,49,Debit Card,Delivered,0
3948,1766,109,2023-04-09,23:00:00,500,80,Netbanking,Cancelled,100
3949,946,91,2023-11-24,23:15:00,620,67,Wallet,Delivered,0
3950,352,129,2023-09-21,12:30:00,610,80,Cash on Delivery,Delivered,25
3951,1216,373,2022-04-17,18:15:00,650,55,Credit Card,Delivered,0
3952,346,47,2023-08-31,16:15:00,470,47,Credit Card,Delivered,25
3953,955,495,2022-04-13,14:15:00,550,28,Cash on Delivery,Delivered,0
3954,580,252,2023-07-26,15:30:00,790,89,Credit Card,Delivered,0
3955,1896,273,2022-11-03,15:45:00,980,85,Credit Card,Delivered,0
3956,1001,51,2023-04-14,18:45:00,830,31,Netbanking,Delivered,25
3957,752,134,2022-01-28,15:45:00,220,26,Wallet,Delivered,0
3958,1599,43,2022-04-23,11:00:00,620,52,Debit Card,Cancelled,0
3959,502,170,2022-04-13,14:45:00,200,84,Wallet,Delivered,50
3960,1174,77,2023-07-14,18:30:00,400,25,Wallet,Delivered,50
3961,1943,398,2023-11-26,20:15:00,1000,42,UPI,Delivered,100
3962,1762,237,2022-09-25,18:45:00,980,82,Credit Card,Returned,25
3963,563,217,2022-12-06,16:00:00,150,26,Debit Card,Delivered,0
3964,486,168,2023-07-02,23:00:00,350,71,Wallet,Delivered,100
3965,523,12,2023-11-04,18:15:00,1140,79,Cash on Delivery,Delivered,0
3966,990,483,2022-05-20,17:30:00,810,64,Cash on Delivery,Delivered,25
3967,344,48,2023-08-08,16:30:00,440,49,Netbanking,Delivered,25
3968,126,227,2023-01-06,11:45:00,380,81,UPI,Delivered,0
3969,606,439,2022-07-02,15:45:00,540,88,Cash on Delivery,Cancelled,0
3970,1855,356,2022-05-08,10:15:00,400,79,Cash on Delivery,Delivered,50
3971,188,349,2022-10-11,18:30:00,690,24,Cash on Delivery,In Transit,50
3972,1783,43,2022-11-02,13:15:00,480,35,Debit Card,Delivered,75
3973,697,108,2022-05-13,15:00:00,590,38,UPI,Delivered,0
3974,1507,379,2023-11-13,15:15:00,710,86,Cash on Delivery,Delivered,50
3975,298,277,2023-09-25,12:30:00,130,68,Netbanking,Delivered,0
3976,1009,416,2022-08-11,15:15:00,700,28,Debit Card,Delivered,0
3977,1104,150,2022-05-01,18:15:00,400,40,Netbanking,Delivered,50
3978,1532,402,2022-12-25,17:00:00,570,59,Wallet,In Transit,75
3979,656,472,2022-06-07,15:30:00,770,61,Credit Card,Delivered,0
3980,1868,357,2022-06-28,18:00:00,510,27,UPI,Returned,0
3981,1483,457,2022-02-23,11:45:00,120,89,Wallet,Delivered,25
3982,330,125,2023-01-17,10:45:00,500,32,Credit Card,Delivered,50
3983,766,33,2023-01-06,22:30:00,660,74,UPI,Delivered,0
3984,590,458,2023-03-05,15:30:00,240,32,Cash on Delivery,Delivered,0
3985,1626,251,2022-04-10,22:00:00,250,61,UPI,Delivered,25
3986,388,152,2022-06-29,12:15:00,180,41,Cash on Delivery,Delivered,0
3987,1113,394,2023-08-31,14:15:00,270,79,Credit Card,Delivered,25
3988,1087,366,2023-10-19,15:15:00,540,59,Credit Card,Delivered,100
3989,1603,5,2022-04-18,19:00:00,330,42,UPI,Delivered,100
3990,212,386,2023-09-22,20:30:00,140,50,Wallet,Delivered,50
3991,1864,467,2022-03-27,10:00:00,450,67,Wallet,Delivered,50
3992,1111,290,2023-09-08,23:00:00,790,48,Wallet,Delivered,0
3993,1776,30,2023-11-23,20:45:00,320,64,UPI,Delivered,25
3994,1098,304,2022-09-26,17:30:00,340,82,Netbanking,Delivered,75
3995,1489,171,2023-11-08,16:15:00,560,89,Netbanking,Delivered,0
3996,775,16,2023-08-06,16:30:00,330,56,Wallet,Delivered,50
3997,952,14,2023-09-28,22:45:00,310,64,Credit Card,Delivered,100
3998,1768,173,2023-06-23,14:30:00,800,62,Debit Card,Delivered,25
3999,953,399,2022-09-07,22:15:00,1080,37,Credit Card,Delivered,0
4000,18,492,2022-09-24,21:00:00,1500,85,Cash on Delivery,In Transit,0
4001,862,382,2023-11-13,21:15:00,920,72,Credit Card,Delivered,75
4002,132,296,2022-07-31,16:00:00,1380,87,Credit Card,Delivered,100
4003,1078,228,2023-02-28,18:00:00,1320,88,UPI,Delivered,0
4004,1326,21,2023-03-06,10:00:00,880,62,Wallet,Delivered,75
4005,1914,500,2023-06-29,23:15:00,550,60,Debit Card,Delivered,50
4006,556,444,2022-12-31,17:45:00,370,36,Debit Card,Cancelled,100
4007,1072,499,2023-05-02,11:45:00,630,85,Netbanking,Returned,0
4008,1402,312,2023-01-17,19:45:00,1040,83,Debit Card,Delivered,50
4009,1908,131,2022-07-04,19:15:00,330,87,Cash on Delivery,Delivered,0
4010,837,401,2023-05-05,22:45:00,220,75,Cash on Delivery,Delivered,0
4011,1072,92,2023-06-03,18:45:00,930,25,Netbanking,Delivered,75
4012,1221,83,2023-12-09,11:30:00,930,39,Debit Card,Delivered,0
4013,1281,187,2023-08-07,12:15:00,1180,68,Debit Card,Delivered,25
4014,877,406,2023-03-18,18:15:00,950,66,UPI,Delivered,0
4015,410,30,2022-04-19,13:00:00,990,66,Debit Card,Returned,75
4016,1048,370,2023-11-16,16:45:00,960,84,UPI,Delivered,50
4017,213,253,2023-10-01,20:45:00,630,79,Cash on Delivery,Delivered,75
4018,1873,452,2022-11-04,21:30:00,1300,25,Netbanking,Delivered,25
4019,222,491,2022-10-08,20:30:00,610,80,UPI,Delivered,0
4020,609,157,2023-10-10,22:45:00,140,27,UPI,Delivered,0
4021,17,495,2022-10-11,15:45:00,800,87,Debit Card,Delivered,50
4022,1046,493,2023-07-22,21:15:00,920,70,Netbanking,Delivered,75
4023,542,37,2023-06-19,23:15:00,480,80,UPI,Delivered,100
4024,1672,45,2023-02-01,10:45:00,740,27,Netbanking,Delivered,0
4025,1903,365,2023-03-06,20:45:00,150,54,Cash on Delivery,Cancelled,0
4026,1585,484,2022-01-01,10:00:00,710,64,UPI,Delivered,0
4027,129,271,2022-07-09,11:00:00,630,27,Cash on Delivery,Returned,100
4028,1098,286,2023-08-20,12:15:00,920,26,Credit Card,Delivered,25
4029,1507,327,2022-12-13,14:00:00,1180,24,Wallet,Delivered,25
4030,1213,349,2022-05-09,13:30:00,710,21,Credit Card,Delivered,0
4031,968,421,2022-06-05,11:15:00,1060,66,Wallet,Delivered,100
4032,963,21,2023-05-07,20:45:00,400,59,Cash on Delivery,Delivered,0
4033,240,147,2023-11-27,20:30:00,990,86,Cash on Delivery,Cancelled,75
4034,163,219,2023-11-24,12:45:00,400,61,Netbanking,Delivered,100
4035,1570,33,2022-03-30,17:00:00,830,57,UPI,Delivered,0
4036,1382,9,2023-10-19,19:00:00,330,49,UPI,Delivered,75
4037,349,270,2022-12-04,16:00:00,1070,77,UPI,Delivered,25
4038,177,339,2022-12-22,12:30:00,980,51,Credit Card,Delivered,25
4039,29,314,2023-10-01,14:30:00,800,61,UPI,Delivered,50
4040,25,375,2022-04-29,23:45:00,1130,62,Credit Card,Delivered,0
4041,1034,121,2022-07-18,23:00:00,880,62,UPI,Delivered,0
4042,1642,199,2023-01-12,19:45:00,760,57,UPI,Delivered,25
4043,695,443,2022-06-09,14:00:00,430,50,Netbanking,Delivered,0
4044,914,18,2023-03-15,18:15:00,460,83,Cash on Delivery,Delivered,0
4045,1189,266,2022-02-16,13:00:00,920,65,Debit Card,Delivered,25
4046,1193,417,2022-07-28,20:15:00,480,84,Debit Card,Delivered,0
4047,1033,249,2023-11-01,15:30:00,830,68,Wallet,Delivered,100
4048,1204,279,2023-01-17,21:45:00,260,82,Credit Card,Delivered,50
4049,1811,210,2023-12-11,11:00:00,300,78,Debit Card,Delivered,0
4050,601,237,2022-01-20,13:00:00,250,24,UPI,Delivered,0
4051,699,338,2023-04-20,13:15:00,650,42,Debit Card,Delivered,50
4052,627,409,2023-11-21,19:30:00,830,25,Wallet,In Transit,75
4053,1433,189,2022-10-30,17:15:00,1150,71,Cash on Delivery,Delivered,0
4054,171,285,2022-05-09,12:15:00,250,34,Cash on Delivery,Delivered,0
4055,889,311,2023-09-17,13:15:00,720,51,Credit Card,Delivered,0
4056,60,209,2023-04-20,14:15:00,300,40,Debit Card,Cancelled,100
4057,1045,348,2023-05-30,14:15:00,580,82,Debit Card,Delivered,0
4058,1783,27,2023-08-21,18:15:00,620,20,Wallet,Delivered,100
4059,1949,359,2022-08-27,12:45:00,850,67,Netbanking,Delivered,0
4060,703,358,2023-01-16,14:00:00,510,30,Netbanking,Delivered,50
4061,1333,70,2022-02-26,13:45:00,750,38,Wallet,Delivered,0
4062,443,309,2023-08-24,23:30:00,660,84,Wallet,Delivered,75
4063,594,169,2023-04-24,20:00:00,130,73,Cash on Delivery,Delivered,100
4064,1095,215,2023-10-27,17:00:00,900,36,Cash on Delivery,Delivered,25
4065,211,119,2022-09-10,19:30:00,1000,31,UPI,Delivered,0
4066,1041,379,2022-07-24,20:15:00,940,29,Cash on Delivery,Cancelled,0
4067,724,399,2023-02-16,21:30:00,950,83,Debit Card,Delivered,0
4068,744,232,2022-09-18,18:15:00,880,36,Wallet,Delivered,0
4069,1363,5,2022-11-10,23:30:00,690,53,Wallet,Delivered,0
4070,1407,152,2022-11-04,22:00:00,950,39,Wallet,Returned,0
4071,1446,79,2022-11-27,21:45:00,1010,78,Wallet,Delivered,100
4072,405,476,2022-04-13,17:45:00,450,86,UPI,Delivered,0
4073,107,351,2023-06-15,21:30:00,950,74,Credit Card,Delivered,0
4074,1440,338,2023-04-21,12:00:00,120,33,Debit Card,Delivered,50
4075,820,286,2022-12-20,11:00:00,840,35,Wallet,Delivered,50
4076,502,458,2022-02-20,10:30:00,930,84,Netbanking,Cancelled,75
4077,9,271,2022-05-12,16:00:00,550,83,UPI,Delivered,0
4078,1546,63,2023-03-02,11:00:00,230,50,UPI,In Transit,75
4079,1858,470,2023-12-21,20:15:00,670,44,Netbanking,Cancelled,0
4080,1804,76,2023-02-20,16:30:00,650,69,Netbanking,Delivered,0
4081,884,45,2022-11-03,19:45:00,750,60,Wallet,Delivered,100
4082,210,234,2023-11-21,11:15:00,760,32,Netbanking,In Transit,100
4083,912,450,2023-10-14,21:00:00,750,20,Cash on Delivery,Delivered,0
4084,699,360,2023-05-05,23:00:00,350,81,Cash on Delivery,Delivered,25
4085,592,31,2022-11-25,14:30:00,180,63,Debit Card,Delivered,25
4086,1254,385,2022-06-08,23:45:00,1430,61,UPI,Delivered,25
4087,1478,274,2022-04-19,11:00:00,250,59,Credit Card,Delivered,25
4088,57,385,2022-12-27,21:00:00,600,80,Debit Card,Delivered,0
4089,1668,256,2022-12-20,15:30:00,400,59,Cash on Delivery,In Transit,25
4090,1138,490,2022-06-26,10:45:00,290,75,Debit Card,Cancelled,50
4091,789,290,2023-08-08,22:30:00,510,82,Cash on Delivery,Delivered,50
4092,230,482,2022-09-23,22:15:00,1310,65,Credit Card,Delivered,75
4093,402,64,2022-09-19,12:30:00,470,40,Netbanking,Delivered,50
4094,211,185,2023-05-09,12:00:00,1190,47,Debit Card,Delivered,0
4095,894,260,2022-09-30,15:00:00,390,35,Debit Card,Delivered,50
4096,1203,444,2022-01-21,23:45:00,150,70,Cash on Delivery,Delivered,0
4097,549,16,2023-10-10,19:15:00,610,26,Cash on Delivery,Delivered,0
4098,474,267,2023-05-21,21:45:00,720,23,Wallet,Cancelled,25
4099,324,35,2023-01-04,21:00:00,850,77,Cash on Delivery,Delivered,0
4100,493,407,2022-08-14,23:30:00,830,70,Credit Card,Delivered,50
4101,1482,210,2023-02-26,17:00:00,610,29,Cash on Delivery,Delivered,50
4102,1942,107,2022-01-29,14:00:00,530,67,Debit Card,Delivered,50
4103,1218,207,2022-11-21,20:15:00,840,88,UPI,Delivered,50
4104,1817,426,2022-03-30,13:15:00,500,61,UPI,Delivered,50
4105,1957,108,2023-08-27,11:00:00,970,56,UPI,Delivered,50
4106,1035,423,2023-02-21,13:45:00,600,32,Credit Card,Delivered,50
4107,1125,352,2023-07-11,19:45:00,370,72,Debit Card,Delivered,0
4108,1320,222,2023-03-07,13:15:00,320,87,Wallet,Delivered,75
4109,908,369,2023-03-21,10:00:00,850,69,Credit Card,Delivered,25
4110,1920,145,2023-08-24,15:45:00,530,29,Cash on Delivery,Delivered,0
4111,1540,496,2022-05-14,14:45:00,980,21,Wallet,Cancelled,75
4112,1409,397,2022-09-27,14:15:00,470,23,Debit Card,Cancelled,0
4113,1779,281,2023-03-06,17:00:00,590,79,Wallet,Delivered,50
4114,38,56,2022-05-24,12:00:00,910,79,Netbanking,Delivered,50
4115,1661,189,2023-11-04,11:45:00,500,33,Debit Card,Delivered,75
4116,1106,491,2023-05-08,14:15:00,1160,51,Wallet,Delivered,50
4117,1222,137,2022-09-12,22:15:00,310,65,Wallet,Delivered,0
4118,1790,70,2023-02-15,15:00:00,330,67,Cash on Delivery,In Transit,0
4119,1008,226,2023-12-02,16:30:00,730,75,Cash on Delivery,Delivered,50
4120,1077,337,2022-08-11,14:45:00,870,50,Netbanking,Delivered,100
4121,1426,25,2023-04-04,19:45:00,210,71,UPI,Delivered,0
4122,76,233,2023-12-15,12:15:00,1050,73,Netbanking,In Transit,50
4123,1973,63,2023-10-27,13:45:00,710,52,UPI,Delivered,0
4124,502,212,2023-09-14,17:45:00,300,48,Wallet,In Transit,0
4125,812,62,2023-11-23,16:15:00,1500,28,Debit Card,Delivered,75
4126,180,29,2022-09-28,22:30:00,640,36,Credit Card,Returned,0
4127,1918,328,2022-05-02,11:15:00,1090,78,Cash on Delivery,In Transit,100
4128,703,451,2022-09-27,18:15:00,970,48,Cash on Delivery,Delivered,0
4129,945,162,2023-12-08,12:30:00,300,21,UPI,Delivered,50
4130,1139,476,2022-02-16,13:15:00,730,41,Debit Card,Delivered,0
4131,142,436,2022-06-28,19:15:00,310,24,UPI,Delivered,25
4132,51,324,2023-04-15,19:45:00,680,20,Credit Card,Delivered,25
4133,502,124,2023-11-12,10:15:00,480,26,Credit Card,In Transit,0
4134,1112,356,2022-01-09,12:15:00,1140,25,Debit Card,Delivered,0
4135,990,492,2023-02-15,19:15:00,1070,54,Debit Card,Cancelled,25
4136,1415,223,2023-08-30,12:45:00,280,21,Cash on Delivery,Cancelled,50
4137,1449,311,2022-02-17,20:15:00,160,43,Cash on Delivery,Delivered,75
4138,1788,319,2022-06-15,18:15:00,580,62,Wallet,Delivered,25
4139,594,162,2022-03-18,14:00:00,450,43,Netbanking,Delivered,0
4140,853,150,2022-12-06,14:15:00,550,49,Netbanking,Delivered,0
4141,1990,231,2022-11-08,14:30:00,120,63,Debit Card,Delivered,0
4142,445,430,2022-03-15,15:15:00,450,73,Credit Card,Delivered,0
4143,1928,339,2022-08-11,20:30:00,350,44,Netbanking,Returned,0
4144,683,75,2022-06-01,10:30:00,260,55,Credit Card,Delivered,25
4145,1399,252,2023-01-23,20:45:00,370,34,Wallet,Delivered,25
4146,468,338,2022-05-21,21:45:00,910,21,Cash on Delivery,Delivered,50
4147,1141,408,2022-11-18,12:45:00,1080,82,Credit Card,Delivered,75
4148,43,395,2022-02-25,13:00:00,700,21,UPI,Delivered,0
4149,126,287,2023-07-27,10:15:00,230,41,Netbanking,Delivered,100
4150,1888,272,2022-04-18,23:15:00,950,79,Cash on Delivery,Delivered,0
4151,585,500,2022-06-30,19:30:00,150,56,Wallet,Cancelled,0
4152,755,470,2023-08-08,11:30:00,530,81,Wallet,Returned,0
4153,326,499,2022-05-22,11:30:00,350,86,Netbanking,Delivered,25
4154,675,160,2022-09-29,16:45:00,590,39,UPI,Returned,0
4155,994,93,2022-01-25,21:30:00,750,22,Credit Card,Delivered,100
4156,201,489,2023-10-19,21:00:00,450,27,Wallet,Delivered,25
4157,941,333,2022-01-12,19:15:00,130,40,Debit Card,Delivered,0
4158,1032,362,2022-06-29,15:45:00,220,46,Debit Card,Delivered,0
4159,730,62,2022-07-01,11:30:00,340,89,UPI,Delivered,75
4160,573,227,2022-11-30,20:00:00,550,48,Wallet,Delivered,0
4161,1349,459,2023-02-01,23:00:00,390,90,Netbanking,Delivered,100
4162,210,217,2022-04-28,12:30:00,450,45,Credit Card,Cancelled,75
4163,598,340,2023-04-20,19:30:00,450,45,Netbanking,Delivered,0
4164,312,304,2022-11-24,16:15:00,1240,54,Wallet,Delivered,0
4165,178,284,2023-02-05,23:45:00,600,37,UPI,Delivered,100
4166,88,286,2022-02-08,19:45:00,1150,82,Wallet,Returned,100
4167,323,267,2023-09-26,18:30:00,530,90,Credit Card,Delivered,0
4168,1554,408,2023-12-10,15:30:00,170,40,Netbanking,Delivered,0
4169,1789,127,2023-09-11,11:15:00,480,62,UPI,Cancelled,0
4170,730,434,2023-11-09,11:45:00,560,81,Debit Card,Returned,0
4171,1577,416,2023-10-08,19:45:00,230,72,Wallet,Delivered,0
4172,215,153,2022-11-05,18:45:00,690,43,Wallet,Delivered,25
4173,7,420,2023-02-15,10:00:00,320,33,UPI,Delivered,25
4174,610,342,2022-05-01,18:30:00,980,62,Debit Card,Delivered,0
4175,190,26,2023-02-15,17:00:00,400,34,UPI,Delivered,0
4176,949,276,2022-04-24,19:30:00,850,31,Wallet,In Transit,0
4177,1861,484,2023-01-30,10:45:00,1400,75,Credit Card,In Transit,0
4178,1138,360,2023-08-22,20:30:00,620,54,Cash on Delivery,Delivered,75
4179,126,202,2022-12-05,14:15:00,970,42,Cash on Delivery,Delivered,75
4180,643,341,2022-04-15,11:30:00,450,68,Credit Card,Cancelled,75
4181,1394,453,2022-06-18,10:15:00,960,48,UPI,Delivered,0
4182,631,346,2022-07-27,23:45:00,650,60,Netbanking,Delivered,50
4183,1956,384,2023-08-30,18:45:00,470,71,Cash on Delivery,Delivered,25
4184,1110,131,2022-04-26,10:45:00,930,28,Credit Card,Delivered,100
4185,296,321,2022-05-10,13:15:00,260,72,UPI,Delivered,0
4186,1546,369,2022-06-13,12:30:00,1000,34,Netbanking,Delivered,0
4187,1435,79,2022-04-23,15:45:00,280,38,UPI,Delivered,0
4188,382,351,2023-02-11,15:45:00,630,20,Cash on Delivery,Delivered,0
4189,1836,92,2022-06-18,10:30:00,780,51,Debit Card,Delivered,0
4190,4,318,2023-06-07,19:00:00,250,89,Debit Card,Returned,50
4191,114,111,2023-01-17,13:00:00,400,70,Wallet,Delivered,0
4192,1484,325,2022-11-24,17:45:00,350,62,UPI,Delivered,0
4193,545,94,2022-10-04,21:30:00,460,50,Cash on Delivery,Cancelled,0
4194,631,89,2023-09-10,11:30:00,1050,65,Netbanking,Delivered,100
4195,228,388,2022-05-31,22:45:00,700,60,Wallet,In Transit,0
4196,1974,306,2023-06-30,11:15:00,1600,73,Cash on Delivery,Delivered,25
4197,293,243,2023-01-02,14:15:00,1470,21,UPI,Cancelled,0
4198,444,439,2022-08-09,14:15:00,870,27,UPI,In Transit,50
4199,1739,487,2023-04-25,21:00:00,910,85,UPI,Delivered,75
4200,368,76,2022-06-23,10:30:00,740,58,Credit Card,Delivered,0
4201,1679,103,2023-05-14,18:45:00,320,33,Debit Card,Delivered,75
4202,425,112,2022-07-21,23:30:00,520,75,Netbanking,Cancelled,0
4203,1015,133,2022-12-11,23:15:00,530,53,Cash on Delivery,Delivered,0
4204,1147,401,2023-04-15,12:45:00,220,70,Credit Card,Delivered,0
4205,1761,288,2022-04-29,23:30:00,1050,80,Netbanking,Cancelled,0
4206,721,116,2022-08-16,19:45:00,220,31,Debit Card,Delivered,100
4207,116,202,2023-09-28,10:00:00,740,26,Netbanking,Delivered,25
4208,1910,147,2022-09-03,11:00:00,380,82,Netbanking,Delivered,0
4209,1848,432,2023-12-10,20:30:00,700,85,Netbanking,Cancelled,0
4210,1776,131,2022-08-25,19:00:00,1080,28,UPI,Delivered,50
4211,241,257,2023-10-06,18:30:00,310,40,UPI,Delivered,0
4212,1317,468,2022-10-12,17:00:00,110,87,Cash on Delivery,Delivered,100
4213,1504,250,2023-10-15,16:45:00,850,66,Netbanking,In Transit,0
4214,604,399,2022-03-30,21:30:00,1500,44,Netbanking,Delivered,25
4215,1377,277,2022-03-07,10:30:00,1030,35,Netbanking,Returned,100
4216,602,200,2023-08-16,13:15:00,950,78,Cash on Delivery,Delivered,50
4217,547,269,2023-01-18,15:30:00,380,36,Wallet,Delivered,0
4218,1295,339,2022-12-05,12:00:00,540,49,Debit Card,Delivered,75
4219,1883,371,2022-12-24,19:30:00,630,34,UPI,Delivered,0
4220,815,339,2023-03-20,23:15:00,900,84,Credit Card,Delivered,0
4221,778,81,2022-08-19,19:30:00,250,89,Cash on Delivery,Delivered,0
4222,1159,62,2022-04-18,16:15:00,1180,87,Credit Card,Delivered,75
4223,57,275,2023-12-29,17:45:00,310,70,UPI,Delivered,0
4224,566,66,2022-03-19,20:15:00,260,62,Wallet,Delivered,75
4225,1686,31,2023-10-07,22:00:00,740,27,Wallet,Delivered,50
4226,1266,420,2023-08-13,21:45:00,580,49,Cash on Delivery,Delivered,0
4227,116,260,2022-07-03,17:00:00,970,63,Credit Card,Delivered,0
4228,1210,458,2022-10-04,10:45:00,410,35,Netbanking,Delivered,75
4229,1069,252,2023-07-20,15:15:00,940,35,UPI,In Transit,50
4230,1736,272,2023-05-19,11:30:00,640,76,Debit Card,Delivered,100
4231,1629,220,2023-11-28,11:00:00,520,58,UPI,In Transit,0
4232,1134,15,2022-07-25,12:00:00,720,53,Cash on Delivery,Returned,0
4233,1027,30,2023-09-09,15:45:00,220,78,Debit Card,Delivered,0
4234,351,234,2023-03-06,15:00:00,110,90,Wallet,Delivered,0
4235,1169,199,2023-03-16,22:15:00,1140,78,Netbanking,In Transit,0
4236,1039,248,2022-06-04,15:15:00,230,45,Netbanking,In Transit,75
4237,1102,55,2023-06-02,21:00:00,590,83,UPI,Delivered,0
4238,431,433,2022-08-01,22:30:00,1230,57,UPI,Delivered,25
4239,422,272,2023-11-27,17:30:00,350,34,Debit Card,Delivered,75
4240,1258,280,2023-07-02,11:45:00,350,21,Cash on Delivery,Delivered,100
4241,1403,449,2022-05-01,14:45:00,120,39,UPI,Delivered,0
4242,487,283,2022-12-14,20:15:00,420,56,Credit Card,Delivered,0
4243,1255,487,2022-12-03,19:45:00,1210,60,Credit Card,Delivered,75
4244,1007,229,2023-08-23,13:00:00,230,86,UPI,Delivered,25
4245,1013,217,2023-09-30,17:30:00,470,38,Debit Card,In Transit,0
4246,963,308,2023-02-10,19:15:00,460,27,Netbanking,Delivered,100
4247,1581,10,2023-07-24,13:00:00,990,88,Credit Card,Delivered,0
4248,700,27,2023-01-29,12:30:00,230,70,Debit Card,Delivered,0
4249,428,285,2023-03-06,19:45:00,550,86,Credit Card,Delivered,100
4250,153,482,2022-09-13,20:00:00,1280,30,Wallet,Delivered,0
4251,1277,149,2022-09-13,10:45:00,1100,23,Credit Card,Delivered,0
4252,1716,279,2022-10-23,10:30:00,130,84,UPI,Delivered,0
4253,1581,237,2023-04-13,23:30:00,420,42,Netbanking,Delivered,75
4254,634,400,2023-05-24,18:30:00,360,44,Netbanking,In Transit,75
4255,301,149,2022-05-27,10:30:00,980,87,Cash on Delivery,In Transit,25
4256,1956,480,2022-06-24,16:00:00,550,50,Credit Card,Delivered,75
4257,695,410,2023-07-01,15:15:00,340,63,Debit Card,In Transit,25
4258,1053,485,2022-12-25,22:15:00,970,81,UPI,Delivered,100
4259,708,157,2022-06-26,11:15:00,230,89,Cash on Delivery,Delivered,0
4260,819,475,2023-10-21,10:45:00,1060,90,Netbanking,In Transit,0
4261,153,390,2022-06-18,21:00:00,220,26,Credit Card,Cancelled,0
4262,1780,55,2023-05-18,17:30:00,520,39,Netbanking,Delivered,100
4263,1819,147,2023-12-21,10:00:00,400,36,Credit Card,Delivered,0
4264,1354,472,2023-12-15,23:00:00,930,54,Debit Card,Delivered,100
4265,161,163,2022-05-06,16:00:00,830,27,Debit Card,Delivered,50
4266,1099,304,2022-01-25,21:45:00,320,58,Wallet,Cancelled,75
4267,845,343,2022-07-24,10:00:00,540,57,Credit Card,Delivered,100
4268,1581,395,2023-04-11,21:30:00,1240,60,Credit Card,Cancelled,0
4269,648,190,2022-12-25,14:00:00,890,66,UPI,Returned,0
4270,1064,250,2022-01-11,20:15:00,160,41,Debit Card,Delivered,25
4271,817,86,2022-12-28,21:30:00,1160,55,Cash on Delivery,Delivered,0
4272,884,107,2022-02-19,22:00:00,830,39,Netbanking,Delivered,75
4273,1336,237,2023-07-06,16:00:00,390,40,Netbanking,Delivered,50
4274,281,451,2023-03-05,20:30:00,630,36,Credit Card,Delivered,100
4275,579,59,2022-01-18,13:00:00,130,33,Wallet,Delivered,0
4276,1632,36,2022-09-10,18:30:00,360,88,Netbanking,Delivered,25
4277,873,214,2023-12-03,22:00:00,920,50,Credit Card,In Transit,0
4278,1835,471,2022-07-17,15:45:00,240,71,Netbanking,Delivered,0
4279,549,389,2022-09-21,14:30:00,420,68,Credit Card,Delivered,75
4280,136,367,2023-03-30,20:00:00,230,21,Debit Card,Delivered,0
4281,1297,443,2023-02-24,11:45:00,130,31,UPI,Cancelled,0
4282,527,11,2022-08-23,19:15:00,980,88,Credit Card,Delivered,50
4283,633,20,2023-10-07,21:30:00,440,82,Wallet,Delivered,25
4284,1958,329,2022-10-03,11:15:00,440,34,Cash on Delivery,Delivered,0
4285,79,392,2022-04-16,20:00:00,180,62,Wallet,Delivered,0
4286,1954,167,2023-12-26,20:00:00,450,56,Cash on Delivery,Delivered,50
4287,1719,387,2022-02-03,13:45:00,310,50,Debit Card,In Transit,100
4288,1313,341,2023-12-08,11:45:00,100,32,UPI,Cancelled,50
4289,1200,361,2023-07-06,11:00:00,750,28,Credit Card,Delivered,100
4290,1221,14,2023-03-02,17:00:00,840,29,Cash on Delivery,Delivered,25
4291,1785,302,2022-05-13,17:45:00,1060,80,Credit Card,Cancelled,100
4292,324,204,2022-12-19,14:00:00,550,36,Cash on Delivery,Delivered,100
4293,1355,354,2023-11-10,16:45:00,1210,60,Netbanking,Delivered,25
4294,1250,339,2022-05-06,21:45:00,540,30,Netbanking,Delivered,0
4295,177,467,2022-05-29,23:45:00,720,58,Wallet,Delivered,50
4296,1615,221,2022-02-22,18:00:00,930,79,Cash on Delivery,Delivered,100
4297,1992,7,2022-10-05,19:45:00,600,25,UPI,Delivered,0
4298,1130,121,2022-04-14,17:45:00,1050,29,UPI,Delivered,0
4299,1104,114,2023-06-04,10:15:00,450,59,Debit Card,Delivered,0
4300,773,8,2022-07-21,23:15:00,1100,25,Credit Card,Delivered,50
4301,1575,328,2022-09-10,13:15:00,320,67,Netbanking,Delivered,0
4302,1976,465,2022-05-14,20:30:00,680,34,Wallet,Delivered,100
4303,1627,360,2023-08-04,16:45:00,660,68,UPI,Delivered,25
4304,1443,223,2022-08-03,16:15:00,1200,57,Debit Card,Delivered,50
4305,670,152,2023-09-03,10:30:00,1200,86,Netbanking,Cancelled,0
4306,304,217,2022-03-02,19:15:00,910,29,Wallet,Delivered,0
4307,1535,21,2022-08-27,19:45:00,860,42,Netbanking,Delivered,0
4308,1830,135,2023-12-14,16:30:00,1250,27,UPI,Returned,0
4309,1340,49,2022-06-18,22:15:00,610,73,Cash on Delivery,Delivered,100
4310,695,262,2022-02-18,10:30:00,520,62,Netbanking,Delivered,50
4311,290,455,2022-07-17,11:30:00,700,84,Netbanking,Delivered,25
4312,1182,146,2022-03-21,12:00:00,350,87,Wallet,Delivered,25
4313,1094,4,2023-01-02,20:45:00,620,86,UPI,Delivered,50
4314,904,27,2023-02-28,12:00:00,480,60,UPI,Delivered,25
4315,415,185,2022-11-14,20:30:00,1800,77,Netbanking,Delivered,50
4316,1683,183,2022-06-25,19:30:00,1200,36,Credit Card,Delivered,100
4317,659,418,2022-04-07,23:45:00,540,52,Credit Card,Delivered,25
4318,395,459,2022-09-01,21:30:00,590,31,Wallet,Delivered,0
4319,48,278,2022-08-15,10:15:00,440,31,Debit Card,Delivered,50
4320,93,152,2023-09-04,13:30:00,1450,31,Netbanking,Delivered,0
4321,139,329,2023-06-05,11:15:00,710,58,Cash on Delivery,Delivered,0
4322,1249,491,2022-03-29,18:15:00,640,89,Credit Card,Delivered,0
4323,433,29,2022-09-05,21:15:00,960,65,UPI,Delivered,75
4324,1861,79,2022-04-12,20:00:00,550,82,UPI,Delivered,0
4325,1666,89,2022-12-17,20:30:00,220,28,Netbanking,Delivered,50
4326,1458,306,2023-07-31,18:15:00,600,85,Debit Card,Delivered,0
4327,70,189,2022-01-22,15:45:00,290,69,Debit Card,Delivered,0
4328,1867,71,2022-01-11,20:15:00,120,28,Cash on Delivery,Delivered,0
4329,7,392,2022-06-15,13:45:00,1350,62,Debit Card,Delivered,100
4330,391,48,2023-06-16,10:30:00,410,53,UPI,Delivered,50
4331,559,152,2022-10-02,21:45:00,610,43,Wallet,Delivered,50
4332,960,96,2023-12-29,18:00:00,1000,31,Netbanking,Delivered,100
4333,1586,492,2023-07-10,13:30:00,830,24,Wallet,Delivered,25
4334,1709,89,2022-03-28,11:30:00,230,75,Debit Card,Delivered,25
4335,1312,436,2022-02-19,22:45:00,850,78,Cash on Delivery,Returned,75
4336,1497,286,2022-08-29,10:30:00,920,39,Wallet,Delivered,25
4337,1540,470,2022-05-20,12:30:00,120,31,UPI,Delivered,75
4338,1595,190,2022-12-04,10:15:00,500,28,Debit Card,Delivered,75
4339,1895,420,2023-01-20,16:15:00,1080,78,Debit Card,In Transit,0
4340,389,92,2022-06-24,10:15:00,1050,29,Wallet,In Transit,25
4341,431,96,2023-07-15,10:00:00,710,56,Debit Card,Delivered,0
4342,444,154,2023-05-27,17:15:00,1380,37,Cash on Delivery,Delivered,0
4343,566,396,2023-04-04,14:30:00,620,41,Debit Card,Delivered,0
4344,1953,422,2023-11-26,14:30:00,710,67,Netbanking,Delivered,0
4345,1531,405,2023-09-02,22:30:00,890,90,UPI,Delivered,0
4346,1918,13,2022-04-06,13:30:00,130,26,Netbanking,Delivered,75
4347,225,202,2023-11-19,22:30:00,730,53,Cash on Delivery,Delivered,75
4348,589,298,2023-02-16,20:00:00,520,73,Cash on Delivery,Delivered,25
4349,1326,73,2023-08-19,22:15:00,850,72,Cash on Delivery,Delivered,75
4350,463,150,2022-03-18,12:45:00,1120,56,Debit Card,Delivered,75
4351,568,298,2023-04-28,14:00:00,620,64,Debit Card,Delivered,50
4352,946,158,2022-06-27,19:30:00,850,38,UPI,Delivered,75
4353,1116,379,2023-06-12,21:30:00,880,30,Debit Card,Delivered,0
4354,1699,461,2023-06-21,19:00:00,150,76,Debit Card,Delivered,25
4355,571,284,2023-06-01,19:00:00,190,74,Netbanking,In Transit,75
4356,28,443,2022-06-14,21:15:00,630,52,Debit Card,Delivered,0
4357,1593,432,2022-06-24,11:30:00,690,41,Debit Card,Delivered,0
4358,648,208,2023-05-17,15:15:00,430,37,UPI,Delivered,0
4359,424,18,2022-10-23,23:15:00,200,37,Wallet,Cancelled,100
4360,1013,190,2023-06-05,10:30:00,930,63,UPI,Delivered,75
4361,1973,438,2023-01-05,12:00:00,1000,45,Netbanking,Delivered,50
4362,1579,321,2022-02-11,23:30:00,390,64,Cash on Delivery,Delivered,75
4363,734,471,2023-06-19,13:00:00,360,26,Cash on Delivery,Delivered,25
4364,1667,279,2022-09-15,12:30:00,660,37,Debit Card,Delivered,0
4365,1447,62,2023-05-31,12:45:00,180,56,Debit Card,Delivered,0
4366,1461,410,2023-03-30,21:30:00,1430,22,Credit Card,Delivered,100
4367,358,117,2022-11-10,21:00:00,690,23,UPI,Delivered,100
4368,1697,339,2022-01-04,10:30:00,1030,34,UPI,Delivered,0
4369,1957,186,2022-05-20,19:15:00,1120,40,Wallet,Delivered,0
4370,255,54,2023-05-17,21:15:00,770,37,Cash on Delivery,Delivered,0
4371,262,367,2023-08-18,10:30:00,780,82,UPI,In Transit,0
4372,924,57,2022-01-12,14:30:00,250,26,Credit Card,Delivered,0
4373,1886,134,2023-01-09,21:15:00,230,34,Debit Card,Delivered,75
4374,648,253,2023-09-28,22:00:00,960,39,UPI,Delivered,25
4375,1336,398,2023-02-03,20:15:00,540,68,Credit Card,Delivered,25
4376,882,115,2023-05-31,21:15:00,170,78,Debit Card,Delivered,0
4377,1065,327,2023-03-17,16:15:00,1350,43,Debit Card,In Transit,25
4378,1605,166,2022-06-27,15:30:00,710,58,UPI,Delivered,25
4379,1097,101,2022-04-28,20:15:00,830,59,Netbanking,Delivered,0
4380,1774,98,2022-12-07,12:45:00,200,58,Debit Card,Delivered,0
4381,1856,477,2022-01-07,20:15:00,610,62,UPI,Delivered,75
4382,1530,244,2023-01-30,21:15:00,230,75,Cash on Delivery,Delivered,75
4383,957,213,2022-05-16,12:30:00,640,88,Netbanking,Delivered,0
4384,426,357,2022-04-23,12:45:00,220,49,Wallet,Delivered,50
4385,815,263,2023-10-09,11:45:00,840,40,Cash on Delivery,Delivered,100
4386,1476,283,2023-05-28,15:15:00,110,34,Netbanking,Cancelled,0
4387,1647,126,2022-05-06,22:00:00,260,68,Credit Card,Delivered,75
4388,170,155,2023-04-24,14:00:00,320,85,UPI,In Transit,0
4389,946,236,2022-05-05,15:15:00,560,25,UPI,Delivered,75
4390,881,353,2022-07-21,23:00:00,320,85,Credit Card,Delivered,0
4391,1836,98,2022-05-27,19:15:00,730,79,Credit Card,Delivered,100
4392,170,239,2022-07-22,19:45:00,610,34,Wallet,Delivered,50
4393,1639,179,2023-07-18,18:30:00,750,27,Debit Card,In Transit,25
4394,805,121,2023-01-18,16:30:00,410,48,UPI,Delivered,75
4395,354,358,2022-02-25,21:45:00,730,54,Debit Card,Delivered,0
4396,1378,65,2023-05-07,14:15:00,880,23,Debit Card,Cancelled,100
4397,449,484,2022-05-13,17:15:00,350,83,UPI,Delivered,100
4398,1290,438,2023-07-07,12:45:00,1210,78,Debit Card,Delivered,0
4399,98,440,2023-01-18,21:15:00,480,56,Cash on Delivery,Delivered,25
4400,321,164,2022-04-26,12:15:00,330,90,Netbanking,Returned,0
4401,405,3,2023-08-07,13:15:00,620,64,UPI,Delivered,0
4402,1224,363,2023-12-15,15:00:00,390,31,Wallet,Delivered,25
4403,1973,401,2023-07-26,18:45:00,1230,34,UPI,Delivered,50
4404,1230,287,2023-06-25,19:00:00,760,90,UPI,Cancelled,75
4405,454,66,2022-01-23,13:45:00,130,70,Debit Card,Delivered,50
4406,1961,206,2023-08-19,22:00:00,130,20,Cash on Delivery,Delivered,50
4407,511,356,2023-09-14,11:00:00,610,20,Credit Card,Delivered,0
4408,163,296,2022-10-05,10:00:00,750,54,Cash on Delivery,Cancelled,50
4409,1826,42,2023-09-27,17:15:00,910,40,Wallet,Delivered,100
4410,112,405,2022-11-27,14:15:00,870,25,UPI,Delivered,0
4411,214,461,2022-01-29,12:00:00,170,64,UPI,In Transit,25
4412,643,126,2022-09-10,13:45:00,1030,74,Debit Card,Delivered,0
4413,1091,136,2023-01-29,19:00:00,430,59,Debit Card,Delivered,100
4414,1057,172,2022-11-27,21:45:00,1120,88,Credit Card,Delivered,100
4415,1267,498,2022-05-02,19:15:00,250,42,Debit Card,Returned,0
4416,775,67,2022-01-21,18:15:00,160,77,Credit Card,Delivered,0
4417,1586,390,2022-03-28,17:30:00,180,55,Credit Card,Delivered,0
4418,187,485,2023-04-04,14:15:00,910,24,Wallet,Cancelled,100
4419,46,75,2022-10-09,12:15:00,1290,21,Credit Card,Delivered,0
4420,347,14,2022-09-30,18:30:00,340,30,Credit Card,Delivered,100
4421,1226,240,2022-09-13,11:15:00,1560,49,Credit Card,Delivered,0
4422,852,423,2022-10-09,21:30:00,410,30,UPI,In Transit,75
4423,681,189,2023-09-12,22:15:00,130,79,Netbanking,Delivered,0
4424,829,64,2022-03-31,16:30:00,1230,78,Netbanking,Cancelled,25
4425,1282,366,2023-12-26,17:30:00,380,39,Cash on Delivery,Returned,0
4426,545,402,2022-03-24,10:15:00,1250,60,Cash on Delivery,Delivered,25
4427,390,348,2023-06-02,16:45:00,290,33,Debit Card,Returned,0
4428,212,406,2023-04-16,23:45:00,760,39,Cash on Delivery,Delivered,0
4429,1993,152,2023-07-30,23:00:00,860,57,Cash on Delivery,Returned,75
4430,513,237,2022-12-05,15:30:00,420,79,UPI,Delivered,0
4431,931,315,2022-08-25,18:15:00,1060,55,UPI,Delivered,50
4432,897,270,2022-10-11,13:15:00,1080,42,Wallet,Delivered,50
4433,859,473,2023-08-05,19:15:00,1060,69,Netbanking,Delivered,0
4434,1013,183,2022-09-24,18:00:00,800,50,UPI,Delivered,50
4435,525,346,2023-01-10,19:00:00,220,29,Wallet,Delivered,0
4436,1003,39,2022-02-25,23:45:00,820,67,Credit Card,Delivered,0
4437,884,344,2023-07-23,13:45:00,450,40,Debit Card,Cancelled,75
4438,39,196,2023-01-09,11:30:00,930,37,Cash on Delivery,Cancelled,0
4439,591,276,2023-03-09,18:45:00,940,56,Wallet,Delivered,50
4440,445,3,2023-03-04,23:30:00,830,27,Wallet,Delivered,0
4441,274,359,2022-04-25,10:30:00,1300,45,Credit Card,Cancelled,0
4442,809,138,2023-04-07,19:15:00,200,21,Debit Card,Delivered,0
4443,1045,312,2022-06-15,14:00:00,350,31,Netbanking,Cancelled,0
4444,644,161,2022-07-18,19:45:00,170,86,UPI,Delivered,100
4445,599,315,2022-07-08,13:45:00,460,80,UPI,Delivered,100
4446,1655,300,2022-12-16,16:45:00,330,37,Debit Card,Delivered,75
4447,371,208,2023-12-28,12:30:00,920,82,Debit Card,Delivered,0
4448,206,483,2023-08-06,16:15:00,1170,41,Debit Card,Cancelled,75
4449,1198,151,2023-04-21,20:30:00,1000,66,Netbanking,Delivered,50
4450,113,142,2022-04-26,18:45:00,540,21,Wallet,Delivered,0
4451,770,293,2023-04-06,13:15:00,120,32,Cash on Delivery,Delivered,100
4452,1418,196,2023-04-29,14:45:00,1290,20,Wallet,Delivered,0
4453,1446,56,2022-02-16,14:45:00,370,83,Cash on Delivery,Delivered,25
4454,635,31,2023-05-13,16:00:00,400,52,Cash on Delivery,Delivered,0
4455,1559,47,2022-12-13,16:00:00,820,66,Credit Card,Delivered,50
4456,1288,479,2023-07-23,22:15:00,530,77,Cash on Delivery,Delivered,75
4457,1560,149,2023-05-26,17:00:00,190,25,Debit Card,Delivered,0
4458,1173,42,2023-05-06,17:30:00,1210,66,Credit Card,Delivered,0
4459,1520,6,2023-11-18,19:45:00,590,47,Wallet,Delivered,0
4460,1668,454,2022-06-27,16:00:00,1000,47,Cash on Delivery,Delivered,100
4461,1433,304,2023-08-22,20:15:00,1210,74,Credit Card,Delivered,0
4462,1772,169,2023-04-08,18:30:00,340,24,Debit Card,In Transit,50
4463,1507,365,2023-03-19,20:00:00,230,54,Wallet,Delivered,50
4464,514,44,2022-05-23,13:00:00,510,58,Credit Card,Delivered,0
4465,696,276,2023-06-03,21:45:00,820,57,Cash on Delivery,Delivered,25
4466,1454,152,2023-08-17,22:00:00,1130,71,Cash on Delivery,Delivered,50
4467,739,247,2022-08-17,10:15:00,120,22,Wallet,Delivered,75
4468,1042,246,2022-10-01,23:45:00,1280,59,Netbanking,Returned,0
4469,393,449,2023-04-22,18:15:00,570,35,Credit Card,Cancelled,0
4470,1915,127,2022-08-26,13:15:00,250,68,Wallet,Delivered,100
4471,1547,279,2022-04-18,14:00:00,220,62,Netbanking,Delivered,75
4472,1416,492,2022-07-28,10:30:00,880,52,Cash on Delivery,Delivered,25
4473,413,202,2022-07-07,16:15:00,950,69,Wallet,Delivered,0
4474,1280,140,2023-07-25,18:15:00,920,27,Credit Card,Delivered,50
4475,1028,277,2022-04-17,20:00:00,430,29,Netbanking,Delivered,75
4476,704,456,2023-11-01,19:45:00,120,50,Credit Card,Delivered,75
4477,37,133,2022-10-15,22:15:00,810,29,Debit Card,Delivered,0
4478,1976,213,2023-12-21,20:45:00,200,55,Wallet,Delivered,50
4479,1313,392,2022-01-07,11:00:00,1620,55,Debit Card,Delivered,0
4480,859,362,2022-03-29,21:00:00,870,88,Wallet,Delivered,0
4481,1979,148,2023-04-06,19:00:00,610,88,Cash on Delivery,Cancelled,0
4482,1627,238,2023-09-26,12:15:00,1180,41,Netbanking,In Transit,0
4483,248,326,2022-12-25,20:30:00,150,39,UPI,Delivered,25
4484,1455,361,2022-06-16,11:45:00,380,62,Cash on Delivery,Delivered,50
4485,191,264,2023-09-01,13:15:00,850,78,UPI,Delivered,0
4486,810,7,2022-07-28,18:30:00,950,77,Debit Card,Returned,0
4487,971,326,2022-10-17,20:00:00,1370,35,Wallet,Delivered,50
4488,1931,89,2023-08-23,22:00:00,680,58,UPI,Delivered,0
4489,722,16,2022-08-04,15:45:00,1080,69,Netbanking,Delivered,50
4490,1361,32,2022-07-30,12:00:00,130,53,Debit Card,Delivered,0
4491,22,454,2023-10-11,15:45:00,980,70,Credit Card,Delivered,75
4492,731,384,2022-01-25,14:15:00,1130,32,Wallet,Returned,75
4493,1100,265,2022-01-08,22:00:00,650,56,Netbanking,Delivered,0
4494,385,105,2022-06-25,19:15:00,250,70,Netbanking,Delivered,25
4495,714,28,2022-11-06,20:00:00,680,89,Credit Card,Delivered,75
4496,670,236,2022-06-08,10:45:00,1330,64,Cash on Delivery,Delivered,0
4497,177,238,2022-04-04,15:30:00,410,88,Credit Card,Returned,50
4498,1686,436,2022-06-22,18:30:00,440,46,Credit Card,Cancelled,0
4499,601,211,2022-03-01,21:45:00,120,67,Wallet,Delivered,50
4500,1527,366,2022-10-10,14:15:00,600,33,Cash on Delivery,Delivered,75
4501,1864,85,2023-09-23,21:30:00,850,64,Debit Card,Delivered,75
4502,1547,209,2023-02-18,17:15:00,340,68,Netbanking,Delivered,75
4503,1276,193,2023-04-24,19:30:00,490,20,Netbanking,Delivered,0
4504,353,2,2023-01-12,16:15:00,430,85,Cash on Delivery,Delivered,0
4505,362,41,2023-12-24,17:00:00,1130,75,Cash on Delivery,Delivered,0
4506,1134,70,2022-04-09,10:15:00,900,47,Wallet,Cancelled,25
4507,146,341,2023-03-19,17:15:00,700,25,Cash on Delivery,Delivered,0
4508,1020,193,2022-02-18,10:00:00,310,89,Credit Card,Delivered,0
4509,1276,57,2023-02-18,20:45:00,180,56,Netbanking,Returned,25
4510,1773,267,2022-07-21,20:30:00,500,30,Netbanking,Delivered,75
4511,618,350,2022-08-02,17:30:00,1400,32,Debit Card,Returned,75
4512,1060,498,2023-04-28,18:15:00,200,58,Wallet,Delivered,25
4513,1606,218,2022-10-15,14:45:00,610,87,Credit Card,Delivered,0
4514,752,127,2022-12-15,18:15:00,1200,42,Debit Card,Delivered,0
4515,860,463,2023-03-03,13:00:00,80,89,Wallet,Returned,100
4516,1295,94,2022-09-02,13:30:00,500,52,Netbanking,Cancelled,0
4517,1024,382,2022-03-30,12:30:00,130,65,Wallet,Delivered,75
4518,1570,282,2023-06-02,18:00:00,810,80,Credit Card,In Transit,75
4519,358,314,2022-04-26,12:45:00,280,88,Netbanking,In Transit,50
4520,1469,156,2023-05-19,15:45:00,250,49,Debit Card,Delivered,75
4521,1274,281,2023-06-21,15:30:00,240,43,UPI,Delivered,0
4522,1283,49,2022-12-21,20:30:00,1100,89,UPI,Delivered,0
4523,1782,455,2023-05-22,18:30:00,480,73,Netbanking,Delivered,0
4524,1826,366,2023-12-14,10:45:00,320,54,UPI,Cancelled,100
4525,1324,21,2022-08-15,18:00:00,400,48,Wallet,Delivered,100
4526,969,179,2022-05-30,20:45:00,940,45,Debit Card,Delivered,0
4527,1827,98,2022-04-02,22:00:00,550,25,Cash on Delivery,Delivered,50
4528,612,139,2023-04-18,20:15:00,330,37,Cash on Delivery,Delivered,25
4529,1562,365,2023-09-13,12:15:00,240,42,Debit Card,Delivered,50
4530,888,126,2022-04-08,11:45:00,490,73,Debit Card,Delivered,0
4531,1373,150,2022-02-02,20:00:00,180,85,UPI,Delivered,75
4532,467,16,2022-12-07,21:00:00,280,90,UPI,Delivered,100
4533,1635,130,2022-09-15,15:45:00,460,54,UPI,Delivered,0
4534,1831,185,2023-03-28,17:30:00,1080,44,Cash on Delivery,Cancelled,0
4535,1386,215,2022-04-06,14:00:00,250,42,Debit Card,Returned,75
4536,87,37,2023-12-03,23:45:00,440,34,Debit Card,Delivered,0
4537,311,261,2022-12-24,21:30:00,650,58,Cash on Delivery,Delivered,0
4538,1956,240,2023-07-21,20:45:00,760,45,Cash on Delivery,Delivered,0
4539,420,362,2023-04-08,10:30:00,1010,41,Debit Card,Cancelled,0
4540,1646,202,2022-03-12,18:15:00,1010,80,Cash on Delivery,In Transit,0
4541,449,354,2022-06-17,11:15:00,1140,32,Credit Card,Delivered,75
4542,1713,227,2023-06-08,14:30:00,330,38,Wallet,Delivered,100
4543,292,319,2022-06-28,13:00:00,350,38,Credit Card,Returned,100
4544,693,110,2022-06-06,14:30:00,450,48,Debit Card,Cancelled,0
4545,570,31,2022-10-16,10:30:00,680,89,Debit Card,Delivered,0
4546,1632,468,2023-04-25,22:15:00,260,43,Netbanking,Cancelled,75
4547,1738,130,2022-07-23,22:15:00,760,45,UPI,Cancelled,0
4548,423,465,2022-09-07,11:45:00,580,39,Wallet,Delivered,0
4549,1940,387,2023-01-31,10:45:00,1200,26,Netbanking,Delivered,25
4550,260,334,2023-11-03,17:00:00,310,90,Debit Card,Returned,0
4551,373,421,2022-01-10,21:15:00,680,26,Netbanking,Cancelled,75
4552,336,407,2022-03-23,22:45:00,760,64,Wallet,Returned,0
4553,934,486,2023-04-07,16:00:00,190,76,Credit Card,Delivered,0
4554,387,417,2023-08-15,17:00:00,1560,23,Credit Card,Delivered,0
4555,1535,52,2022-11-25,23:00:00,1170,51,Cash on Delivery,Delivered,0
4556,263,487,2023-08-11,14:30:00,890,87,Cash on Delivery,Delivered,0
4557,397,117,2023-09-07,21:45:00,710,32,Netbanking,Delivered,25
4558,1831,27,2022-07-31,23:30:00,1110,86,Netbanking,Delivered,25
4559,1077,409,2022-01-31,13:15:00,640,25,Wallet,Delivered,75
4560,1549,83,2022-07-04,13:00:00,400,66,Cash on Delivery,Cancelled,50
4561,760,221,2023-02-20,20:15:00,650,28,UPI,Delivered,50
4562,189,9,2023-03-19,18:00:00,250,79,Wallet,Delivered,50
4563,371,478,2023-12-03,15:15:00,600,46,Cash on Delivery,Delivered,0
4564,968,146,2023-12-19,15:45:00,1150,49,Debit Card,Delivered,0
4565,472,114,2022-09-17,19:00:00,1080,38,UPI,Delivered,50
4566,1464,216,2023-01-08,18:45:00,1170,74,Wallet,Delivered,0
4567,70,194,2022-06-06,18:15:00,1100,85,Cash on Delivery,Delivered,75
4568,1208,332,2022-03-18,13:00:00,800,23,UPI,In Transit,0
4569,196,491,2022-08-02,19:45:00,630,45,Credit Card,Delivered,100
4570,1172,407,2022-02-17,19:15:00,940,45,UPI,Delivered,0
4571,311,270,2023-12-17,10:00:00,680,88,Debit Card,Delivered,0
4572,670,198,2022-05-08,13:30:00,790,50,Netbanking,Returned,0
4573,1504,22,2023-11-01,14:15:00,110,26,Credit Card,Delivered,50
4574,1175,295,2022-05-09,16:30:00,680,67,UPI,In Transit,75
4575,1177,147,2023-01-05,21:00:00,940,73,Credit Card,Delivered,0
4576,817,436,2023-10-15,13:30:00,930,63,Cash on Delivery,Delivered,50
4577,983,190,2022-07-21,19:45:00,960,39,UPI,Cancelled,0
4578,1758,124,2022-05-01,22:45:00,370,31,Wallet,Delivered,0
4579,555,391,2022-12-25,18:30:00,550,23,Credit Card,In Transit,0
4580,1581,237,2022-11-11,17:15:00,250,25,Cash on Delivery,Delivered,25
4581,1245,279,2023-11-04,10:45:00,100,73,Debit Card,Delivered,0
4582,960,162,2023-05-02,14:15:00,500,82,Debit Card,Delivered,0
4583,91,359,2023-10-29,18:45:00,290,84,UPI,Delivered,0
4584,1170,202,2022-08-10,20:45:00,1260,30,Netbanking,Delivered,25
4585,88,221,2022-03-03,12:15:00,870,51,Cash on Delivery,Delivered,0
4586,597,233,2023-07-28,19:30:00,950,21,Cash on Delivery,Delivered,0
4587,1420,148,2022-04-25,15:30:00,880,82,Netbanking,Delivered,0
4588,1173,341,2022-01-17,14:45:00,320,66,Credit Card,Delivered,75
4589,1243,182,2022-11-26,14:15:00,810,55,Wallet,Delivered,25
4590,1585,387,2023-05-11,18:45:00,850,21,Wallet,Delivered,75
4591,880,277,2023-08-19,17:00:00,570,32,Wallet,Delivered,0
4592,897,360,2022-09-13,20:00:00,920,47,Netbanking,Delivered,25
4593,290,366,2023-08-12,23:45:00,950,46,Cash on Delivery,Delivered,25
4594,856,54,2022-08-21,19:00:00,1150,34,Credit Card,Delivered,0
4595,45,488,2022-02-02,16:15:00,190,29,Debit Card,Cancelled,0
4596,1737,483,2022-08-22,12:30:00,680,79,Cash on Delivery,Delivered,0
4597,620,77,2023-08-24,20:00:00,730,73,Debit Card,In Transit,75
4598,1103,32,2023-02-13,12:30:00,330,79,Cash on Delivery,Delivered,0
4599,1187,462,2022-06-26,23:00:00,1390,38,Cash on Delivery,Delivered,100
4600,760,308,2023-06-02,14:45:00,550,25,Netbanking,Cancelled,75
4601,1857,154,2023-01-17,18:15:00,180,86,Debit Card,Delivered,50
4602,1731,448,2023-10-29,12:30:00,300,43,Netbanking,Returned,0
4603,1319,38,2022-02-08,17:15:00,740,71,UPI,Delivered,0
4604,356,276,2023-08-01,12:45:00,730,79,Cash on Delivery,Delivered,25
4605,959,60,2022-07-12,18:45:00,280,68,Netbanking,Delivered,75
4606,1602,32,2022-06-11,12:00:00,560,26,Wallet,Delivered,25
4607,950,181,2022-08-24,21:45:00,150,38,Netbanking,Delivered,100
4608,1665,327,2022-06-19,19:45:00,840,56,Wallet,Delivered,0
4609,1337,129,2023-05-21,11:30:00,240,22,Credit Card,Delivered,0
4610,868,129,2022-09-21,11:45:00,650,42,Credit Card,Delivered,100
4611,627,204,2022-11-24,17:45:00,130,86,Credit Card,Delivered,50
4612,1651,44,2023-05-07,18:15:00,570,39,Wallet,Cancelled,100
4613,1371,497,2022-03-31,21:00:00,690,70,Wallet,Delivered,75
4614,587,24,2023-04-07,19:45:00,510,48,Debit Card,Delivered,25
4615,1619,187,2022-11-03,20:00:00,390,89,UPI,Delivered,0
4616,760,9,2023-12-23,12:30:00,1290,61,UPI,Delivered,0
4617,462,265,2023-03-07,14:00:00,1140,87,Wallet,In Transit,50
4618,1508,363,2022-11-05,20:15:00,630,85,Credit Card,Delivered,0
4619,845,448,2022-11-17,11:00:00,830,62,Debit Card,Delivered,75
4620,1830,428,2022-02-23,10:45:00,340,21,Cash on Delivery,Delivered,50
4621,584,240,2022-06-04,11:00:00,180,24,UPI,Cancelled,100
4622,892,352,2022-12-23,14:00:00,300,67,Netbanking,Delivered,75
4623,1196,336,2023-08-19,21:45:00,110,78,Wallet,Delivered,100
4624,1657,393,2022-06-27,23:30:00,380,32,Cash on Delivery,Delivered,0
4625,1345,83,2023-12-12,15:30:00,300,64,Cash on Delivery,In Transit,75
4626,125,226,2023-04-11,11:15:00,560,36,Wallet,Delivered,0
4627,1757,68,2023-10-05,15:00:00,550,66,Netbanking,Delivered,50
4628,29,246,2022-08-05,18:30:00,190,20,Cash on Delivery,Delivered,0
4629,821,110,2022-08-24,22:15:00,260,69,Wallet,Cancelled,0
4630,1680,17,2022-07-11,18:15:00,620,80,Cash on Delivery,Delivered,0
4631,1225,478,2022-02-16,20:30:00,300,41,UPI,In Transit,0
4632,1411,207,2023-07-17,22:30:00,520,89,Debit Card,Delivered,0
4633,1176,301,2023-02-16,11:45:00,100,37,Netbanking,Delivered,25
4634,985,459,2022-05-26,18:15:00,130,49,Debit Card,Delivered,0
4635,1122,99,2022-02-17,14:00:00,560,59,UPI,Delivered,0
4636,1763,334,2023-01-20,16:00:00,500,23,Credit Card,Delivered,0
4637,535,100,2023-03-06,19:45:00,220,84,Netbanking,Delivered,0
4638,986,442,2023-03-31,14:45:00,900,37,Credit Card,Cancelled,0
4639,1274,309,2022-05-15,20:30:00,850,27,UPI,Delivered,25
4640,991,72,2023-06-20,12:15:00,570,50,Credit Card,Returned,50
4641,168,305,2022-02-01,14:15:00,880,37,Netbanking,Delivered,75
4642,382,125,2023-11-23,19:00:00,80,78,Credit Card,Cancelled,0
4643,128,223,2022-12-28,23:30:00,750,33,Netbanking,Delivered,25
4644,1425,152,2023-09-10,11:30:00,860,56,Credit Card,Delivered,75
4645,1354,451,2022-06-22,15:15:00,430,54,Netbanking,Delivered,0
4646,937,231,2022-08-21,14:15:00,400,45,Debit Card,Delivered,75
4647,651,220,2023-10-25,19:30:00,870,31,Wallet,Delivered,25
4648,1960,116,2022-09-20,14:45:00,280,28,Credit Card,Delivered,50
4649,104,323,2022-10-12,15:15:00,1030,37,Cash on Delivery,Delivered,0
4650,751,134,2022-01-30,23:15:00,230,30,Cash on Delivery,Delivered,0
4651,350,133,2023-04-19,16:45:00,370,31,Wallet,Delivered,50
4652,1233,41,2023-02-21,11:45:00,1140,30,UPI,Returned,0
4653,375,252,2022-04-21,16:15:00,170,30,Wallet,Delivered,0
4654,859,289,2023-10-22,12:00:00,150,30,Credit Card,Delivered,100
4655,1190,285,2022-04-15,21:15:00,1490,68,Debit Card,Delivered,100
4656,1825,219,2023-02-07,22:15:00,280,46,UPI,Delivered,50
4657,80,222,2022-01-05,14:45:00,390,20,Credit Card,Delivered,0
4658,1869,272,2023-08-20,20:45:00,130,65,UPI,Delivered,25
4659,1390,431,2023-12-11,19:15:00,400,90,UPI,Delivered,0
4660,1725,14,2023-12-03,16:15:00,530,78,Wallet,Delivered,25
4661,693,212,2022-09-21,15:15:00,770,43,Credit Card,Delivered,25
4662,1336,455,2022-11-25,11:45:00,1130,68,Credit Card,Delivered,75
4663,1238,433,2023-01-02,14:00:00,950,86,Debit Card,Cancelled,0
4664,232,196,2022-08-14,21:30:00,1570,55,UPI,Delivered,0
4665,84,266,2022-09-24,19:00:00,530,54,UPI,Cancelled,50
4666,1704,34,2022-03-25,23:15:00,800,58,Credit Card,Delivered,75
4667,1922,489,2023-05-29,21:30:00,440,79,Credit Card,Delivered,0
4668,1624,340,2023-11-16,19:00:00,400,79,Credit Card,Delivered,75
4669,1318,191,2023-10-05,10:30:00,1180,40,Cash on Delivery,Delivered,25
4670,909,151,2023-01-21,19:45:00,1360,59,Debit Card,Delivered,0
4671,1012,333,2022-06-10,23:30:00,250,48,Netbanking,Cancelled,25
4672,1153,458,2023-02-24,14:30:00,400,65,Credit Card,Delivered,0
4673,505,146,2022-01-26,10:00:00,940,52,UPI,Cancelled,50
4674,760,109,2022-07-11,22:45:00,1750,43,Cash on Delivery,Delivered,0
4675,1472,488,2022-10-06,15:15:00,260,34,Wallet,Delivered,0
4676,861,10,2023-07-24,15:45:00,580,85,Netbanking,Delivered,25
4677,408,481,2022-09-05,20:30:00,1050,54,Credit Card,Delivered,0
4678,966,159,2022-06-07,21:45:00,1620,82,Debit Card,Delivered,0
4679,317,272,2022-03-23,19:45:00,150,83,Cash on Delivery,Delivered,100
4680,878,323,2022-01-20,15:15:00,1230,76,Debit Card,In Transit,100
4681,922,473,2022-01-20,22:00:00,1000,41,Credit Card,Delivered,25
4682,283,392,2023-07-29,19:15:00,1360,63,Debit Card,Delivered,0
4683,505,136,2022-05-04,13:45:00,400,27,Netbanking,Delivered,100
4684,1793,225,2023-11-07,19:15:00,900,79,Wallet,Delivered,100
4685,1894,422,2022-08-08,12:45:00,150,33,Credit Card,Delivered,25
4686,1186,387,2023-05-06,10:45:00,900,79,Cash on Delivery,Delivered,100
4687,1180,389,2022-05-11,17:00:00,680,45,Wallet,Delivered,25
4688,1074,298,2023-08-13,10:00:00,730,20,Debit Card,Delivered,0
4689,198,88,2023-04-15,13:45:00,1200,31,UPI,Delivered,0
4690,1032,348,2023-12-24,15:30:00,100,76,Credit Card,Delivered,100
4691,1011,264,2023-12-23,20:15:00,970,28,Wallet,Delivered,50
4692,1430,275,2023-11-20,23:30:00,550,79,UPI,Delivered,0
4693,1545,199,2023-06-03,17:45:00,1260,75,Credit Card,Delivered,0
4694,1426,375,2023-01-31,18:00:00,1390,29,Cash on Delivery,Delivered,25
4695,174,29,2023-07-02,11:30:00,580,75,Cash on Delivery,Delivered,0
4696,965,40,2023-07-02,16:15:00,1510,82,Netbanking,Returned,0
4697,553,200,2022-03-10,17:45:00,990,48,Credit Card,Delivered,0
4698,676,428,2023-09-15,13:45:00,890,20,Wallet,Delivered,0
4699,1516,481,2023-12-13,13:30:00,340,35,Debit Card,Delivered,0
4700,1391,83,2022-01-05,19:00:00,810,84,Wallet,In Transit,25
4701,1273,424,2023-12-20,18:45:00,350,61,Credit Card,Delivered,100
4702,540,493,2023-10-06,14:00:00,580,72,Cash on Delivery,Delivered,25
4703,237,65,2023-09-19,17:45:00,650,69,Credit Card,Delivered,100
4704,563,101,2023-04-23,21:30:00,1500,63,Cash on Delivery,Delivered,0
4705,957,52,2022-07-27,11:15:00,310,63,Wallet,Delivered,75
4706,19,273,2023-08-13,15:15:00,500,67,UPI,Cancelled,75
4707,1975,453,2022-04-19,14:30:00,920,68,Wallet,Delivered,100
4708,997,419,2022-05-01,11:15:00,940,47,Credit Card,Delivered,75
4709,1866,134,2023-03-30,12:30:00,980,26,Cash on Delivery,In Transit,0
4710,1892,31,2023-06-06,13:15:00,210,50,UPI,Delivered,0
4711,322,302,2022-06-27,20:45:00,1220,82,Wallet,Cancelled,50
4712,846,474,2022-07-27,13:45:00,1200,82,Netbanking,Delivered,50
4713,1513,128,2023-03-16,12:15:00,180,73,Wallet,Delivered,25
4714,1090,210,2023-03-15,15:30:00,910,53,Wallet,Cancelled,100
4715,1114,78,2023-03-01,19:45:00,1190,70,Wallet,Delivered,0
4716,56,264,2023-06-02,14:30:00,450,38,Netbanking,Delivered,0
4717,1203,138,2023-01-21,22:30:00,640,50,Credit Card,Delivered,0
4718,1775,261,2022-05-26,23:15:00,490,56,Netbanking,Delivered,0
4719,513,12,2022-08-29,11:15:00,850,31,Wallet,Delivered,0
4720,1965,213,2022-09-04,13:45:00,300,52,Debit Card,Delivered,50
4721,1852,150,2023-11-10,18:30:00,930,79,Credit Card,Delivered,100
4722,1176,376,2022-10-01,12:45:00,1050,35,Debit Card,Delivered,75
4723,10,60,2023-11-05,10:15:00,220,41,Wallet,Delivered,75
4724,1524,495,2023-08-05,13:45:00,170,73,Cash on Delivery,Delivered,50
4725,3,69,2022-01-14,18:15:00,300,45,UPI,Delivered,0
4726,1446,182,2022-07-05,12:00:00,470,23,Credit Card,In Transit,0
4727,1991,69,2023-07-10,21:45:00,610,63,Netbanking,Delivered,100
4728,861,245,2022-12-29,20:45:00,1040,86,UPI,In Transit,0
4729,113,3,2023-06-13,12:30:00,170,45,UPI,Delivered,75
4730,695,29,2022-07-26,21:00:00,920,60,Netbanking,Delivered,0
4731,859,164,2023-09-06,10:45:00,110,86,Wallet,Cancelled,0
4732,1913,486,2023-04-04,12:45:00,430,24,Debit Card,Delivered,0
4733,1491,59,2023-03-04,19:30:00,600,54,Debit Card,Delivered,25
4734,846,253,2022-05-21,22:15:00,130,58,Credit Card,Delivered,0
4735,1498,344,2023-05-27,12:15:00,550,71,Cash on Delivery,Delivered,0
4736,880,341,2022-05-31,12:15:00,650,30,Cash on Delivery,Delivered,50
4737,313,258,2022-06-08,19:15:00,300,41,Wallet,Delivered,75
4738,689,383,2023-11-03,10:30:00,920,36,Credit Card,Cancelled,50
4739,531,96,2022-03-24,22:15:00,340,65,Cash on Delivery,Delivered,75
4740,18,81,2023-08-01,14:45:00,990,42,Credit Card,Delivered,75
4741,1883,110,2023-09-24,11:00:00,160,52,Cash on Delivery,Delivered,100
4742,304,337,2023-10-16,19:00:00,500,30,Wallet,Delivered,75
4743,217,356,2022-06-06,18:30:00,250,50,Debit Card,Delivered,25
4744,945,57,2022-03-19,14:15:00,300,75,UPI,Delivered,0
4745,1978,54,2022-08-29,17:15:00,700,41,Netbanking,Delivered,0
4746,1957,489,2022-11-01,12:45:00,1080,72,Cash on Delivery,Delivered,0
4747,58,173,2022-08-28,17:45:00,1170,48,Credit Card,Delivered,25
4748,1522,152,2023-02-09,20:30:00,790,90,Wallet,Delivered,100
4749,701,244,2023-01-26,16:45:00,1000,68,UPI,Delivered,50
4750,1741,200,2023-03-06,21:15:00,650,46,Credit Card,Delivered,0
4751,1095,283,2023-04-24,10:30:00,500,64,Netbanking,Delivered,0
4752,851,342,2022-07-17,15:30:00,610,90,Debit Card,Delivered,25
4753,1954,283,2023-02-18,19:30:00,120,44,UPI,Delivered,0
4754,1353,210,2023-04-23,16:00:00,890,66,Netbanking,In Transit,0
4755,513,95,2022-05-10,11:45:00,410,58,Wallet,Delivered,75
4756,1021,140,2023-08-02,14:15:00,730,69,Wallet,Delivered,0
4757,1051,71,2023-07-14,15:00:00,500,35,Cash on Delivery,Delivered,0
4758,1743,288,2022-01-24,21:15:00,1030,72,Debit Card,Delivered,25
4759,1366,303,2023-09-21,13:00:00,430,83,Wallet,Delivered,100
4760,1881,366,2023-11-28,23:15:00,150,43,Wallet,Delivered,100
4761,1541,347,2022-12-22,17:45:00,390,48,Cash on Delivery,Delivered,0
4762,731,191,2022-04-04,20:45:00,150,88,Credit Card,Delivered,0
4763,1836,356,2022-12-13,19:45:00,1060,45,Debit Card,Delivered,25
4764,516,149,2023-08-07,15:30:00,990,52,Debit Card,Delivered,100
4765,850,70,2023-08-07,20:00:00,580,32,UPI,Delivered,100
4766,1064,332,2022-03-18,10:15:00,980,72,Netbanking,Delivered,25
4767,1577,92,2023-01-03,16:45:00,1370,63,Credit Card,Delivered,25
4768,180,136,2023-09-25,17:30:00,660,52,Cash on Delivery,Delivered,0
4769,443,26,2023-01-28,15:00:00,1000,64,Cash on Delivery,In Transit,75
4770,444,242,2023-11-22,12:15:00,650,49,Netbanking,Returned,50
4771,317,171,2022-07-22,21:15:00,1180,81,Netbanking,Delivered,25
4772,561,458,2023-05-07,19:00:00,410,51,Netbanking,Delivered,0
4773,717,499,2023-08-27,20:45:00,440,55,Wallet,Delivered,0
4774,990,116,2023-11-15,23:45:00,1190,38,Netbanking,Delivered,0
4775,460,253,2022-03-26,23:45:00,730,54,Netbanking,Delivered,75
4776,1252,190,2022-10-26,20:00:00,230,26,Netbanking,Delivered,100
4777,1969,137,2023-08-20,17:00:00,130,61,Credit Card,Delivered,0
4778,1289,283,2023-12-12,19:15:00,620,59,Netbanking,Delivered,100
4779,1174,421,2022-10-20,20:45:00,820,53,Cash on Delivery,Delivered,0
4780,1742,294,2022-04-23,17:15:00,580,70,Wallet,Delivered,100
4781,64,31,2023-09-06,18:15:00,210,43,Credit Card,Delivered,75
4782,1267,492,2022-09-28,15:00:00,340,68,Cash on Delivery,Delivered,0
4783,59,440,2022-09-16,11:00:00,830,83,Cash on Delivery,Delivered,25
4784,420,412,2023-05-27,14:45:00,920,75,Wallet,Delivered,0
4785,201,233,2022-04-26,22:15:00,950,23,Wallet,Delivered,75
4786,1247,438,2023-04-14,17:30:00,1160,47,UPI,Delivered,0
4787,94,366,2022-09-17,23:30:00,690,55,Credit Card,Delivered,50
4788,467,446,2022-05-06,15:00:00,970,46,Wallet,Delivered,0
4789,1972,222,2022-12-07,16:30:00,150,64,Debit Card,Delivered,25
4790,1915,58,2022-09-05,15:00:00,210,65,UPI,Delivered,25
4791,339,169,2022-06-20,19:15:00,590,83,Wallet,Delivered,75
4792,1211,75,2023-01-25,19:15:00,270,36,Wallet,Delivered,0
4793,357,286,2023-10-24,21:30:00,500,25,Cash on Delivery,Returned,0
4794,909,179,2023-06-11,18:30:00,300,77,Netbanking,Delivered,50
4795,1819,335,2023-01-28,12:45:00,630,78,UPI,In Transit,50
4796,1927,485,2022-09-13,18:00:00,720,64,Netbanking,Delivered,100
4797,31,187,2023-10-24,18:15:00,1060,43,Netbanking,Delivered,50
4798,189,38,2023-12-16,18:00:00,760,32,Wallet,Delivered,75
4799,1478,100,2023-10-13,15:30:00,900,68,Cash on Delivery,Delivered,0
4800,201,284,2022-11-11,16:45:00,320,22,Credit Card,Delivered,100
4801,1457,71,2023-03-23,12:15:00,330,20,Credit Card,Delivered,100
4802,977,364,2022-03-01,21:30:00,650,66,Credit Card,Cancelled,75
4803,313,68,2023-04-19,10:30:00,850,59,Wallet,Delivered,50
4804,706,290,2022-05-03,19:15:00,690,49,Wallet,Delivered,25
4805,1960,118,2023-08-03,14:00:00,580,31,Credit Card,Delivered,75
4806,307,224,2022-10-23,22:15:00,120,70,Debit Card,Delivered,0
4807,1587,9,2022-02-17,13:45:00,1030,81,UPI,Delivered,0
4808,963,322,2022-06-19,20:15:00,430,76,Credit Card,Delivered,0
4809,1870,218,2022-07-09,21:45:00,930,28,Netbanking,Delivered,0
4810,577,179,2022-07-20,15:45:00,1070,45,Wallet,Delivered,0
4811,1997,240,2022-02-11,17:00:00,220,42,Credit Card,Delivered,25
4812,1709,444,2022-04-11,16:00:00,1030,74,Netbanking,Delivered,0
4813,1694,500,2023-04-01,15:45:00,580,37,Debit Card,In Transit,100
4814,1546,432,2023-03-18,20:00:00,900,83,Credit Card,Delivered,0
4815,1163,98,2023-07-08,20:00:00,260,63,UPI,Delivered,25
4816,60,497,2023-09-17,10:15:00,820,55,Cash on Delivery,Delivered,100
4817,1071,37,2022-11-16,22:30:00,600,58,Credit Card,Delivered,0
4818,1024,452,2022-12-25,20:00:00,520,62,Netbanking,Delivered,0
4819,1903,6,2023-05-28,11:45:00,290,59,UPI,Cancelled,75
4820,722,147,2023-07-02,18:15:00,900,23,UPI,Delivered,0
4821,318,123,2022-05-23,15:00:00,830,72,Netbanking,Delivered,75
4822,1716,485,2022-01-15,13:45:00,430,62,Debit Card,Delivered,100
4823,1816,272,2023-10-06,14:15:00,840,79,Credit Card,Delivered,75
4824,392,209,2022-11-03,10:00:00,650,79,Netbanking,Delivered,0
4825,281,187,2022-02-16,21:15:00,860,62,Credit Card,Delivered,50
4826,1839,17,2023-04-28,23:30:00,1170,22,Credit Card,Delivered,0
4827,398,161,2022-03-03,17:00:00,310,37,Debit Card,Delivered,0
4828,1532,141,2022-10-29,12:45:00,790,52,UPI,Delivered,0
4829,92,338,2023-08-12,11:45:00,800,24,Debit Card,Delivered,25
4830,939,103,2022-01-25,15:15:00,860,35,Netbanking,Delivered,0
4831,701,450,2023-12-31,16:00:00,610,69,Debit Card,Delivered,0
4832,1420,366,2023-05-09,14:30:00,420,30,Debit Card,Delivered,0
4833,1029,451,2022-08-23,16:00:00,300,50,UPI,Delivered,75
4834,67,192,2023-03-27,22:30:00,430,61,Netbanking,Delivered,75
4835,990,183,2023-02-17,12:30:00,1190,46,Wallet,Delivered,0
4836,460,74,2023-05-27,12:45:00,550,48,Debit Card,Delivered,25
4837,167,498,2023-06-12,14:45:00,180,81,Cash on Delivery,Delivered,25
4838,1056,158,2023-09-09,14:15:00,600,86,Cash on Delivery,Cancelled,100
4839,361,18,2023-11-21,14:15:00,200,34,Credit Card,Delivered,0
4840,1523,385,2023-10-26,22:45:00,210,77,UPI,Delivered,75
4841,1343,441,2022-07-21,19:00:00,380,35,Credit Card,Delivered,0
4842,828,432,2023-09-15,18:45:00,880,35,Wallet,Delivered,0
4843,36,53,2022-06-05,23:30:00,1010,31,UPI,Delivered,0
4844,1043,75,2022-09-11,21:00:00,720,23,UPI,Delivered,50
4845,147,263,2022-05-08,12:30:00,530,26,Credit Card,Delivered,50
4846,144,85,2023-03-03,19:30:00,490,76,Wallet,Cancelled,0
4847,1266,127,2022-06-21,20:00:00,1240,28,Netbanking,Cancelled,75
4848,1810,161,2022-08-30,11:15:00,560,58,Credit Card,Delivered,50
4849,681,412,2023-06-30,10:30:00,220,33,Debit Card,In Transit,0
4850,1832,440,2022-06-08,14:00:00,990,81,Wallet,Delivered,50
4851,1762,136,2022-01-20,23:30:00,720,53,Netbanking,Delivered,0
4852,476,307,2022-10-14,13:45:00,1140,50,Credit Card,Delivered,0
4853,1598,484,2023-07-19,21:45:00,1630,67,UPI,Delivered,75
4854,1204,442,2023-02-01,12:30:00,200,50,Netbanking,Delivered,25
4855,1741,310,2023-10-20,12:45:00,720,82,Netbanking,Delivered,0
4856,1915,143,2022-11-04,15:15:00,230,61,Wallet,In Transit,100
4857,1767,394,2023-09-16,21:45:00,770,41,Wallet,Returned,75
4858,1349,311,2023-05-10,18:00:00,740,78,Debit Card,Delivered,50
4859,646,279,2023-01-06,15:30:00,210,70,Netbanking,Delivered,0
4860,863,170,2022-03-01,19:15:00,650,82,Wallet,Delivered,50
4861,196,343,2022-04-17,22:00:00,450,22,UPI,Delivered,0
4862,1737,475,2022-01-16,17:15:00,110,73,Wallet,Delivered,0
4863,507,151,2022-04-02,17:15:00,1280,77,UPI,Cancelled,25
4864,579,440,2023-03-22,11:00:00,950,53,Cash on Delivery,Delivered,0
4865,341,288,2023-08-16,21:15:00,720,88,Wallet,Delivered,100
4866,1849,461,2023-09-14,17:45:00,1170,45,Credit Card,Delivered,100
4867,1637,193,2023-08-18,11:45:00,270,81,Netbanking,Delivered,25
4868,1440,255,2023-05-26,17:30:00,840,70,Netbanking,Delivered,100
4869,516,320,2022-03-23,17:45:00,1470,20,Wallet,Delivered,0
4870,1852,390,2023-10-07,21:00:00,350,65,Debit Card,Delivered,0
4871,304,97,2022-07-25,21:45:00,350,52,Debit Card,Delivered,100
4872,1934,440,2022-11-23,19:45:00,1250,58,Cash on Delivery,Delivered,25
4873,1649,146,2022-07-21,11:30:00,780,34,Debit Card,Returned,75
4874,1958,84,2023-11-20,10:00:00,250,20,Cash on Delivery,Delivered,25
4875,590,417,2022-11-29,18:15:00,1200,45,Debit Card,Delivered,0
4876,883,267,2023-11-30,22:15:00,830,45,Debit Card,Delivered,25
4877,377,354,2023-11-24,17:00:00,930,81,Credit Card,Cancelled,0
4878,1823,451,2023-08-18,19:00:00,700,83,UPI,Delivered,50
4879,1236,479,2023-08-10,21:15:00,600,66,Wallet,Delivered,0
4880,129,242,2023-01-10,21:30:00,840,41,Cash on Delivery,Delivered,0
4881,684,278,2022-05-22,11:15:00,160,48,Cash on Delivery,Delivered,100
4882,900,162,2022-12-27,15:15:00,490,30,Wallet,Delivered,25
4883,1094,177,2022-05-02,22:15:00,1280,54,Netbanking,Cancelled,75
4884,291,362,2022-03-05,19:30:00,230,87,Wallet,Delivered,0
4885,13,222,2022-01-30,21:00:00,730,85,Wallet,In Transit,100
4886,516,187,2023-07-07,16:30:00,860,75,Wallet,Delivered,0
4887,180,73,2023-06-25,16:45:00,250,54,Cash on Delivery,Delivered,0
4888,1440,470,2023-04-04,12:30:00,450,90,Credit Card,In Transit,0
4889,823,496,2023-03-12,12:30:00,400,45,Netbanking,Delivered,100
4890,488,470,2022-02-27,13:15:00,790,69,Debit Card,In Transit,75
4891,890,494,2022-08-21,16:45:00,1290,87,Netbanking,In Transit,50
4892,1960,498,2022-04-01,17:30:00,590,41,Cash on Delivery,Delivered,0
4893,1130,12,2023-11-28,12:30:00,330,80,UPI,Delivered,0
4894,1869,321,2022-02-25,17:30:00,350,38,Credit Card,Delivered,25
4895,440,365,2022-01-13,21:15:00,510,75,Credit Card,Delivered,75
4896,1122,401,2022-09-18,22:45:00,260,73,Cash on Delivery,Delivered,25
4897,164,153,2023-07-19,17:45:00,340,89,Wallet,Cancelled,100
4898,1589,500,2023-08-04,17:45:00,480,54,Wallet,Delivered,0
4899,1322,418,2022-11-12,10:15:00,350,72,Debit Card,Delivered,50
4900,1355,196,2022-11-06,14:00:00,350,21,Netbanking,Delivered,75
4901,85,60,2023-12-08,13:15:00,520,85,Wallet,In Transit,0
4902,1638,219,2023-10-04,22:00:00,900,27,Credit Card,Returned,50
4903,841,393,2022-05-26,17:30:00,230,35,Credit Card,Delivered,0
4904,372,356,2022-05-27,17:00:00,1130,41,Wallet,Returned,0
4905,1967,473,2023-04-17,17:30:00,290,90,UPI,Delivered,0
4906,1590,194,2023-08-04,21:15:00,960,77,Credit Card,Delivered,25
4907,1588,264,2023-03-01,16:00:00,600,86,Netbanking,In Transit,0
4908,1446,137,2022-09-24,11:30:00,880,78,Credit Card,Delivered,25
4909,1615,204,2023-03-27,19:30:00,830,77,Debit Card,Delivered,0
4910,975,382,2022-09-23,23:45:00,870,40,UPI,Delivered,50
4911,1560,172,2023-05-14,22:30:00,820,25,Netbanking,Delivered,0
4912,733,221,2023-03-25,15:45:00,800,74,Debit Card,Delivered,0
4913,649,276,2023-01-03,16:00:00,1300,44,Wallet,Returned,50
4914,254,494,2022-02-22,10:45:00,1360,24,Netbanking,Delivered,0
4915,1134,111,2022-04-12,13:45:00,740,51,Wallet,Delivered,0
4916,513,321,2022-11-02,10:30:00,180,50,UPI,Delivered,75
4917,1598,137,2023-06-30,18:00:00,310,26,Wallet,Delivered,50
4918,163,119,2023-10-05,14:15:00,1460,28,Credit Card,In Transit,75
4919,1770,212,2022-04-26,12:00:00,650,26,Wallet,Delivered,100
4920,234,407,2023-04-07,12:45:00,330,84,Wallet,Delivered,100
4921,1941,204,2023-08-04,14:45:00,510,44,Debit Card,In Transit,0
4922,1396,123,2023-10-09,13:45:00,750,75,Cash on Delivery,Delivered,100
4923,616,89,2022-11-15,21:45:00,970,31,Debit Card,Cancelled,0
4924,1879,384,2022-05-22,12:45:00,980,35,Credit Card,Delivered,75
4925,687,283,2023-12-11,17:30:00,130,27,Cash on Delivery,Delivered,25
4926,1733,434,2023-11-11,22:00:00,130,81,Debit Card,Delivered,25
4927,1860,417,2022-03-24,20:15:00,850,54,Credit Card,Delivered,100
4928,564,337,2022-12-08,13:00:00,1020,76,Cash on Delivery,Delivered,0
4929,1940,220,2022-01-18,18:45:00,1120,70,Netbanking,Delivered,50
4930,1475,385,2022-09-05,15:15:00,630,26,Wallet,Delivered,50
4931,1624,432,2022-09-30,23:45:00,240,48,Wallet,Delivered,0
4932,552,26,2022-09-16,20:45:00,1260,26,Cash on Delivery,Cancelled,75
4933,861,11,2022-06-14,23:45:00,1290,79,Cash on Delivery,Delivered,0
4934,1057,6,2022-04-17,22:45:00,330,44,Debit Card,Cancelled,50
4935,1411,235,2023-02-01,15:15:00,450,76,UPI,Delivered,0
4936,1380,350,2023-06-07,12:45:00,550,66,Debit Card,Returned,50
4937,1367,316,2022-05-08,19:30:00,480,34,Debit Card,Returned,0
4938,472,147,2023-11-06,20:15:00,140,30,Debit Card,Delivered,0
4939,1455,284,2023-05-23,17:45:00,120,84,Wallet,Delivered,0
4940,1548,281,2022-03-20,15:15:00,820,20,Debit Card,Delivered,50
4941,1927,121,2022-02-23,23:45:00,730,23,Credit Card,In Transit,0
4942,1078,22,2022-09-06,16:45:00,450,45,Debit Card,Delivered,50
4943,461,500,2022-08-03,16:00:00,850,86,Wallet,Delivered,50
4944,687,257,2022-11-03,23:15:00,1730,55,Credit Card,Cancelled,0
4945,1092,89,2022-03-27,15:00:00,480,64,Debit Card,Delivered,0
4946,692,454,2023-07-26,17:00:00,490,65,UPI,Delivered,50
4947,1990,486,2023-07-10,11:00:00,980,70,Wallet,Cancelled,75
4948,1113,120,2023-05-18,20:00:00,1260,32,Debit Card,Delivered,0
4949,588,9,2022-04-18,23:30:00,500,87,Debit Card,Delivered,0
4950,423,328,2023-02-14,21:00:00,1000,42,Wallet,Delivered,0
4951,1247,25,2022-02-24,11:30:00,470,69,Cash on Delivery,Delivered,100
4952,808,255,2023-02-20,11:00:00,450,57,Debit Card,In Transit,50
4953,1422,183,2023-04-22,11:30:00,450,52,Debit Card,Delivered,100
4954,319,419,2023-09-15,16:00:00,670,21,Wallet,Delivered,25
4955,1913,172,2022-05-04,12:45:00,840,36,Credit Card,Delivered,0
4956,980,321,2023-03-20,23:15:00,970,46,Debit Card,In Transit,100
4957,257,360,2023-06-24,16:45:00,310,24,UPI,Delivered,100
4958,1807,290,2022-10-01,21:00:00,1290,56,Cash on Delivery,Delivered,25
4959,609,86,2023-07-21,18:45:00,760,52,Cash on Delivery,Delivered,0
4960,14,443,2023-07-05,17:00:00,120,38,Cash on Delivery,Returned,50
4961,1965,20,2023-06-07,10:15:00,750,64,UPI,Delivered,50
4962,325,25,2023-02-23,18:45:00,660,86,UPI,Delivered,75
4963,184,178,2023-09-28,22:00:00,330,47,Wallet,Delivered,50
4964,881,475,2023-03-08,13:00:00,720,54,Cash on Delivery,Delivered,25
4965,373,485,2022-07-11,21:45:00,450,89,Wallet,Returned,0
4966,1161,273,2022-08-19,17:45:00,260,81,Netbanking,Delivered,0
4967,53,148,2023-05-14,19:45:00,780,90,UPI,Cancelled,0
4968,1941,192,2023-10-27,22:30:00,750,86,Debit Card,Delivered,0
4969,1007,242,2023-06-30,21:15:00,460,30,Debit Card,Delivered,0
4970,1718,395,2023-06-27,10:30:00,410,81,Netbanking,Delivered,25
4971,455,3,2023-06-29,10:30:00,520,90,Cash on Delivery,Delivered,0
4972,1975,449,2022-04-11,19:45:00,700,72,Credit Card,In Transit,0
4973,1893,374,2023-06-29,11:30:00,290,35,Credit Card,Delivered,75
4974,515,109,2023-06-20,16:30:00,310,59,Debit Card,Returned,0
4975,479,280,2023-09-14,17:15:00,900,53,Debit Card,Delivered,25
4976,221,275,2022-05-23,22:00:00,610,45,Netbanking,Delivered,0
4977,252,81,2023-10-13,18:45:00,490,87,UPI,In Transit,50
4978,911,160,2022-04-22,23:45:00,1010,54,Wallet,Delivered,75
4979,508,431,2022-08-30,11:00:00,330,43,UPI,Delivered,0
4980,32,266,2023-10-24,14:00:00,350,31,Cash on Delivery,Delivered,0
4981,736,172,2022-03-31,22:45:00,920,56,Debit Card,Delivered,25
4982,496,177,2023-01-31,16:15:00,1030,81,Debit Card,Delivered,100
4983,547,256,2022-03-26,15:45:00,1130,30,Debit Card,Delivered,0
4984,128,485,2023-05-26,23:45:00,1150,54,UPI,In Transit,0
4985,156,130,2022-03-28,22:15:00,270,36,Wallet,Delivered,75
4986,1881,239,2022-02-16,17:00:00,320,53,Netbanking,Delivered,75
4987,899,157,2023-05-23,10:00:00,200,59,Wallet,In Transit,100
4988,1324,339,2023-09-07,23:15:00,140,65,UPI,Delivered,100
4989,1126,191,2022-03-30,22:45:00,1100,71,Netbanking,Delivered,0
4990,1787,451,2023-01-23,21:00:00,730,40,Netbanking,Cancelled,50
4991,1728,357,2022-06-21,23:30:00,890,25,Wallet,Delivered,100
4992,1493,443,2022-04-22,17:00:00,140,21,Netbanking,Delivered,25
4993,1432,244,2023-10-05,12:15:00,640,69,Netbanking,Delivered,75
4994,369,137,2022-09-05,11:45:00,280,56,Debit Card,Delivered,50
4995,1366,346,2022-05-12,22:30:00,1000,61,UPI,Returned,50
4996,1208,480,2022-10-04,22:45:00,500,90,Credit Card,Delivered,50
4997,975,327,2023-07-27,22:15:00,1500,65,Debit Card,In Transit,0
4998,1394,236,2022-12-03,17:15:00,800,77,Wallet,Delivered,25
4999,1946,235,2023-07-02,20:15:00,350,76,UPI,Delivered,25
5000,10,419,2022-01-18,19:45:00,530,44,Credit Card,Delivered,100
