review_id,order_id,customer_id,restaurant_id,food_rating,delivery_rating,overall_rating,review_comment,review_date
1,2234,1822,24,2,1,5.0,"Amazing food, will order again!",2023-06-11
2,1199,1297,182,3,1,1.5,Hygienic and tasty.,2022-02-11
3,553,1743,47,1,2,2.9,"Fast delivery, fresh food.",2023-06-13
4,4004,1326,21,4,3,3.5,Best biryani in the city!,2023-03-06
5,285,402,419,5,5,3.3,"Fast delivery, fresh food.",2022-12-27
6,3838,62,68,1,5,4.7,"Good quality, reasonable price.",2022-06-18
7,2665,259,79,2,4,2.7,Food was not as per menu description.,2022-02-28
8,231,894,263,3,4,1.1,Best biryani in the city!,2022-01-30
9,2983,137,424,4,3,4.5,"Average food, nothing special.",2023-04-16
10,1413,71,398,1,3,1.7,"Amazing food, will order again!",2022-03-03
11,1854,1533,90,1,3,3.1,"Too oily, not recommended.",2023-01-25
12,304,1698,44,3,3,2.0,Restaurant staff was helpful.,2023-05-27
13,640,626,2,2,5,4.5,Will definitely recommend to friends.,2022-02-09
14,1876,890,188,5,4,3.9,Loved the paneer dishes.,2022-06-27
15,1329,223,69,2,2,4.5,"Average food, nothing special.",2023-11-27
16,2834,113,58,4,3,4.0,One of my favourite restaurants.,2023-04-18
17,809,1230,138,1,1,4.0,Excellent taste and packaging.,2022-10-05
18,4022,1046,493,3,2,1.8,"Decent food, average service.",2023-07-22
19,4225,1686,31,1,3,4.1,"Good quality, reasonable price.",2023-10-07
20,4505,362,41,2,5,4.2,Great ambience and service.,2023-12-25
21,2848,1724,379,5,5,2.3,Loved the paneer dishes.,2023-06-19
22,4362,1579,321,4,2,1.1,Will definitely recommend to friends.,2022-02-11
23,3320,84,172,4,5,2.1,One of my favourite restaurants.,2023-08-31
24,4064,1095,215,1,3,3.6,Value for money.,2023-10-29
25,2374,26,325,1,2,4.2,Hygienic and tasty.,2022-05-19
26,3292,311,219,2,5,4.2,Disappointed with the quality.,2023-03-07
27,1452,381,53,5,2,3.2,"Average food, nothing special.",2022-10-01
28,2207,1497,60,2,4,1.4,Excellent taste and packaging.,2022-12-07
29,3204,1882,171,2,4,3.5,Disappointed with the quality.,2023-10-11
30,438,752,93,2,5,4.7,"Amazing food, will order again!",2022-09-06
31,4982,496,177,1,5,4.1,"Average food, nothing special.",2023-02-01
32,1597,1884,267,3,3,4.6,Restaurant staff was helpful.,2022-08-12
33,4436,1003,39,3,5,3.2,Disappointed with the quality.,2022-02-26
34,3269,85,28,4,3,4.0,Great ambience and service.,2022-03-17
35,3552,1319,359,3,3,2.0,Excellent taste and packaging.,2023-02-02
36,1164,223,371,1,4,1.2,Great ambience and service.,2023-02-25
37,5000,10,419,3,2,2.5,Loved the paneer dishes.,2022-01-20
38,1554,971,52,4,4,2.5,"Very bad experience, food was cold.",2022-08-02
39,4559,1077,409,1,3,4.5,"Good quality, reasonable price.",2022-01-31
40,577,1888,80,3,1,1.2,Delivery was late but food was good.,2023-05-31
41,295,276,266,1,2,2.3,Best biryani in the city!,2023-06-30
42,1156,1151,104,5,1,1.9,Value for money.,2023-06-01
43,45,346,79,2,1,2.9,Disappointed with the quality.,2023-08-03
44,583,1330,189,2,2,1.4,Hygienic and tasty.,2023-09-17
45,3710,135,291,1,3,2.6,"Good quality, reasonable price.",2022-11-04
46,4966,1161,273,5,5,1.4,"Amazing food, will order again!",2022-08-21
47,3373,1552,51,3,3,2.1,Food was not as per menu description.,2023-09-27
48,4378,1605,166,1,4,1.7,Excellent taste and packaging.,2022-06-27
49,3605,1026,36,2,5,3.9,Best biryani in the city!,2022-07-28
50,470,1990,80,1,4,4.6,Excellent taste and packaging.,2022-01-04
51,3377,1778,31,4,5,1.7,"Average food, nothing special.",2022-02-24
52,1092,903,159,4,1,4.4,"Too oily, not recommended.",2022-04-20
53,1582,1204,74,3,5,2.7,Great ambience and service.,2022-07-05
54,3772,762,74,4,3,5.0,Disappointed with the quality.,2022-09-15
55,2965,1943,276,1,3,4.9,Restaurant staff was helpful.,2022-10-19
56,3064,1143,269,3,2,4.1,"Too oily, not recommended.",2023-11-04
57,3761,199,127,5,2,4.9,"Fast delivery, fresh food.",2023-12-16
58,3999,953,399,1,2,2.4,Great ambience and service.,2022-09-09
59,737,742,232,5,5,3.6,Delivery was late but food was good.,2023-10-09
60,4001,862,382,1,4,2.5,Disappointed with the quality.,2023-11-15
61,700,91,282,4,5,4.1,Loved the paneer dishes.,2022-04-10
62,2370,1662,118,1,3,4.8,Excellent taste and packaging.,2023-08-04
63,3220,142,369,5,5,3.6,"Good quality, reasonable price.",2022-04-23
64,326,1743,424,3,3,1.6,"Too oily, not recommended.",2023-07-04
65,1863,1268,46,4,3,1.5,"Good quality, reasonable price.",2023-06-03
66,3081,194,146,3,2,3.5,"Too oily, not recommended.",2022-02-02
67,1711,1764,157,1,4,3.4,Portion size could be bigger.,2023-10-26
68,2468,1303,397,4,1,5.0,Great ambience and service.,2023-11-06
69,3609,1142,219,3,1,4.4,"Amazing food, will order again!",2022-03-18
70,1977,445,67,1,1,3.2,Portion size could be bigger.,2022-03-08
71,3085,28,413,2,1,1.6,Great ambience and service.,2023-01-02
72,2108,1576,381,1,5,4.3,"Fast delivery, fresh food.",2022-06-28
73,4039,29,314,5,1,1.4,Food was not as per menu description.,2023-10-01
74,1005,303,235,2,4,3.5,"Decent food, average service.",2023-11-20
75,3878,1242,89,4,4,3.7,Hygienic and tasty.,2022-09-10
76,3769,586,110,4,3,3.3,Loved the paneer dishes.,2023-06-30
77,1646,1042,482,5,5,1.8,One of my favourite restaurants.,2022-05-25
78,4988,1324,339,4,2,1.9,"Average food, nothing special.",2023-09-08
79,3360,1519,190,3,1,1.3,Great ambience and service.,2022-07-18
80,4580,1581,237,3,4,2.5,"Too oily, not recommended.",2022-11-13
81,3433,888,443,1,3,1.7,"Good quality, reasonable price.",2023-09-23
82,42,767,388,5,3,3.6,"Too oily, not recommended.",2022-12-06
83,1126,31,498,5,4,1.9,"Good quality, reasonable price.",2022-08-23
84,2035,1486,411,5,1,4.5,"Fast delivery, fresh food.",2023-01-17
85,922,1410,128,4,4,2.7,Will definitely recommend to friends.,2023-06-26
86,1477,1564,463,4,5,2.7,Delivery was late but food was good.,2023-07-11
87,186,1503,122,4,4,2.8,Hygienic and tasty.,2023-05-29
88,2704,358,48,4,1,3.7,Loved the paneer dishes.,2023-12-29
89,3092,1234,87,2,4,3.7,"Fast delivery, fresh food.",2022-04-09
90,2138,305,59,5,1,1.3,Food was not as per menu description.,2023-10-10
91,4594,856,54,4,2,4.2,"Amazing food, will order again!",2022-08-21
92,3612,1103,372,1,2,2.6,Will definitely recommend to friends.,2023-01-21
93,3926,1113,166,3,4,4.2,Hygienic and tasty.,2023-04-15
94,775,603,195,3,4,1.8,Will definitely recommend to friends.,2023-01-11
95,1150,146,2,3,1,4.3,"Very bad experience, food was cold.",2023-03-06
96,114,8,345,1,3,1.5,"Average food, nothing special.",2022-07-06
97,930,695,27,4,1,2.7,"Average food, nothing special.",2022-03-15
98,4978,911,160,2,3,3.4,Delivery was late but food was good.,2022-04-22
99,2311,413,372,5,1,2.9,Delivery was late but food was good.,2022-09-28
100,3957,752,134,1,2,2.1,Best biryani in the city!,2022-01-30
101,4457,1560,149,3,3,3.4,One of my favourite restaurants.,2023-05-28
102,429,1085,168,4,5,3.6,"Amazing food, will order again!",2022-06-20
103,4747,58,173,4,2,1.4,Will definitely recommend to friends.,2022-08-30
104,3601,378,352,4,2,3.1,"Too oily, not recommended.",2023-10-17
105,1367,628,165,2,2,4.5,Excellent taste and packaging.,2022-02-05
106,1220,8,459,1,4,2.2,"Fast delivery, fresh food.",2023-07-04
107,523,294,389,4,4,2.6,Great ambience and service.,2023-12-10
108,162,53,61,5,2,2.0,Portion size could be bigger.,2022-08-09
109,185,1723,105,3,2,1.5,"Very bad experience, food was cold.",2022-10-20
110,2570,1638,290,2,5,2.3,"Good quality, reasonable price.",2022-10-25
111,666,1416,56,5,1,1.8,"Decent food, average service.",2023-09-23
112,4867,1637,193,3,3,3.9,Best biryani in the city!,2023-08-18
113,4721,1852,150,3,4,2.6,"Decent food, average service.",2023-11-11
114,740,786,463,5,4,3.1,"Good quality, reasonable price.",2023-07-18
115,1377,1317,84,4,4,4.9,Best biryani in the city!,2022-06-04
116,1748,1667,195,2,3,2.4,Great ambience and service.,2022-01-26
117,130,372,222,4,1,2.1,Great ambience and service.,2023-06-08
118,845,1000,263,4,4,3.1,"Fast delivery, fresh food.",2023-02-09
119,3654,503,4,5,5,2.2,Restaurant staff was helpful.,2022-05-16
120,1684,1313,448,1,1,3.4,"Decent food, average service.",2023-06-08
121,4385,815,263,5,3,3.4,Great ambience and service.,2023-10-09
122,4267,845,343,3,4,4.1,One of my favourite restaurants.,2022-07-26
123,4072,405,476,2,4,3.8,One of my favourite restaurants.,2022-04-13
124,3078,761,322,1,5,5.0,Value for money.,2022-11-29
125,454,128,120,1,3,3.9,"Amazing food, will order again!",2022-02-20
126,908,403,111,3,4,2.7,Best biryani in the city!,2023-05-08
127,2933,367,417,5,4,3.6,"Average food, nothing special.",2023-11-01
128,2620,734,238,5,4,3.3,"Very bad experience, food was cold.",2023-01-08
129,2404,1135,471,2,1,3.0,"Very bad experience, food was cold.",2022-08-25
130,3635,543,451,2,3,2.9,Food was not as per menu description.,2023-09-18
131,1082,1634,334,5,2,4.0,Disappointed with the quality.,2022-12-17
132,2682,743,135,4,4,4.2,Hygienic and tasty.,2022-01-23
133,1363,320,34,1,4,4.8,Excellent taste and packaging.,2022-04-19
134,1464,170,79,3,1,4.1,Portion size could be bigger.,2023-08-05
135,1693,34,497,5,3,4.9,Restaurant staff was helpful.,2022-02-22
136,389,1918,130,3,3,4.5,Loved the paneer dishes.,2023-04-09
137,1355,910,145,3,1,4.1,Excellent taste and packaging.,2023-10-29
138,3051,585,413,4,1,4.6,One of my favourite restaurants.,2023-05-14
139,3844,770,76,2,4,1.5,Food was not as per menu description.,2022-01-22
140,4501,1864,85,4,2,4.3,Excellent taste and packaging.,2023-09-24
141,1236,592,162,4,1,4.9,Loved the paneer dishes.,2022-01-28
142,508,1337,412,3,1,4.0,Portion size could be bigger.,2022-04-02
143,2733,1176,203,2,4,3.8,Value for money.,2022-06-05
144,2560,979,193,5,4,1.4,"Good quality, reasonable price.",2023-05-10
145,1674,189,153,1,2,5.0,"Very bad experience, food was cold.",2022-12-14
146,2151,1700,430,1,3,1.6,"Good quality, reasonable price.",2022-12-03
147,4862,1737,475,3,5,1.2,Excellent taste and packaging.,2022-01-17
148,1936,392,29,5,4,1.2,"Average food, nothing special.",2022-03-23
149,3684,1318,24,3,3,2.9,Will definitely recommend to friends.,2022-07-08
150,3915,1502,88,5,1,4.0,Hygienic and tasty.,2022-11-21
151,4748,1522,152,3,1,3.9,"Too oily, not recommended.",2023-02-11
152,4797,31,187,2,5,1.9,Food was not as per menu description.,2023-10-24
153,3049,1483,111,1,1,3.3,"Good quality, reasonable price.",2022-06-03
154,3386,562,489,1,5,4.3,Loved the paneer dishes.,2023-10-31
155,2427,885,427,2,1,1.5,Food was not as per menu description.,2023-12-22
156,3876,457,454,4,3,4.1,"Fast delivery, fresh food.",2023-01-04
157,477,904,373,2,3,1.6,"Very bad experience, food was cold.",2023-01-20
158,3481,321,210,3,4,4.0,"Amazing food, will order again!",2023-07-31
159,4012,1221,83,2,3,4.7,"Very bad experience, food was cold.",2023-12-11
160,3181,1832,3,5,2,4.6,Loved the paneer dishes.,2023-03-27
161,866,69,229,4,5,5.0,Excellent taste and packaging.,2023-03-04
162,1537,1186,90,2,1,4.6,"Good quality, reasonable price.",2023-08-10
163,1301,1328,62,5,2,1.5,"Very bad experience, food was cold.",2023-01-09
164,1424,680,132,4,2,3.7,One of my favourite restaurants.,2023-09-18
165,1171,1172,208,1,3,4.5,"Too oily, not recommended.",2023-01-24
166,1121,1722,483,2,1,1.8,One of my favourite restaurants.,2023-01-22
167,2822,866,15,4,2,2.7,Hygienic and tasty.,2023-04-26
168,654,1772,70,2,3,4.4,Value for money.,2023-03-28
169,2605,398,458,1,3,3.7,Restaurant staff was helpful.,2023-02-13
170,4895,440,365,2,1,1.2,"Very bad experience, food was cold.",2022-01-15
171,1404,913,258,5,5,1.9,One of my favourite restaurants.,2023-03-08
172,1818,1859,194,1,4,2.4,"Average food, nothing special.",2022-09-01
173,2762,1304,297,1,2,1.9,Best biryani in the city!,2023-01-02
174,4841,1343,441,2,3,2.1,"Very bad experience, food was cold.",2022-07-23
175,4893,1130,12,3,3,4.0,Best biryani in the city!,2023-11-30
176,2022,549,389,5,1,3.3,"Fast delivery, fresh food.",2023-06-28
177,914,1026,154,2,4,4.6,Disappointed with the quality.,2023-10-06
178,2344,790,30,3,4,1.7,Value for money.,2022-10-11
179,365,1287,302,1,2,1.4,"Too oily, not recommended.",2023-06-08
180,1673,313,295,2,1,1.3,Disappointed with the quality.,2022-12-12
181,2753,1450,474,4,3,4.4,"Good quality, reasonable price.",2023-11-25
182,2829,666,387,3,4,4.0,"Very bad experience, food was cold.",2022-03-25
183,758,457,243,4,5,4.6,Restaurant staff was helpful.,2022-01-05
184,4049,1811,210,2,2,3.2,"Too oily, not recommended.",2023-12-13
185,3488,1720,134,2,4,3.3,"Too oily, not recommended.",2023-05-10
186,3071,640,388,1,2,4.2,Value for money.,2022-03-18
187,3502,1912,383,5,3,3.2,"Very bad experience, food was cold.",2022-12-31
188,2049,11,479,2,3,1.9,"Very bad experience, food was cold.",2023-03-31
189,555,1151,397,4,3,4.3,Value for money.,2023-12-24
190,3866,106,227,1,1,2.0,"Very bad experience, food was cold.",2022-06-03
191,4147,1141,408,3,1,4.9,Excellent taste and packaging.,2022-11-18
192,441,1584,234,3,1,1.5,Great ambience and service.,2023-12-17
193,2633,666,125,3,5,4.1,Delivery was late but food was good.,2022-10-24
194,1727,1931,302,4,2,3.7,Hygienic and tasty.,2022-12-20
195,119,316,496,4,1,4.5,Value for money.,2022-08-30
196,924,757,203,3,2,1.1,Food was not as per menu description.,2022-03-02
197,540,1710,500,1,2,3.6,"Very bad experience, food was cold.",2023-11-22
198,2355,22,176,4,1,1.1,"Too oily, not recommended.",2023-07-21
199,4381,1856,477,2,1,2.6,"Too oily, not recommended.",2022-01-07
200,2498,1184,365,2,2,4.9,Excellent taste and packaging.,2023-09-08
201,294,1880,23,1,4,3.7,Excellent taste and packaging.,2022-11-08
202,3577,1116,349,5,5,3.6,Will definitely recommend to friends.,2023-05-29
203,4026,1585,484,2,1,3.0,Great ambience and service.,2022-01-01
204,3887,309,334,3,4,3.5,Loved the paneer dishes.,2023-12-24
205,1136,1381,247,1,4,2.8,Will definitely recommend to friends.,2023-03-01
206,259,1748,40,1,4,3.2,Portion size could be bigger.,2022-04-21
207,1732,1529,112,2,4,1.9,Restaurant staff was helpful.,2022-06-13
208,1335,388,1,2,1,4.7,One of my favourite restaurants.,2022-09-03
209,1257,1207,21,4,3,1.3,Portion size could be bigger.,2023-01-22
210,3967,344,48,5,4,2.3,Loved the paneer dishes.,2023-08-09
211,1742,1727,65,3,2,1.3,"Fast delivery, fresh food.",2023-12-11
212,3324,1539,371,5,4,2.8,"Fast delivery, fresh food.",2023-06-08
213,4973,1893,374,3,5,5.0,"Too oily, not recommended.",2023-07-01
214,1423,740,318,5,2,2.1,"Too oily, not recommended.",2023-10-07
215,81,1437,39,2,1,3.1,Best biryani in the city!,2022-10-08
216,2014,1635,453,2,1,4.6,One of my favourite restaurants.,2023-05-28
217,1431,1081,370,3,4,2.7,Portion size could be bigger.,2022-03-19
218,4699,1516,481,2,1,3.0,"Fast delivery, fresh food.",2023-12-15
219,1875,1341,358,2,5,3.7,Value for money.,2022-04-05
220,600,577,293,4,2,1.2,"Average food, nothing special.",2023-03-20
221,694,1804,197,2,5,4.1,One of my favourite restaurants.,2022-09-06
222,1624,357,167,1,5,3.5,Portion size could be bigger.,2022-12-09
223,2790,943,238,5,3,3.2,"Good quality, reasonable price.",2023-07-10
224,510,1604,238,4,5,1.8,Delivery was late but food was good.,2023-01-22
225,3184,1940,265,5,2,1.2,Value for money.,2023-11-13
226,1498,48,183,3,2,1.9,Portion size could be bigger.,2023-10-11
227,1405,676,129,4,2,1.6,"Good quality, reasonable price.",2022-10-31
228,1683,1086,86,2,5,3.0,Food was not as per menu description.,2023-11-22
229,1296,1962,231,2,3,1.2,One of my favourite restaurants.,2023-06-08
230,724,12,402,1,1,4.0,Portion size could be bigger.,2023-09-15
231,879,634,266,5,1,4.5,Will definitely recommend to friends.,2022-10-28
232,242,490,348,1,5,3.3,Will definitely recommend to friends.,2022-09-09
233,4816,60,497,2,1,3.9,Restaurant staff was helpful.,2023-09-18
234,1418,1840,372,1,3,3.5,Disappointed with the quality.,2022-12-02
235,4561,760,221,5,5,2.5,Delivery was late but food was good.,2023-02-21
236,101,1080,96,1,1,2.8,Will definitely recommend to friends.,2023-05-02
237,4237,1102,55,5,1,1.1,Loved the paneer dishes.,2023-06-04
238,4850,1832,440,1,2,1.9,Portion size could be bigger.,2022-06-08
239,3712,620,353,3,5,1.6,Restaurant staff was helpful.,2022-12-04
240,1518,997,478,2,1,4.8,Value for money.,2022-03-28
241,4,143,97,4,4,1.3,Disappointed with the quality.,2023-06-25
242,4727,1991,69,5,4,4.5,One of my favourite restaurants.,2023-07-10
243,322,137,59,4,3,1.7,One of my favourite restaurants.,2022-01-30
244,3196,1782,445,3,2,2.7,Hygienic and tasty.,2022-10-07
245,1090,1211,241,2,1,2.6,Hygienic and tasty.,2022-05-03
246,3873,1510,245,4,5,3.1,Great ambience and service.,2023-01-06
247,4567,70,194,2,4,2.8,Delivery was late but food was good.,2022-06-07
248,1544,1439,400,2,3,1.5,"Good quality, reasonable price.",2023-07-15
249,3061,1199,140,3,3,1.8,Disappointed with the quality.,2022-09-07
250,3094,757,274,1,4,2.9,Restaurant staff was helpful.,2022-07-30
251,2466,1489,127,2,2,4.5,Best biryani in the city!,2023-06-02
252,1985,1624,274,4,3,4.9,Best biryani in the city!,2022-06-16
253,774,29,488,4,5,2.8,Restaurant staff was helpful.,2023-07-02
254,4523,1782,455,5,4,1.0,Loved the paneer dishes.,2023-05-24
255,685,1273,38,5,1,4.0,"Too oily, not recommended.",2022-07-11
256,1284,1877,261,1,2,3.9,Disappointed with the quality.,2022-09-27
257,1733,453,49,3,3,4.4,Hygienic and tasty.,2022-12-28
258,4399,98,440,4,4,1.1,Hygienic and tasty.,2023-01-19
259,3650,77,453,1,5,3.2,Excellent taste and packaging.,2022-10-24
260,1919,1250,149,5,2,4.8,Value for money.,2022-07-24
261,2784,1512,123,1,4,2.4,Disappointed with the quality.,2023-11-28
262,3815,718,389,5,5,3.5,Great ambience and service.,2023-08-15
263,2482,189,212,2,2,4.4,Will definitely recommend to friends.,2023-12-22
264,2586,1329,11,4,1,1.4,Best biryani in the city!,2023-02-18
265,3713,448,453,1,1,3.7,"Decent food, average service.",2022-07-13
266,4380,1774,98,5,1,2.3,"Too oily, not recommended.",2022-12-08
267,3539,1692,376,2,3,4.3,Restaurant staff was helpful.,2023-08-03
268,4338,1595,190,3,4,4.1,Excellent taste and packaging.,2022-12-04
269,476,228,63,4,5,2.3,Delivery was late but food was good.,2022-10-25
270,3347,731,485,3,1,1.7,"Very bad experience, food was cold.",2023-11-28
271,4313,1094,4,3,3,2.8,"Fast delivery, fresh food.",2023-01-02
272,3511,1225,338,3,5,4.2,Portion size could be bigger.,2022-08-13
273,123,1145,218,4,1,2.8,One of my favourite restaurants.,2022-04-02
274,1590,1970,113,4,1,2.8,Food was not as per menu description.,2023-04-19
275,1414,140,138,3,3,3.4,"Decent food, average service.",2022-03-29
276,126,459,313,3,3,2.2,Hygienic and tasty.,2023-06-25
277,4571,311,270,2,3,2.0,Restaurant staff was helpful.,2023-12-18
278,1402,701,81,3,5,4.6,"Fast delivery, fresh food.",2022-11-22
279,2217,1518,184,2,5,1.1,"Very bad experience, food was cold.",2023-10-11
280,2534,1106,492,4,5,3.0,"Very bad experience, food was cold.",2022-01-04
281,2943,550,8,4,2,2.7,One of my favourite restaurants.,2023-02-05
282,1534,986,302,2,5,2.2,One of my favourite restaurants.,2022-01-28
283,3191,1629,254,5,4,1.3,Loved the paneer dishes.,2022-05-31
284,961,369,249,2,2,2.4,Disappointed with the quality.,2023-05-29
285,2963,867,308,5,2,3.6,Great ambience and service.,2023-03-04
286,886,333,186,2,4,2.5,Hygienic and tasty.,2022-10-28
287,2533,1753,421,5,3,4.3,Portion size could be bigger.,2022-11-10
288,937,555,376,1,2,4.8,"Decent food, average service.",2023-10-02
289,4379,1097,101,3,5,3.2,"Fast delivery, fresh food.",2022-04-28
290,4682,283,392,5,4,2.2,Food was not as per menu description.,2023-07-30
291,3093,387,144,1,2,3.3,Delivery was late but food was good.,2023-08-12
292,649,1789,408,2,4,3.9,Food was not as per menu description.,2023-08-09
293,2540,1721,391,1,2,2.8,Disappointed with the quality.,2022-01-17
294,1637,1201,181,1,3,2.2,"Good quality, reasonable price.",2023-09-30
295,4241,1403,449,5,5,3.2,"Average food, nothing special.",2022-05-03
296,4403,1973,401,1,5,3.7,Delivery was late but food was good.,2023-07-27
297,3335,161,344,5,1,1.5,"Too oily, not recommended.",2022-06-18
298,1119,507,230,5,4,2.1,"Amazing food, will order again!",2023-07-23
299,2657,1777,321,1,3,1.9,Great ambience and service.,2022-08-11
300,2395,1284,184,5,1,1.6,Delivery was late but food was good.,2022-08-24
301,4471,1547,279,1,5,1.1,Food was not as per menu description.,2022-04-20
302,4569,196,491,5,2,2.9,Will definitely recommend to friends.,2022-08-04
303,4130,1139,476,4,1,1.7,Portion size could be bigger.,2022-02-18
304,39,1003,341,3,2,4.8,Excellent taste and packaging.,2023-03-22
305,1089,854,109,4,3,1.2,"Good quality, reasonable price.",2022-11-09
306,2508,1048,475,4,2,3.6,Disappointed with the quality.,2023-11-13
307,1571,222,447,3,5,4.1,Restaurant staff was helpful.,2023-06-09
308,68,113,198,4,2,2.7,Value for money.,2023-09-15
309,4864,579,440,3,1,2.8,Restaurant staff was helpful.,2023-03-22
310,3414,891,347,3,1,3.5,Best biryani in the city!,2022-12-13
311,4935,1411,235,1,4,3.3,Restaurant staff was helpful.,2023-02-02
312,2292,25,127,3,2,2.4,"Too oily, not recommended.",2023-07-13
313,2431,1929,13,5,3,4.7,Loved the paneer dishes.,2023-01-20
314,4955,1913,172,3,1,2.0,Food was not as per menu description.,2022-05-05
315,806,1467,274,3,1,2.9,Disappointed with the quality.,2023-04-20
316,2473,1309,133,1,1,4.6,"Fast delivery, fresh food.",2023-06-10
317,2967,1136,404,5,4,4.3,Disappointed with the quality.,2023-04-08
318,2932,173,308,5,2,2.1,Hygienic and tasty.,2022-01-01
319,64,1177,418,3,2,4.8,"Amazing food, will order again!",2023-10-17
320,4263,1819,147,1,1,2.8,"Decent food, average service.",2023-12-23
321,2833,1711,316,5,1,4.9,Loved the paneer dishes.,2023-07-15
322,2536,1629,395,1,5,3.5,Will definitely recommend to friends.,2022-12-05
323,3371,799,345,4,4,1.8,One of my favourite restaurants.,2022-10-10
324,474,696,136,2,3,1.2,Value for money.,2023-10-19
325,73,1385,38,4,2,2.9,Portion size could be bigger.,2023-01-30
326,2888,353,465,3,3,1.1,"Fast delivery, fresh food.",2022-03-03
327,517,1161,168,3,3,2.4,Hygienic and tasty.,2022-08-24
328,560,1231,125,1,2,1.8,"Very bad experience, food was cold.",2023-09-04
329,4071,1446,79,5,5,2.0,Best biryani in the city!,2022-11-27
330,4656,1825,219,5,4,4.0,Will definitely recommend to friends.,2023-02-09
331,4329,7,392,2,3,2.2,"Fast delivery, fresh food.",2022-06-17
332,2043,146,435,5,3,3.8,"Amazing food, will order again!",2023-07-06
333,630,82,295,5,2,1.4,Disappointed with the quality.,2023-02-05
334,3503,1524,266,4,2,3.8,Disappointed with the quality.,2022-02-04
335,1935,324,375,1,3,3.0,Excellent taste and packaging.,2023-07-17
336,3270,910,456,1,2,4.2,Disappointed with the quality.,2023-04-17
337,1205,577,220,1,4,1.2,Will definitely recommend to friends.,2022-08-14
338,3685,1579,78,1,3,2.5,Best biryani in the city!,2023-04-15
339,2405,429,22,1,1,4.5,Excellent taste and packaging.,2022-05-11
340,4852,476,307,4,5,4.1,Portion size could be bigger.,2022-10-16
341,3157,395,421,1,5,4.0,"Very bad experience, food was cold.",2022-05-18
342,4832,1420,366,5,3,1.1,Delivery was late but food was good.,2023-05-09
343,3258,1051,437,4,3,4.0,"Decent food, average service.",2023-01-10
344,51,1064,221,3,4,4.5,Will definitely recommend to friends.,2023-02-28
345,196,996,362,5,4,4.0,Hygienic and tasty.,2023-06-12
346,460,1869,262,4,4,2.2,Great ambience and service.,2023-04-06
347,3453,517,267,3,3,4.5,"Average food, nothing special.",2022-05-26
348,77,1875,70,1,4,3.6,Restaurant staff was helpful.,2022-08-16
349,4285,79,392,2,3,3.7,Loved the paneer dishes.,2022-04-18
350,3066,482,198,4,5,1.6,Hygienic and tasty.,2023-07-22
351,449,1012,348,4,3,2.0,"Average food, nothing special.",2023-02-16
352,2924,633,6,2,1,4.6,"Decent food, average service.",2023-01-13
353,1539,708,314,4,3,1.4,Best biryani in the city!,2022-03-19
354,92,1572,45,4,5,4.0,"Decent food, average service.",2023-01-18
355,2938,1328,354,5,3,4.0,Loved the paneer dishes.,2023-01-19
356,3952,346,47,2,3,2.4,"Good quality, reasonable price.",2023-09-01
357,955,1827,61,4,3,2.4,"Very bad experience, food was cold.",2023-03-25
358,3899,663,129,2,1,2.4,Best biryani in the city!,2022-01-15
359,4473,413,202,5,4,3.6,"Too oily, not recommended.",2022-07-07
360,3744,440,403,4,2,1.8,Great ambience and service.,2022-07-31
361,3694,1993,263,2,1,1.4,Restaurant staff was helpful.,2023-02-14
362,2086,1540,446,4,5,1.4,Restaurant staff was helpful.,2023-05-27
363,3939,1103,147,3,3,2.1,"Fast delivery, fresh food.",2022-06-28
364,4271,817,86,1,2,4.3,Disappointed with the quality.,2022-12-29
365,2535,1907,18,1,3,1.6,"Very bad experience, food was cold.",2023-11-27
366,1627,1700,187,2,2,2.2,Excellent taste and packaging.,2023-12-12
367,536,25,212,3,1,3.6,Restaurant staff was helpful.,2022-07-31
368,1203,1693,368,5,2,2.6,"Good quality, reasonable price.",2022-10-17
369,1400,127,263,5,2,4.1,Hygienic and tasty.,2023-09-10
370,3069,45,209,4,4,4.7,Delivery was late but food was good.,2023-10-29
371,4879,1236,479,1,1,2.8,"Average food, nothing special.",2023-08-12
372,797,504,134,1,1,3.7,"Amazing food, will order again!",2022-01-24
373,2503,328,8,5,3,3.2,Disappointed with the quality.,2023-12-09
374,1003,1816,55,2,5,2.3,"Average food, nothing special.",2023-10-05
375,1358,1985,399,2,1,4.5,"Decent food, average service.",2023-12-17
376,3009,1646,284,1,3,2.6,Will definitely recommend to friends.,2022-09-14
377,645,1426,74,2,4,2.7,"Decent food, average service.",2023-12-13
378,3203,797,44,3,4,1.1,Excellent taste and packaging.,2023-09-19
379,2892,1203,401,2,5,4.7,"Very bad experience, food was cold.",2022-08-08
380,3454,125,49,2,5,1.5,"Amazing food, will order again!",2022-02-05
381,1540,1150,371,5,3,4.0,"Fast delivery, fresh food.",2023-10-04
382,1303,179,42,1,4,4.5,One of my favourite restaurants.,2023-03-29
383,2094,162,125,2,3,2.1,Loved the paneer dishes.,2022-02-03
384,4061,1333,70,4,2,2.0,Great ambience and service.,2022-02-28
385,4778,1289,283,5,5,2.7,Value for money.,2023-12-13
386,1320,1088,468,4,2,2.2,Will definitely recommend to friends.,2022-07-22
387,4764,516,149,5,1,3.7,Restaurant staff was helpful.,2023-08-07
388,1033,1252,244,3,1,4.7,Best biryani in the city!,2022-06-18
389,3716,1148,295,4,4,3.1,Excellent taste and packaging.,2022-08-31
390,2997,557,497,2,5,3.7,"Average food, nothing special.",2023-06-06
391,3010,382,484,5,1,3.9,Disappointed with the quality.,2023-07-27
392,4529,1562,365,2,5,3.5,Portion size could be bigger.,2023-09-14
393,1408,1358,480,4,4,2.9,Hygienic and tasty.,2023-04-23
394,4423,681,189,2,5,1.7,"Fast delivery, fresh food.",2023-09-12
395,3132,1161,275,5,4,4.6,"Good quality, reasonable price.",2023-12-22
396,3668,790,16,5,3,3.9,Portion size could be bigger.,2023-10-16
397,3665,263,420,2,1,3.3,Excellent taste and packaging.,2022-03-29
398,3060,1860,12,5,1,1.8,"Good quality, reasonable price.",2022-01-27
399,4207,116,202,3,2,4.9,One of my favourite restaurants.,2023-09-29
400,4801,1457,71,3,5,1.9,"Amazing food, will order again!",2023-03-23
401,2394,239,19,1,1,3.1,Great ambience and service.,2022-09-19
402,4632,1411,207,1,3,2.0,Food was not as per menu description.,2023-07-18
403,167,283,224,3,3,3.5,Value for money.,2023-06-03
404,4139,594,162,4,2,2.0,"Good quality, reasonable price.",2022-03-20
405,1422,1560,129,4,3,2.7,"Decent food, average service.",2022-11-11
406,2760,241,137,5,2,1.1,"Good quality, reasonable price.",2023-03-16
407,344,348,407,3,5,2.2,"Very bad experience, food was cold.",2023-05-09
408,4327,70,189,4,1,4.5,"Fast delivery, fresh food.",2022-01-23
409,53,1629,30,5,2,3.2,"Average food, nothing special.",2022-04-10
410,3055,426,86,3,5,4.0,"Fast delivery, fresh food.",2022-11-16
411,243,1087,68,1,1,2.3,Great ambience and service.,2022-07-03
412,4757,1051,71,4,2,3.1,Loved the paneer dishes.,2023-07-14
413,4247,1581,10,5,5,2.2,"Amazing food, will order again!",2023-07-25
414,2141,792,167,4,4,4.4,"Decent food, average service.",2023-02-10
415,4910,975,382,1,2,1.0,Portion size could be bigger.,2022-09-24
416,1484,1810,71,4,4,2.9,One of my favourite restaurants.,2022-01-18
417,1897,1867,350,1,2,4.7,Value for money.,2023-11-09
418,1163,720,427,3,5,3.4,Food was not as per menu description.,2023-05-07
419,2101,1942,439,2,5,2.9,Excellent taste and packaging.,2023-12-03
420,1285,332,263,1,5,2.8,Portion size could be bigger.,2022-10-05
421,420,1160,185,4,3,3.7,Loved the paneer dishes.,2023-12-26
422,4419,46,75,4,4,1.6,"Decent food, average service.",2022-10-11
423,3059,1660,67,1,5,1.4,Food was not as per menu description.,2022-09-29
424,3145,1815,474,2,4,4.3,"Very bad experience, food was cold.",2023-11-08
425,3794,1935,447,2,5,4.6,"Too oily, not recommended.",2023-10-06
426,2059,963,442,5,3,1.3,One of my favourite restaurants.,2022-02-19
427,2068,713,432,1,5,1.8,Disappointed with the quality.,2022-03-31
428,3237,1714,302,4,3,2.3,Hygienic and tasty.,2022-12-20
429,1479,1532,429,5,2,3.7,Portion size could be bigger.,2022-12-13
430,1864,767,247,2,2,1.1,One of my favourite restaurants.,2022-12-22
431,1819,1588,187,2,3,1.9,One of my favourite restaurants.,2023-03-06
432,3273,836,55,4,1,4.2,One of my favourite restaurants.,2022-09-14
433,1375,1249,406,4,3,3.7,"Good quality, reasonable price.",2023-12-13
434,3672,1953,31,2,5,3.9,One of my favourite restaurants.,2023-05-02
435,1122,678,461,2,1,3.6,Best biryani in the city!,2022-12-30
436,2118,440,140,4,3,4.2,Excellent taste and packaging.,2023-08-25
437,3230,1399,456,4,4,3.0,Excellent taste and packaging.,2023-04-14
438,4590,1585,387,3,4,3.8,One of my favourite restaurants.,2023-05-13
439,3968,126,227,1,5,4.5,Great ambience and service.,2023-01-06
440,2461,1093,286,2,1,1.7,"Decent food, average service.",2022-08-28
441,537,593,86,2,2,1.5,Portion size could be bigger.,2023-12-28
442,4713,1513,128,2,3,1.3,"Too oily, not recommended.",2023-03-16
443,2509,1752,6,4,4,4.3,Food was not as per menu description.,2023-06-26
444,2426,660,311,1,5,3.4,Delivery was late but food was good.,2023-03-11
445,46,1174,347,5,4,2.8,One of my favourite restaurants.,2023-09-04
446,601,469,483,5,3,3.2,Value for money.,2023-02-04
447,2414,1808,137,4,1,2.5,"Fast delivery, fresh food.",2022-02-22
448,2257,1660,85,3,1,4.8,"Decent food, average service.",2022-01-11
449,293,1901,273,3,1,1.4,Hygienic and tasty.,2022-09-08
450,388,274,357,3,4,3.0,Loved the paneer dishes.,2022-04-18
451,2578,882,483,5,4,4.0,One of my favourite restaurants.,2022-03-10
452,481,1394,423,4,5,4.6,"Too oily, not recommended.",2022-10-05
453,3718,1554,299,4,5,3.0,Great ambience and service.,2022-04-18
454,906,1936,349,5,5,4.3,"Fast delivery, fresh food.",2022-12-19
455,1134,965,406,3,2,3.7,"Amazing food, will order again!",2022-07-11
456,1332,1377,83,1,5,3.3,"Amazing food, will order again!",2023-10-20
457,4587,1420,148,4,4,2.6,Disappointed with the quality.,2022-04-26
458,1503,438,406,1,5,2.7,Excellent taste and packaging.,2023-09-05
459,3441,1152,33,1,2,4.8,"Good quality, reasonable price.",2023-06-24
460,4903,841,393,5,3,4.3,Disappointed with the quality.,2022-05-27
461,4679,317,272,4,2,2.4,"Very bad experience, food was cold.",2022-03-24
462,1658,482,147,4,3,1.7,Great ambience and service.,2022-09-21
463,4980,32,266,5,4,2.1,Disappointed with the quality.,2023-10-25
464,2919,1773,500,2,4,2.1,Will definitely recommend to friends.,2023-12-26
465,329,1019,367,3,4,1.3,"Too oily, not recommended.",2022-08-05
466,4648,1960,116,5,1,4.9,Restaurant staff was helpful.,2022-09-21
467,4530,888,126,1,2,2.2,"Too oily, not recommended.",2022-04-08
468,3288,218,191,2,1,2.0,Disappointed with the quality.,2022-01-25
469,2758,235,436,3,2,3.6,One of my favourite restaurants.,2023-05-17
470,2399,1234,459,2,1,2.9,Food was not as per menu description.,2022-06-01
471,407,709,31,1,1,1.9,Great ambience and service.,2022-08-16
472,2993,31,393,3,5,1.3,"Amazing food, will order again!",2022-11-10
473,2299,832,97,4,5,2.2,Food was not as per menu description.,2023-07-07
474,4868,1440,255,1,4,3.5,Hygienic and tasty.,2023-05-26
475,2295,1972,371,1,2,3.4,Disappointed with the quality.,2022-10-08
476,2004,1128,240,3,5,4.2,Delivery was late but food was good.,2022-10-10
477,4014,877,406,3,3,1.2,Great ambience and service.,2023-03-18
478,4643,128,223,3,2,1.2,Great ambience and service.,2022-12-30
479,2351,811,41,2,4,3.9,"Too oily, not recommended.",2023-01-08
480,2017,1189,416,3,4,1.2,"Average food, nothing special.",2023-08-25
481,2385,1515,420,5,1,2.3,Hygienic and tasty.,2022-10-09
482,3880,433,342,2,2,4.4,One of my favourite restaurants.,2022-08-20
483,2631,1629,299,4,2,3.4,Hygienic and tasty.,2022-07-30
484,3960,1174,77,3,5,1.3,"Amazing food, will order again!",2023-07-14
485,1399,459,375,3,1,3.9,Will definitely recommend to friends.,2022-08-27
486,4445,599,315,5,1,3.9,"Too oily, not recommended.",2022-07-10
487,3395,103,303,2,2,1.2,"Good quality, reasonable price.",2022-02-21
488,751,303,230,5,4,2.0,"Average food, nothing special.",2022-09-02
489,4047,1033,249,2,1,3.5,Disappointed with the quality.,2023-11-02
490,1251,258,474,2,3,3.8,Great ambience and service.,2023-07-16
491,546,850,232,3,5,4.9,"Fast delivery, fresh food.",2022-02-20
492,1679,703,121,5,5,1.0,"Average food, nothing special.",2022-10-14
493,1880,1098,97,2,3,1.3,Will definitely recommend to friends.,2022-03-02
494,516,1910,480,3,4,3.6,Loved the paneer dishes.,2023-04-10
495,335,1295,381,1,1,2.8,Restaurant staff was helpful.,2023-02-13
496,3120,67,146,5,2,1.1,Great ambience and service.,2022-08-09
497,3513,1526,412,1,4,2.5,Hygienic and tasty.,2022-02-22
498,1132,1404,120,4,2,1.1,One of my favourite restaurants.,2023-06-16
499,1095,1796,203,1,2,2.5,Food was not as per menu description.,2022-01-10
500,1393,817,44,1,2,2.9,"Fast delivery, fresh food.",2022-09-26
501,2698,805,458,4,3,2.2,Excellent taste and packaging.,2023-11-06
502,1530,1803,435,4,4,1.6,Will definitely recommend to friends.,2022-03-16
503,4733,1491,59,1,5,1.8,Great ambience and service.,2023-03-05
504,1110,193,454,3,4,1.9,Value for money.,2023-09-12
505,4806,307,224,5,5,4.0,Portion size could be bigger.,2022-10-24
506,2270,903,239,5,1,1.3,"Average food, nothing special.",2023-02-22
507,280,1333,449,3,4,2.8,Best biryani in the city!,2022-03-23
508,3439,1127,432,1,3,2.9,Loved the paneer dishes.,2022-04-13
509,200,523,493,4,1,1.9,Loved the paneer dishes.,2022-02-15
510,1356,477,19,4,3,3.9,"Fast delivery, fresh food.",2022-03-12
511,3523,1898,322,5,4,4.8,Value for money.,2023-06-27
512,1309,753,276,5,4,2.1,Value for money.,2023-10-20
513,3596,1735,290,2,4,1.5,Value for money.,2023-03-01
514,2088,1280,41,1,3,4.9,Best biryani in the city!,2023-07-10
515,1354,1983,486,4,4,2.5,Restaurant staff was helpful.,2023-01-09
516,3886,130,397,3,5,3.4,Great ambience and service.,2023-09-24
517,4835,990,183,5,1,3.8,Will definitely recommend to friends.,2023-02-19
518,3854,488,25,3,1,2.1,"Good quality, reasonable price.",2022-07-28
519,4251,1277,149,5,5,4.1,Best biryani in the city!,2022-09-14
520,3702,1230,94,4,4,1.2,"Decent food, average service.",2022-04-30
521,465,333,226,5,2,2.6,Portion size could be bigger.,2022-03-03
522,4099,324,35,3,3,4.5,Will definitely recommend to friends.,2023-01-05
523,4564,968,146,2,4,2.0,"Average food, nothing special.",2023-12-21
524,2687,1230,321,2,3,4.6,"Very bad experience, food was cold.",2022-02-19
525,3375,244,268,5,1,3.9,Restaurant staff was helpful.,2022-09-01
526,3560,182,258,4,1,1.4,"Good quality, reasonable price.",2023-03-26
527,4627,1757,68,2,5,2.9,Restaurant staff was helpful.,2023-10-07
528,2673,81,368,2,5,1.1,"Amazing food, will order again!",2023-02-05
529,347,397,458,5,4,3.7,"Very bad experience, food was cold.",2022-08-11
530,1804,1050,108,5,2,4.4,Hygienic and tasty.,2023-04-05
531,1925,603,4,3,1,1.2,"Decent food, average service.",2022-11-28
532,1552,1210,431,3,1,4.5,Delivery was late but food was good.,2022-08-28
533,1185,1205,229,1,2,4.4,"Average food, nothing special.",2023-02-03
534,4189,1836,92,2,1,3.1,"Good quality, reasonable price.",2022-06-20
535,3004,1209,262,1,3,4.4,Portion size could be bigger.,2022-02-22
536,3649,611,89,3,2,1.7,"Decent food, average service.",2022-07-29
537,827,1809,465,4,3,2.7,Restaurant staff was helpful.,2023-02-02
538,475,1089,368,3,5,2.6,One of my favourite restaurants.,2023-01-24
539,4815,1163,98,1,1,4.7,Restaurant staff was helpful.,2023-07-09
540,2975,1051,414,5,4,1.8,Portion size could be bigger.,2022-07-28
541,909,1467,90,4,5,3.0,Great ambience and service.,2022-04-03
542,495,339,340,2,3,1.6,"Decent food, average service.",2022-04-18
543,4510,1773,267,1,5,3.9,Disappointed with the quality.,2022-07-22
544,4361,1973,438,1,5,4.5,Food was not as per menu description.,2023-01-07
545,301,1856,435,4,2,4.0,Disappointed with the quality.,2023-01-15
546,3136,1740,3,3,2,4.2,Will definitely recommend to friends.,2023-07-30
547,535,1029,442,5,4,4.5,Hygienic and tasty.,2022-08-20
548,3909,1848,137,5,5,4.5,Will definitely recommend to friends.,2023-01-23
549,3096,655,284,5,2,2.0,Hygienic and tasty.,2022-07-13
550,3535,1690,374,4,1,4.5,"Fast delivery, fresh food.",2023-06-07
551,254,1989,489,5,4,4.7,"Average food, nothing special.",2022-04-15
552,1946,490,434,4,2,2.8,Delivery was late but food was good.,2023-08-09
553,2472,1531,231,2,1,2.5,Portion size could be bigger.,2023-09-27
554,4951,1247,25,5,2,1.1,One of my favourite restaurants.,2022-02-24
555,1280,1580,397,5,5,1.5,"Very bad experience, food was cold.",2023-06-22
556,1891,256,328,4,4,4.9,Excellent taste and packaging.,2023-03-10
557,4647,651,220,4,2,4.2,Disappointed with the quality.,2023-10-25
558,4324,1861,79,2,2,3.1,"Too oily, not recommended.",2022-04-12
559,249,103,317,1,5,1.0,Delivery was late but food was good.,2023-08-31
560,1015,745,241,4,1,3.5,One of my favourite restaurants.,2022-08-24
561,4042,1642,199,3,1,4.9,"Good quality, reasonable price.",2023-01-12
562,3080,810,240,4,4,2.2,Hygienic and tasty.,2023-08-29
563,3,1716,348,4,3,4.3,Best biryani in the city!,2022-02-02
564,2401,657,241,3,2,4.4,One of my favourite restaurants.,2022-06-15
565,3262,1666,398,3,4,1.6,Portion size could be bigger.,2023-06-13
566,1738,1354,274,1,5,1.2,"Average food, nothing special.",2023-05-08
567,4461,1433,304,5,1,1.9,Loved the paneer dishes.,2023-08-22
568,4129,945,162,5,2,3.6,Value for money.,2023-12-10
569,609,911,49,2,1,4.8,"Average food, nothing special.",2023-11-06
570,447,285,350,4,3,1.6,Will definitely recommend to friends.,2022-06-16
571,1096,1233,338,5,2,4.2,"Decent food, average service.",2023-02-13
572,4784,420,412,2,4,2.9,Restaurant staff was helpful.,2023-05-28
573,3363,1160,142,2,4,5.0,Loved the paneer dishes.,2023-01-25
574,4805,1960,118,4,5,1.5,Value for money.,2023-08-03
575,4651,350,133,3,3,2.2,Value for money.,2023-04-19
576,2911,1552,174,1,3,2.7,"Very bad experience, food was cold.",2022-01-17
577,202,712,344,5,5,2.6,Great ambience and service.,2023-01-21
578,3409,1125,415,2,2,3.9,"Fast delivery, fresh food.",2022-10-08
579,3987,1113,394,1,2,2.4,Hygienic and tasty.,2023-09-01
580,3401,307,221,1,1,3.3,One of my favourite restaurants.,2023-06-11
581,1528,805,375,4,1,3.1,Portion size could be bigger.,2023-05-12
582,3751,1901,447,1,2,3.9,Restaurant staff was helpful.,2022-03-01
583,292,825,83,4,4,4.4,Value for money.,2023-08-21
584,2067,1360,360,1,5,2.3,One of my favourite restaurants.,2023-09-25
585,717,1910,353,5,3,3.7,"Decent food, average service.",2023-10-08
586,2109,349,138,1,5,1.3,Restaurant staff was helpful.,2023-05-22
587,2469,1694,445,4,2,3.9,Food was not as per menu description.,2022-06-03
588,1507,592,325,3,2,3.1,"Too oily, not recommended.",2022-11-12
589,4746,1957,489,3,3,4.2,"Very bad experience, food was cold.",2022-11-03
590,4989,1126,191,1,4,2.1,Value for money.,2022-03-30
591,384,849,456,1,4,4.3,Best biryani in the city!,2023-10-25
592,2232,894,311,2,2,3.4,Excellent taste and packaging.,2023-08-10
593,1388,660,27,2,4,2.4,Great ambience and service.,2022-07-24
594,3534,986,397,2,3,1.8,"Average food, nothing special.",2023-02-04
595,4234,351,234,3,1,1.4,"Average food, nothing special.",2023-03-06
596,1809,1459,118,1,3,4.3,Great ambience and service.,2023-01-04
597,1605,48,408,2,5,1.6,Hygienic and tasty.,2023-04-25
598,1435,759,355,4,1,3.1,"Too oily, not recommended.",2023-09-06
599,2082,1498,128,4,3,4.2,Great ambience and service.,2023-04-25
600,2600,575,428,4,3,1.5,"Too oily, not recommended.",2023-05-18
601,394,938,98,2,5,4.6,One of my favourite restaurants.,2022-01-05
602,3983,766,33,4,4,2.4,"Decent food, average service.",2023-01-06
603,1680,1519,134,4,2,1.4,"Good quality, reasonable price.",2023-07-18
604,3034,1249,488,5,1,2.0,"Average food, nothing special.",2023-03-06
605,4054,171,285,4,5,2.1,"Average food, nothing special.",2022-05-09
606,1617,642,115,3,4,2.9,"Decent food, average service.",2023-08-08
607,2223,1338,362,3,4,4.0,Excellent taste and packaging.,2023-06-16
608,2002,1589,357,3,1,3.4,"Too oily, not recommended.",2023-08-05
609,3154,1719,227,2,4,4.4,Best biryani in the city!,2022-04-20
610,2076,1934,169,4,2,2.1,Portion size could be bigger.,2022-10-26
611,4059,1949,359,5,4,2.6,"Fast delivery, fresh food.",2022-08-28
612,4085,592,31,4,2,3.5,"Average food, nothing special.",2022-11-26
613,796,1026,271,1,2,2.4,Great ambience and service.,2022-10-11
614,1755,936,216,1,5,3.4,Great ambience and service.,2023-06-17
615,2588,1859,210,4,4,4.8,"Decent food, average service.",2023-11-24
616,4302,1976,465,5,1,3.2,"Very bad experience, food was cold.",2022-05-16
617,2124,353,474,3,2,1.4,Great ambience and service.,2023-07-19
618,3476,549,248,4,2,5.0,Portion size could be bigger.,2022-09-09
619,1899,416,85,4,1,2.3,Delivery was late but food was good.,2023-03-22
620,966,877,298,1,5,1.6,Excellent taste and packaging.,2023-02-23
621,3749,1892,53,1,1,4.8,"Good quality, reasonable price.",2022-04-28
622,166,1468,169,5,2,3.5,"Fast delivery, fresh food.",2023-07-05
623,1260,679,482,2,5,4.8,"Decent food, average service.",2022-03-10
624,3728,46,92,4,1,4.3,"Very bad experience, food was cold.",2022-09-10
625,2937,1282,16,3,4,1.2,"Decent food, average service.",2023-10-11
626,2182,1431,404,4,4,1.2,Food was not as per menu description.,2023-12-13
627,4704,563,101,4,5,1.1,"Average food, nothing special.",2023-04-25
628,3500,985,405,1,1,2.8,Hygienic and tasty.,2022-07-01
629,4586,597,233,5,5,2.6,One of my favourite restaurants.,2023-07-30
630,3688,190,388,2,3,2.3,"Decent food, average service.",2022-12-20
631,472,704,91,5,5,4.3,Food was not as per menu description.,2022-08-12
632,2685,842,444,5,4,1.7,Hygienic and tasty.,2023-01-20
633,3221,1893,316,3,4,4.8,"Very bad experience, food was cold.",2022-07-11
634,4109,908,369,2,5,3.3,Restaurant staff was helpful.,2023-03-23
635,291,1755,255,5,1,1.5,"Average food, nothing special.",2023-09-15
636,1142,1942,206,5,2,3.9,Best biryani in the city!,2023-03-20
637,4057,1045,348,2,5,3.9,Great ambience and service.,2023-05-31
638,735,2000,497,1,5,3.5,Loved the paneer dishes.,2023-09-14
639,140,1776,483,2,5,4.0,Hygienic and tasty.,2023-01-19
640,4144,683,75,1,4,1.6,Loved the paneer dishes.,2022-06-01
641,1765,1565,341,2,3,1.3,Disappointed with the quality.,2023-12-13
642,1073,1391,278,3,3,4.9,Portion size could be bigger.,2023-01-11
643,4674,760,109,4,5,3.6,Best biryani in the city!,2022-07-11
644,234,102,44,3,3,1.6,Disappointed with the quality.,2023-12-17
645,1927,518,53,5,5,2.4,"Too oily, not recommended.",2023-01-27
646,1532,29,256,5,2,1.9,Best biryani in the city!,2022-02-20
647,2852,1782,180,3,2,1.7,"Fast delivery, fresh food.",2023-03-01
648,154,1016,19,4,5,3.0,Excellent taste and packaging.,2023-03-28
649,4545,570,31,3,2,2.2,"Amazing food, will order again!",2022-10-16
650,1704,1414,106,2,5,5.0,Disappointed with the quality.,2023-06-22
651,2557,98,154,5,5,1.7,Food was not as per menu description.,2022-04-24
652,3576,994,112,4,5,5.0,Loved the paneer dishes.,2022-11-02
653,3752,188,282,4,5,3.9,"Fast delivery, fresh food.",2022-07-15
654,2312,1907,296,5,5,1.1,"Fast delivery, fresh food.",2022-01-09
655,2896,610,478,1,2,2.9,"Decent food, average service.",2022-02-26
656,1293,1236,16,2,5,1.2,Disappointed with the quality.,2022-02-07
657,446,1365,349,1,2,2.8,Disappointed with the quality.,2023-09-07
658,3831,1654,462,2,1,1.8,Great ambience and service.,2022-02-17
659,1487,627,289,4,4,1.9,"Fast delivery, fresh food.",2023-12-14
660,2568,396,195,3,1,3.2,Delivery was late but food was good.,2023-01-16
661,4354,1699,461,3,3,3.1,"Fast delivery, fresh food.",2023-06-23
662,145,77,127,5,4,3.7,Best biryani in the city!,2023-08-08
663,2610,1350,39,5,2,2.3,Excellent taste and packaging.,2023-11-27
664,1077,1895,173,5,2,1.5,Portion size could be bigger.,2023-05-17
665,150,827,441,5,5,1.1,"Fast delivery, fresh food.",2022-03-31
666,4265,161,163,3,1,4.3,Portion size could be bigger.,2022-05-08
667,3703,783,285,4,5,2.5,Best biryani in the city!,2023-04-19
668,3247,270,318,3,5,3.9,"Very bad experience, food was cold.",2022-07-27
669,1352,1299,35,2,3,3.1,Portion size could be bigger.,2023-05-05
670,2786,509,199,4,3,2.0,"Average food, nothing special.",2023-09-10
671,3531,614,171,1,5,1.4,Restaurant staff was helpful.,2022-03-01
672,2696,1114,48,5,5,2.7,Disappointed with the quality.,2023-02-02
673,3870,991,74,4,4,2.1,"Too oily, not recommended.",2022-05-19
674,2320,240,250,4,4,4.0,Value for money.,2022-05-17
675,4222,1159,62,5,2,4.8,One of my favourite restaurants.,2022-04-20
676,1470,1867,431,2,4,4.1,"Very bad experience, food was cold.",2022-05-05
677,4307,1535,21,1,4,2.3,Will definitely recommend to friends.,2022-08-28
678,4833,1029,451,4,4,1.5,Portion size could be bigger.,2022-08-25
679,419,954,161,1,5,1.7,"Very bad experience, food was cold.",2023-05-29
680,1155,573,198,5,3,2.1,Food was not as per menu description.,2022-06-06
681,802,857,478,5,5,3.1,"Too oily, not recommended.",2023-07-20
682,2882,1075,397,5,4,3.1,Restaurant staff was helpful.,2023-04-15
683,2615,522,406,3,3,1.1,Best biryani in the city!,2022-12-21
684,2787,1116,296,2,1,4.2,Portion size could be bigger.,2023-11-16
685,1057,1849,226,4,1,2.2,Loved the paneer dishes.,2022-11-09
686,1018,1106,384,5,2,4.5,Delivery was late but food was good.,2022-08-04
687,1094,1252,416,3,2,4.0,Disappointed with the quality.,2022-01-25
688,2153,1469,171,5,2,3.6,"Too oily, not recommended.",2023-06-07
689,599,1576,8,4,2,3.4,Best biryani in the city!,2022-11-18
690,2058,752,367,5,4,1.7,Food was not as per menu description.,2022-06-14
691,2230,370,237,5,3,1.9,"Decent food, average service.",2023-02-25
692,3811,1236,393,3,5,4.1,Excellent taste and packaging.,2023-02-24
693,2980,1303,329,3,2,3.3,Value for money.,2023-02-11
694,4270,1064,250,1,3,2.5,Loved the paneer dishes.,2022-01-12
695,102,1107,280,1,5,1.3,Will definitely recommend to friends.,2023-11-13
696,4630,1680,17,5,4,4.3,Restaurant staff was helpful.,2022-07-12
697,3189,327,497,2,3,5.0,"Fast delivery, fresh food.",2022-05-15
698,3800,1986,313,1,3,2.0,"Decent food, average service.",2022-11-30
699,315,97,355,2,5,1.9,Restaurant staff was helpful.,2022-09-09
700,386,114,100,4,4,3.2,"Fast delivery, fresh food.",2023-08-05
701,3767,1324,493,2,4,1.3,Excellent taste and packaging.,2023-02-19
702,2421,303,373,4,5,3.8,Disappointed with the quality.,2023-03-29
703,2235,621,143,3,5,2.6,"Too oily, not recommended.",2023-06-14
704,4874,1958,84,5,5,3.1,Disappointed with the quality.,2023-11-20
705,4718,1775,261,3,1,2.7,"Amazing food, will order again!",2022-05-26
706,2576,178,380,2,5,3.9,Food was not as per menu description.,2023-07-28
707,132,243,60,1,4,2.8,Value for money.,2023-11-24
708,783,1673,244,3,4,4.7,"Fast delivery, fresh food.",2022-11-17
709,3673,159,286,4,5,1.8,One of my favourite restaurants.,2023-11-09
710,4321,139,329,1,4,1.9,Portion size could be bigger.,2023-06-06
711,2702,1872,405,4,1,2.6,"Fast delivery, fresh food.",2023-04-21
712,2661,1298,270,3,1,4.2,"Good quality, reasonable price.",2022-01-13
713,3902,1545,69,3,5,1.1,"Decent food, average service.",2022-07-22
714,4899,1322,418,4,5,3.6,Will definitely recommend to friends.,2022-11-12
715,4821,318,123,2,3,3.9,Excellent taste and packaging.,2022-05-24
716,864,1528,119,5,4,1.5,Loved the paneer dishes.,2023-05-21
717,3391,348,386,4,4,3.8,Disappointed with the quality.,2022-01-28
718,2877,1930,106,2,5,3.4,Excellent taste and packaging.,2022-08-07
719,4490,1361,32,1,2,3.0,Delivery was late but food was good.,2022-07-30
720,1067,1523,185,1,1,4.7,Restaurant staff was helpful.,2023-07-08
721,2688,966,98,2,3,1.7,Will definitely recommend to friends.,2023-05-28
722,62,1204,411,2,3,4.9,Food was not as per menu description.,2023-02-17
723,2054,1282,489,1,2,1.0,Restaurant staff was helpful.,2022-10-21
724,4212,1317,468,2,4,3.4,"Fast delivery, fresh food.",2022-10-14
725,1841,1856,276,3,4,2.2,"Very bad experience, food was cold.",2022-06-17
726,4041,1034,121,1,4,2.4,"Too oily, not recommended.",2022-07-18
727,445,1277,122,2,1,3.5,Disappointed with the quality.,2022-10-18
728,1004,1014,48,3,3,4.1,"Average food, nothing special.",2023-10-19
729,442,1780,176,5,5,2.9,"Good quality, reasonable price.",2023-06-27
730,4878,1823,451,3,2,5.0,"Good quality, reasonable price.",2023-08-18
731,3515,1874,276,5,5,1.5,"Very bad experience, food was cold.",2023-03-23
732,543,1039,38,1,1,2.2,Loved the paneer dishes.,2023-08-21
733,433,99,194,2,2,3.6,"Fast delivery, fresh food.",2023-09-23
734,2485,1349,464,5,1,1.2,Portion size could be bigger.,2022-08-17
735,4013,1281,187,2,3,4.0,Excellent taste and packaging.,2023-08-09
736,4971,455,3,1,5,2.9,"Good quality, reasonable price.",2023-06-29
737,3046,1044,420,1,4,4.9,"Amazing food, will order again!",2022-05-15
738,4633,1176,301,3,4,4.6,Value for money.,2023-02-17
739,521,320,449,4,4,4.9,"Very bad experience, food was cold.",2023-05-21
740,4762,731,191,4,1,3.8,Restaurant staff was helpful.,2022-04-04
741,4217,547,269,5,3,1.5,Excellent taste and packaging.,2023-01-19
742,1137,1895,460,1,2,4.3,"Too oily, not recommended.",2022-09-19
743,531,1453,220,5,3,4.1,"Very bad experience, food was cold.",2023-07-21
744,4915,1134,111,4,5,3.7,"Average food, nothing special.",2022-04-14
745,76,1842,63,1,1,2.4,"Average food, nothing special.",2022-03-04
746,97,1395,291,2,3,1.2,One of my favourite restaurants.,2023-04-22
747,828,258,232,1,4,1.5,Value for money.,2023-11-14
748,1967,456,400,5,3,1.4,"Too oily, not recommended.",2023-12-27
749,2398,1358,41,5,2,2.9,Will definitely recommend to friends.,2022-06-30
750,3020,390,358,2,1,1.1,"Decent food, average service.",2022-05-19
751,2868,1792,30,3,1,1.8,Loved the paneer dishes.,2023-01-31
752,4073,107,351,1,2,3.0,"Decent food, average service.",2023-06-17
753,1569,1498,29,3,4,2.8,"Good quality, reasonable price.",2022-06-16
754,3544,1965,294,2,4,1.4,Excellent taste and packaging.,2023-03-18
755,2342,721,240,5,2,1.3,Restaurant staff was helpful.,2022-05-27
756,153,136,389,4,4,2.2,Portion size could be bigger.,2023-10-19
757,539,1626,167,1,2,1.8,Disappointed with the quality.,2022-03-25
758,3418,1848,67,4,2,3.7,Loved the paneer dishes.,2022-04-12
759,3444,674,235,3,1,4.4,Excellent taste and packaging.,2022-06-16
760,4434,1013,183,1,5,1.1,Value for money.,2022-09-24
761,2189,544,348,3,3,1.0,"Fast delivery, fresh food.",2022-08-07
762,3550,1818,72,4,2,3.2,Disappointed with the quality.,2022-11-08
763,1042,938,452,5,2,2.9,Hygienic and tasty.,2022-11-07
764,398,1389,181,1,3,2.1,"Very bad experience, food was cold.",2022-10-24
765,3467,1893,207,1,1,4.0,"Fast delivery, fresh food.",2024-01-02
766,2949,89,330,2,5,1.1,Food was not as per menu description.,2022-07-15
767,4048,1204,279,1,4,4.3,"Amazing food, will order again!",2023-01-19
768,2080,772,182,3,4,3.7,Great ambience and service.,2023-09-05
769,353,1582,20,3,1,3.8,Portion size could be bigger.,2022-12-04
770,985,1409,16,1,3,3.5,"Amazing food, will order again!",2022-11-24
771,2644,1264,255,5,1,1.6,"Fast delivery, fresh food.",2022-06-11
772,1984,1493,46,1,5,2.4,Restaurant staff was helpful.,2022-06-17
773,3389,14,13,5,1,3.4,Value for money.,2023-01-05
774,4134,1112,356,5,4,4.2,Delivery was late but food was good.,2022-01-10
775,305,1298,408,2,4,4.0,One of my favourite restaurants.,2022-11-24
776,3768,252,80,2,3,1.5,Disappointed with the quality.,2022-10-18
777,4220,815,339,5,4,1.6,Excellent taste and packaging.,2023-03-21
778,4707,1975,453,4,3,2.1,Value for money.,2022-04-19
779,563,1155,168,3,4,1.8,Restaurant staff was helpful.,2022-04-03
780,2525,1368,165,3,1,4.6,"Too oily, not recommended.",2022-01-17
781,3938,1719,83,5,2,2.1,"Very bad experience, food was cold.",2022-12-23
782,1512,1865,322,2,2,2.5,Excellent taste and packaging.,2023-07-10
783,4532,467,16,4,4,3.2,"Too oily, not recommended.",2022-12-09
784,3070,174,304,3,1,1.9,Great ambience and service.,2023-09-06
785,198,1365,470,3,3,1.8,Restaurant staff was helpful.,2022-02-25
786,4155,994,93,3,5,2.8,Excellent taste and packaging.,2022-01-26
787,1955,555,493,3,3,3.5,Hygienic and tasty.,2022-05-24
788,636,1125,426,5,3,4.7,"Very bad experience, food was cold.",2023-08-26
789,2961,785,184,3,3,2.4,"Good quality, reasonable price.",2022-04-29
790,2697,978,391,5,1,3.2,One of my favourite restaurants.,2022-03-30
791,452,1756,12,4,4,3.4,"Amazing food, will order again!",2023-09-17
792,1270,1864,484,2,3,3.2,Value for money.,2022-01-30
793,1609,1916,150,3,3,3.6,"Fast delivery, fresh food.",2023-03-24
794,453,57,230,4,3,2.6,Restaurant staff was helpful.,2023-05-30
795,206,716,236,5,5,4.2,Hygienic and tasty.,2022-12-10
796,1584,58,130,4,5,2.9,Will definitely recommend to friends.,2023-01-23
797,4926,1733,434,2,3,3.3,Best biryani in the city!,2023-11-13
798,4017,213,253,5,4,4.3,"Very bad experience, food was cold.",2023-10-01
799,626,203,219,5,1,2.2,"Good quality, reasonable price.",2023-04-17
800,1723,1223,258,5,2,2.3,Delivery was late but food was good.,2023-03-20
801,1330,1905,169,2,5,1.0,Value for money.,2022-06-24
802,3385,1920,192,1,5,2.7,"Too oily, not recommended.",2023-05-05
803,1502,497,329,4,2,2.8,Hygienic and tasty.,2022-11-23
804,2928,768,431,2,3,4.2,Food was not as per menu description.,2022-07-08
805,4160,573,227,2,1,3.0,"Decent food, average service.",2022-12-02
806,2768,68,19,1,3,3.4,Best biryani in the city!,2022-04-04
807,4153,326,499,1,2,3.6,Delivery was late but food was good.,2022-05-23
808,2440,167,257,5,5,2.3,Hygienic and tasty.,2022-08-31
809,2813,1368,362,2,1,2.6,Hygienic and tasty.,2023-10-06
810,217,386,75,2,2,2.0,Disappointed with the quality.,2022-02-04
811,349,1276,108,2,4,2.4,Great ambience and service.,2022-04-19
812,1581,86,140,2,5,1.2,Loved the paneer dishes.,2023-05-27
813,2539,1414,9,2,1,2.2,"Good quality, reasonable price.",2022-10-11
814,2577,1584,157,4,2,1.6,"Fast delivery, fresh food.",2023-12-19
815,1311,672,299,3,1,2.7,Food was not as per menu description.,2023-12-13
816,2761,163,417,2,3,1.5,"Amazing food, will order again!",2022-05-25
817,112,84,476,4,5,4.4,Great ambience and service.,2022-11-18
818,509,1402,466,2,1,1.9,"Average food, nothing special.",2023-03-03
819,1264,1243,147,2,3,3.5,Restaurant staff was helpful.,2023-01-08
820,258,1279,475,5,5,1.5,Excellent taste and packaging.,2023-11-09
821,2561,989,262,4,4,4.2,Portion size could be bigger.,2023-10-20
822,124,451,397,2,3,1.2,"Good quality, reasonable price.",2022-07-03
823,2996,327,219,3,1,2.9,Disappointed with the quality.,2023-02-25
824,3963,563,217,5,1,4.1,Great ambience and service.,2022-12-06
825,3919,618,346,4,5,4.6,One of my favourite restaurants.,2023-08-23
826,336,608,104,5,2,3.5,"Very bad experience, food was cold.",2022-03-01
827,674,532,382,1,2,2.3,"Very bad experience, food was cold.",2023-03-08
828,4889,823,496,2,2,3.9,Hygienic and tasty.,2023-03-13
829,1643,272,138,2,5,3.7,Restaurant staff was helpful.,2023-03-21
830,4606,1602,32,5,1,4.8,Loved the paneer dishes.,2022-06-12
831,1135,1355,111,2,3,4.8,"Fast delivery, fresh food.",2023-06-25
832,4752,851,342,4,3,4.9,Portion size could be bigger.,2022-07-17
833,1653,417,437,3,3,4.0,Disappointed with the quality.,2022-07-10
834,1482,644,397,5,2,1.7,Best biryani in the city!,2022-09-29
835,1655,331,121,5,5,1.3,"Fast delivery, fresh food.",2022-04-11
836,274,1583,69,1,1,2.2,"Good quality, reasonable price.",2023-10-18
837,1855,1805,88,4,4,1.9,Portion size could be bigger.,2023-11-11
838,2765,1416,325,4,4,2.2,"Too oily, not recommended.",2022-04-09
839,3979,656,472,1,3,3.0,"Fast delivery, fresh food.",2022-06-09
840,3416,1361,130,5,2,1.8,"Good quality, reasonable price.",2022-07-24
841,2825,1158,455,4,3,3.9,Excellent taste and packaging.,2023-04-11
842,4994,369,137,1,5,1.8,"Amazing food, will order again!",2022-09-07
843,4855,1741,310,1,3,4.8,Excellent taste and packaging.,2023-10-20
844,1654,90,228,1,4,4.7,"Average food, nothing special.",2022-08-12
845,1852,1540,106,5,5,2.3,"Average food, nothing special.",2023-10-08
846,3408,1967,465,5,4,3.1,"Average food, nothing special.",2022-02-06
847,1563,929,405,5,4,2.1,"Very bad experience, food was cold.",2023-09-30
848,1705,1061,453,5,1,2.8,"Very bad experience, food was cold.",2023-07-22
849,3235,1369,461,2,2,1.4,Portion size could be bigger.,2023-08-04
850,426,1650,222,4,3,1.5,"Very bad experience, food was cold.",2023-07-08
851,1256,1082,121,1,2,3.1,"Average food, nothing special.",2023-08-23
852,3137,95,176,3,3,2.3,Portion size could be bigger.,2023-09-24
853,232,1730,293,3,2,4.1,Great ambience and service.,2023-11-03
854,3233,1779,283,2,4,2.2,Hygienic and tasty.,2022-04-30
855,4024,1672,45,1,1,3.7,Hygienic and tasty.,2023-02-03
856,1275,1119,498,3,2,1.5,"Average food, nothing special.",2022-02-22
857,2481,597,77,1,3,1.6,"Decent food, average service.",2023-02-26
858,2854,109,32,1,5,1.3,"Fast delivery, fresh food.",2022-09-22
859,1443,760,199,5,4,1.6,Great ambience and service.,2023-09-24
860,4294,1250,339,2,3,4.9,Delivery was late but food was good.,2022-05-06
861,2309,1144,167,5,2,2.5,Restaurant staff was helpful.,2022-10-13
862,1886,1826,54,2,4,2.4,Food was not as per menu description.,2023-11-12
863,1384,1222,326,5,4,3.6,"Very bad experience, food was cold.",2022-04-07
864,2038,899,417,5,1,4.5,Excellent taste and packaging.,2023-05-16
865,1105,291,350,3,2,2.9,Disappointed with the quality.,2023-03-17
866,4531,1373,150,5,5,2.7,"Too oily, not recommended.",2022-02-04
867,2423,284,137,4,4,3.9,Best biryani in the city!,2023-07-19
868,728,1516,159,5,2,3.8,"Very bad experience, food was cold.",2023-10-30
869,669,444,145,2,5,3.5,Delivery was late but food was good.,2023-07-23
870,2496,1992,357,3,4,4.7,"Fast delivery, fresh food.",2023-08-01
871,1407,802,23,1,3,3.3,Will definitely recommend to friends.,2022-08-19
872,4661,693,212,4,1,3.1,Best biryani in the city!,2022-09-23
873,415,218,29,4,3,2.4,"Amazing food, will order again!",2022-08-13
874,3318,1344,80,3,1,3.6,"Fast delivery, fresh food.",2022-12-27
875,2365,47,420,2,3,4.7,"Very bad experience, food was cold.",2022-12-05
876,2291,241,339,5,3,3.2,One of my favourite restaurants.,2022-06-23
877,1973,1920,254,5,3,3.6,Loved the paneer dishes.,2023-12-11
878,4584,1170,202,2,3,4.5,"Decent food, average service.",2022-08-11
879,194,1957,302,4,2,4.2,"Very bad experience, food was cold.",2023-11-11
880,4488,1931,89,4,5,3.4,Will definitely recommend to friends.,2023-08-24
881,3075,1922,423,2,1,1.6,One of my favourite restaurants.,2022-06-21
882,1189,518,236,5,3,2.4,Best biryani in the city!,2022-02-27
883,317,1219,450,2,3,2.4,"Amazing food, will order again!",2022-10-18
884,4811,1997,240,5,4,2.4,"Very bad experience, food was cold.",2022-02-13
885,972,1618,335,2,3,4.2,One of my favourite restaurants.,2023-09-26
886,4228,1210,458,2,1,3.5,Value for money.,2022-10-05
887,4467,739,247,3,4,4.4,Disappointed with the quality.,2022-08-17
888,1268,577,287,2,3,4.6,Best biryani in the city!,2023-04-17
889,507,1648,453,1,2,3.6,Excellent taste and packaging.,2023-06-02
890,663,1568,445,3,5,4.4,Portion size could be bigger.,2023-10-04
891,3296,1645,37,4,4,2.0,"Decent food, average service.",2022-09-19
892,1223,984,254,5,4,4.7,"Good quality, reasonable price.",2022-06-02
893,1176,593,328,4,2,1.5,Great ambience and service.,2022-08-19
894,4666,1704,34,4,2,2.4,Loved the paneer dishes.,2022-03-27
895,2382,196,93,1,2,1.8,"Very bad experience, food was cold.",2022-08-20
896,3489,1615,483,3,2,1.6,One of my favourite restaurants.,2022-03-31
897,1069,1563,458,1,4,1.5,Loved the paneer dishes.,2023-04-29
898,4760,1881,366,1,3,4.6,Disappointed with the quality.,2023-11-28
899,3228,1314,370,2,2,4.9,Loved the paneer dishes.,2022-06-03
900,1087,1221,382,2,1,2.2,Restaurant staff was helpful.,2022-09-10
901,2008,834,170,5,1,3.1,"Average food, nothing special.",2022-11-24
902,3186,935,194,1,3,3.6,One of my favourite restaurants.,2023-09-06
903,1466,118,381,5,1,2.0,Portion size could be bigger.,2022-09-07
904,616,1498,288,1,5,2.3,"Very bad experience, food was cold.",2022-01-29
905,3198,1224,106,5,4,1.7,"Decent food, average service.",2023-06-13
906,4163,598,340,3,4,3.5,"Decent food, average service.",2023-04-22
907,1632,1020,446,2,1,1.4,"Too oily, not recommended.",2023-10-08
908,1602,54,493,3,5,3.3,"Average food, nothing special.",2022-04-19
909,4243,1255,487,1,1,2.6,"Too oily, not recommended.",2022-12-05
910,1578,1372,355,5,1,2.6,Will definitely recommend to friends.,2022-09-17
911,1123,1697,495,5,5,5.0,Disappointed with the quality.,2023-08-18
912,3332,59,489,5,5,3.8,Will definitely recommend to friends.,2023-09-27
913,4341,431,96,1,1,2.8,Loved the paneer dishes.,2023-07-15
914,275,1436,449,1,4,4.1,Hygienic and tasty.,2023-10-29
915,3848,1711,220,1,2,2.1,Excellent taste and packaging.,2022-04-19
916,2145,922,307,2,3,2.8,One of my favourite restaurants.,2022-09-03
917,958,1810,313,2,5,4.1,Value for money.,2022-03-03
918,967,1047,239,5,4,2.9,Disappointed with the quality.,2023-11-22
919,4583,91,359,3,5,3.8,One of my favourite restaurants.,2023-10-30
920,2406,761,370,5,2,1.9,One of my favourite restaurants.,2023-07-03
921,4442,809,138,5,1,2.1,"Too oily, not recommended.",2023-04-07
922,4999,1946,235,5,4,2.3,Restaurant staff was helpful.,2023-07-02
923,498,1836,115,1,2,1.6,Hygienic and tasty.,2022-12-06
924,2774,728,103,2,3,4.0,"Good quality, reasonable price.",2022-10-03
925,49,1993,86,4,1,3.7,Value for money.,2023-12-24
926,2887,1598,127,3,4,4.7,Value for money.,2022-11-30
927,984,395,131,3,4,4.9,Food was not as per menu description.,2023-02-03
928,3436,586,292,1,1,3.0,Food was not as per menu description.,2023-12-06
929,4093,402,64,1,4,4.8,"Fast delivery, fresh food.",2022-09-20
930,3722,548,87,1,3,4.6,Value for money.,2022-05-19
931,750,1833,499,2,5,3.2,"Very bad experience, food was cold.",2023-03-30
932,4096,1203,444,1,5,1.7,"Amazing food, will order again!",2022-01-22
933,404,1318,113,1,4,2.2,Portion size could be bigger.,2023-02-14
934,4697,553,200,2,5,1.7,"Fast delivery, fresh food.",2022-03-12
935,4787,94,366,4,1,2.2,"Very bad experience, food was cold.",2022-09-17
936,2550,1103,400,2,1,4.0,Portion size could be bigger.,2022-10-15
937,3486,933,179,3,1,4.2,Food was not as per menu description.,2022-08-23
938,4011,1072,92,2,2,4.1,Value for money.,2023-06-03
939,136,1813,411,3,4,2.7,Portion size could be bigger.,2023-06-15
940,1086,1083,280,3,5,4.8,Will definitely recommend to friends.,2022-02-01
941,2831,1133,159,2,3,2.0,Hygienic and tasty.,2022-06-22
942,1061,1820,444,1,5,4.1,Loved the paneer dishes.,2022-10-16
943,2144,1504,161,5,3,1.8,"Very bad experience, food was cold.",2023-10-20
944,1529,234,93,4,3,1.7,"Too oily, not recommended.",2023-08-19
945,788,67,355,5,3,5.0,"Good quality, reasonable price.",2022-09-12
946,1763,1104,73,5,2,4.1,Delivery was late but food was good.,2022-08-11
947,3364,396,86,5,3,1.7,Value for money.,2022-10-20
948,323,1331,299,5,1,3.7,Hygienic and tasty.,2022-05-13
949,440,501,63,5,4,2.8,Food was not as per menu description.,2022-07-07
950,2269,791,197,3,2,1.2,"Too oily, not recommended.",2023-04-19
951,3190,1532,188,1,3,1.4,"Average food, nothing special.",2023-11-03
952,3053,26,354,3,4,3.4,Great ambience and service.,2023-05-25
953,61,1068,280,4,3,1.6,Hygienic and tasty.,2022-11-14
954,4107,1125,352,5,4,4.6,Delivery was late but food was good.,2023-07-12
955,2652,1867,39,3,1,5.0,Portion size could be bigger.,2023-05-15
956,3460,802,119,4,2,4.2,Excellent taste and packaging.,2023-10-07
957,2324,751,472,1,4,4.4,Value for money.,2022-03-10
958,3864,159,383,1,1,4.1,Hygienic and tasty.,2022-03-09
959,4609,1337,129,3,1,1.2,Best biryani in the city!,2023-05-21
960,2335,947,449,5,3,2.7,Delivery was late but food was good.,2022-08-09
961,2497,1668,27,1,2,2.0,Food was not as per menu description.,2022-07-22
962,3251,75,55,3,5,4.5,"Average food, nothing special.",2023-08-09
963,2350,1386,356,3,1,4.6,Portion size could be bigger.,2023-02-26
964,1491,263,24,4,2,1.2,One of my favourite restaurants.,2023-05-12
965,4563,371,478,5,1,1.5,Disappointed with the quality.,2023-12-03
966,1945,511,458,1,3,4.9,Portion size could be bigger.,2023-04-12
967,833,1521,38,1,4,4.3,Will definitely recommend to friends.,2023-02-14
968,3306,537,286,4,2,4.2,"Fast delivery, fresh food.",2022-06-30
969,36,1101,455,5,2,3.2,"Fast delivery, fresh food.",2023-02-14
970,1934,1160,161,1,1,1.4,Restaurant staff was helpful.,2023-01-28
971,21,840,158,5,5,1.1,Food was not as per menu description.,2022-01-03
972,3293,1529,50,5,1,4.1,Restaurant staff was helpful.,2023-07-07
973,2978,630,317,5,1,4.9,"Good quality, reasonable price.",2022-02-14
974,219,625,279,3,2,3.1,Loved the paneer dishes.,2022-02-21
975,396,155,293,3,5,4.1,"Fast delivery, fresh food.",2022-12-28
976,3788,1530,260,1,5,2.0,Restaurant staff was helpful.,2023-07-29
977,283,1249,314,2,2,2.2,Best biryani in the city!,2023-12-23
978,4464,514,44,5,4,3.9,Restaurant staff was helpful.,2022-05-25
979,2991,1096,218,4,4,4.8,"Good quality, reasonable price.",2023-06-28
980,1762,970,160,5,1,4.3,Great ambience and service.,2023-10-25
981,2739,1865,230,1,1,2.0,Disappointed with the quality.,2022-08-08
982,1858,1038,460,2,5,2.8,Excellent taste and packaging.,2022-12-04
983,27,1884,413,5,5,3.3,Hygienic and tasty.,2022-12-08
984,2903,1866,39,5,1,2.8,One of my favourite restaurants.,2022-04-16
985,430,1742,75,5,1,4.8,Delivery was late but food was good.,2022-06-13
986,3615,718,39,3,2,2.6,Restaurant staff was helpful.,2023-05-17
987,530,535,465,1,4,3.8,Best biryani in the city!,2023-02-10
988,1623,1385,261,5,1,3.0,Loved the paneer dishes.,2022-11-27
989,4275,579,59,4,2,1.5,Hygienic and tasty.,2022-01-18
990,3837,1049,215,2,5,4.1,Great ambience and service.,2023-08-09
991,742,719,379,1,1,3.9,Delivery was late but food was good.,2023-01-24
992,3604,1782,487,1,5,2.9,"Average food, nothing special.",2023-06-04
993,698,179,317,1,1,2.1,Great ambience and service.,2023-08-08
994,2422,633,137,2,3,2.6,One of my favourite restaurants.,2022-11-12
995,4808,963,322,1,2,1.2,"Decent food, average service.",2022-06-19
996,3297,1500,267,2,3,4.0,"Good quality, reasonable price.",2022-04-14
997,4021,17,495,1,2,1.2,Disappointed with the quality.,2022-10-12
998,3322,1336,351,1,1,1.8,"Very bad experience, food was cold.",2022-03-08
999,205,1640,259,3,2,3.7,Food was not as per menu description.,2022-02-16
1000,4034,163,219,4,3,1.5,"Amazing food, will order again!",2023-11-26
1001,3820,1247,54,3,2,3.5,"Decent food, average service.",2023-07-21
1002,2767,118,166,1,4,3.3,"Very bad experience, food was cold.",2023-05-08
1003,1348,1362,430,3,2,2.0,"Average food, nothing special.",2022-12-08
1004,2286,546,26,3,1,2.2,Restaurant staff was helpful.,2022-08-07
1005,2683,461,154,3,3,4.4,"Amazing food, will order again!",2022-05-08
1006,3731,268,364,2,3,3.9,Hygienic and tasty.,2023-02-17
1007,4812,1709,444,4,4,3.9,"Amazing food, will order again!",2022-04-11
1008,233,1414,208,3,4,1.6,Loved the paneer dishes.,2023-11-16
1009,4083,912,450,3,4,3.8,Value for money.,2023-10-15
1010,4351,568,298,1,3,4.0,One of my favourite restaurants.,2023-04-30
1011,2326,1622,494,1,3,3.7,Loved the paneer dishes.,2022-09-26
1012,860,1726,279,2,5,2.6,Hygienic and tasty.,2022-07-24
1013,3426,1800,94,5,3,4.8,Delivery was late but food was good.,2023-02-07
1014,3651,1541,67,2,3,2.1,"Very bad experience, food was cold.",2023-06-01
1015,1283,1688,479,2,1,1.7,Food was not as per menu description.,2023-10-06
1016,1853,1670,56,1,5,3.5,Portion size could be bigger.,2022-07-12
1017,4440,445,3,2,2,2.9,Food was not as per menu description.,2023-03-05
1018,3977,1104,150,1,2,3.0,Portion size could be bigger.,2022-05-03
1019,861,474,279,1,3,2.4,Will definitely recommend to friends.,2022-08-04
1020,3213,1322,228,2,1,3.1,"Average food, nothing special.",2023-11-12
1021,4146,468,338,3,4,3.8,Hygienic and tasty.,2022-05-23
1022,3907,720,305,3,3,3.3,Food was not as per menu description.,2022-07-19
1023,2363,1813,248,5,5,2.0,"Amazing food, will order again!",2023-12-11
1024,834,1438,174,4,5,2.6,Delivery was late but food was good.,2023-02-06
1025,2669,598,9,5,4,3.1,Portion size could be bigger.,2022-05-19
1026,38,233,245,4,4,2.7,"Too oily, not recommended.",2023-01-16
1027,2243,440,352,1,4,2.6,One of my favourite restaurants.,2023-03-12
1028,839,1380,166,4,5,4.1,"Amazing food, will order again!",2023-05-27
1029,255,939,190,3,2,2.9,Restaurant staff was helpful.,2023-01-30
1030,4444,644,161,5,2,2.5,"Too oily, not recommended.",2022-07-18
1031,3038,182,185,3,5,3.5,Food was not as per menu description.,2022-05-24
1032,262,393,112,4,4,4.0,One of my favourite restaurants.,2022-01-13
1033,3892,745,43,5,2,2.5,Excellent taste and packaging.,2023-05-12
1034,4478,1976,213,1,1,4.6,Hygienic and tasty.,2023-12-23
1035,4382,1530,244,2,3,1.0,Portion size could be bigger.,2023-01-30
1036,2183,235,16,1,4,1.5,Disappointed with the quality.,2022-07-12
1037,4556,263,487,4,3,4.8,Food was not as per menu description.,2023-08-12
1038,3631,1661,197,1,3,2.0,"Good quality, reasonable price.",2022-12-05
1039,2780,158,430,4,3,4.0,Excellent taste and packaging.,2022-01-12
1040,178,1392,248,3,1,4.0,"Fast delivery, fresh food.",2022-04-28
1041,2462,1097,439,3,4,4.9,"Average food, nothing special.",2022-05-27
1042,3043,1976,260,1,5,2.0,Loved the paneer dishes.,2022-05-24
1043,2294,821,219,4,1,2.9,"Fast delivery, fresh food.",2022-01-14
1044,2742,1748,136,3,2,3.2,Best biryani in the city!,2022-12-17
1045,4555,1535,52,4,1,4.8,Excellent taste and packaging.,2022-11-26
1046,868,452,14,4,3,1.1,One of my favourite restaurants.,2022-07-16
1047,4962,325,25,1,5,3.9,"Amazing food, will order again!",2023-02-25
1048,1802,125,26,4,1,1.1,Delivery was late but food was good.,2022-10-07
1049,1573,946,416,2,4,3.5,"Good quality, reasonable price.",2022-08-06
1050,1038,1860,61,1,2,1.7,Restaurant staff was helpful.,2023-10-31
1051,4669,1318,191,4,1,4.7,Portion size could be bigger.,2023-10-06
1052,3524,113,324,1,5,4.5,Loved the paneer dishes.,2023-04-16
1053,2003,1369,287,1,5,4.1,Great ambience and service.,2022-07-09
1054,431,1470,311,3,3,3.0,Best biryani in the city!,2023-04-26
1055,4094,211,185,4,3,2.1,Great ambience and service.,2023-05-11
1056,2034,1546,356,2,5,4.6,"Too oily, not recommended.",2022-05-16
1057,2772,355,468,2,2,2.6,"Decent food, average service.",2023-02-05
1058,4894,1869,321,3,1,4.8,"Average food, nothing special.",2022-02-25
1059,2222,1564,493,3,4,2.1,"Too oily, not recommended.",2023-12-03
1060,3597,1347,226,1,4,1.5,"Fast delivery, fresh food.",2022-09-09
1061,2583,599,448,2,2,4.6,"Very bad experience, food was cold.",2022-07-22
1062,209,1220,385,2,1,4.3,Food was not as per menu description.,2023-07-18
1063,1545,409,298,4,2,3.5,Loved the paneer dishes.,2022-11-28
1064,4624,1657,393,3,5,1.9,"Too oily, not recommended.",2022-06-28
1065,3779,1587,226,5,2,2.2,Best biryani in the city!,2022-07-16
1066,3918,519,183,5,5,2.8,"Amazing food, will order again!",2022-05-05
1067,896,728,216,3,1,4.5,"Too oily, not recommended.",2023-10-31
1068,3895,21,384,4,5,3.6,"Amazing food, will order again!",2023-03-06
1069,3238,153,340,4,1,2.0,"Average food, nothing special.",2022-06-30
1070,1682,1177,290,3,4,3.8,Excellent taste and packaging.,2023-10-11
1071,4023,542,37,5,4,3.3,Value for money.,2023-06-20
1072,2971,847,192,1,4,1.3,Loved the paneer dishes.,2023-02-26
1073,2527,299,275,1,4,4.1,"Very bad experience, food was cold.",2023-10-03
1074,1500,1104,387,5,5,2.8,Portion size could be bigger.,2022-03-12
1075,466,1074,289,3,5,1.5,Best biryani in the city!,2022-06-26
1076,3024,268,223,1,3,2.0,Best biryani in the city!,2022-12-08
1077,2006,1790,292,3,4,3.3,"Fast delivery, fresh food.",2023-11-17
1078,3201,1710,312,4,1,4.4,"Very bad experience, food was cold.",2023-01-30
1079,3989,1603,5,5,4,4.5,Great ambience and service.,2022-04-20
1080,1656,749,183,1,1,2.1,Hygienic and tasty.,2022-03-31
1081,992,1259,358,2,2,2.0,"Average food, nothing special.",2022-11-21
1082,2384,1952,454,2,4,3.4,Will definitely recommend to friends.,2023-05-16
1083,3994,1098,304,5,3,3.8,Delivery was late but food was good.,2022-09-26
1084,4909,1615,204,5,5,2.4,"Decent food, average service.",2023-03-27
1085,4045,1189,266,3,5,4.9,"Decent food, average service.",2022-02-17
1086,3058,1607,362,2,3,3.3,"Very bad experience, food was cold.",2022-08-01
1087,1278,275,318,5,3,2.2,Value for money.,2023-11-10
1088,673,1484,165,5,2,4.3,"Good quality, reasonable price.",2022-01-06
1089,3714,1222,182,4,2,3.6,Restaurant staff was helpful.,2022-09-27
1090,1902,595,384,4,2,3.5,"Good quality, reasonable price.",2022-12-29
1091,333,1850,334,3,4,3.5,"Very bad experience, food was cold.",2022-05-24
1092,3896,1879,256,3,4,4.4,Delivery was late but food was good.,2022-11-02
1093,3037,147,432,2,1,1.5,Food was not as per menu description.,2023-07-16
1094,4911,1560,172,3,4,3.1,"Very bad experience, food was cold.",2023-05-14
1095,4330,391,48,3,2,2.1,"Average food, nothing special.",2023-06-18
1096,2710,528,292,3,3,2.2,"Decent food, average service.",2022-03-28
1097,1102,811,227,2,5,2.4,Loved the paneer dishes.,2022-10-28
1098,3484,951,54,4,1,3.1,Delivery was late but food was good.,2022-02-08
1099,4818,1024,452,4,1,2.9,Great ambience and service.,2022-12-26
1100,28,814,314,1,3,2.5,"Too oily, not recommended.",2023-02-04
1101,1831,1162,216,3,3,1.6,Restaurant staff was helpful.,2023-07-18
1102,3469,893,309,3,1,4.1,Value for money.,2023-06-22
1103,1188,939,28,3,2,3.9,Disappointed with the quality.,2022-06-04
1104,2982,1337,245,2,2,4.6,"Average food, nothing special.",2022-02-26
1105,3753,1639,163,1,4,4.0,"Average food, nothing special.",2023-01-13
1106,4067,724,399,2,1,4.8,One of my favourite restaurants.,2023-02-18
1107,3368,427,21,4,4,2.4,One of my favourite restaurants.,2023-06-22
1108,3582,527,292,2,3,3.6,Portion size could be bigger.,2023-04-01
1109,2927,1658,249,4,2,2.2,One of my favourite restaurants.,2023-08-17
1110,994,968,316,1,5,3.8,Delivery was late but food was good.,2022-11-20
1111,2278,639,13,3,4,3.0,Loved the paneer dishes.,2022-05-09
1112,4957,257,360,1,4,3.7,One of my favourite restaurants.,2023-06-26
1113,4106,1035,423,4,4,2.6,Food was not as per menu description.,2023-02-23
1114,1751,1378,140,4,4,2.8,"Decent food, average service.",2022-07-20
1115,3169,863,64,5,4,4.7,Hygienic and tasty.,2022-06-03
1116,4278,1835,471,5,4,2.7,Great ambience and service.,2022-07-19
1117,756,851,230,3,2,2.6,Hygienic and tasty.,2022-11-22
1118,3468,1443,357,4,2,1.8,"Too oily, not recommended.",2022-10-29
1119,2476,500,28,1,5,3.3,"Amazing food, will order again!",2022-01-23
1120,325,1705,210,1,3,3.9,Food was not as per menu description.,2022-10-06
1121,368,753,120,5,4,2.5,Great ambience and service.,2023-02-04
1122,4466,1454,152,4,1,1.4,Loved the paneer dishes.,2023-08-19
1123,2274,1993,450,1,1,1.5,Restaurant staff was helpful.,2023-02-23
1124,3630,1438,487,1,5,5.0,"Good quality, reasonable price.",2023-11-11
1125,4219,1883,371,5,3,2.5,Food was not as per menu description.,2022-12-24
1126,4383,957,213,4,3,5.0,Great ambience and service.,2022-05-17
1127,1521,587,408,3,1,2.3,Loved the paneer dishes.,2023-10-08
1128,769,1514,357,5,3,2.3,Will definitely recommend to friends.,2022-08-05
1129,3585,371,229,1,4,4.8,"Amazing food, will order again!",2023-05-29
1130,1051,883,91,2,3,4.7,Delivery was late but food was good.,2022-02-06
1131,1980,1251,29,1,4,4.9,"Too oily, not recommended.",2022-10-07
1132,2084,1524,381,2,1,4.3,"Fast delivery, fresh food.",2022-05-19
1133,1792,1541,251,5,2,2.6,"Decent food, average service.",2022-06-26
1134,3372,518,201,4,2,1.1,"Very bad experience, food was cold.",2023-02-05
1135,2959,1999,373,2,5,4.3,Will definitely recommend to friends.,2022-06-02
1136,4328,1867,71,1,3,3.7,"Amazing food, will order again!",2022-01-11
1137,793,392,39,3,5,3.5,Portion size could be bigger.,2023-04-07
1138,3913,646,11,4,2,4.4,Loved the paneer dishes.,2023-01-01
1139,3739,169,111,1,4,2.8,"Too oily, not recommended.",2023-09-13
1140,1211,1279,485,1,2,3.7,Hygienic and tasty.,2022-06-10
1141,1926,419,5,1,2,3.0,"Too oily, not recommended.",2022-05-27
1142,3610,1379,295,1,4,3.6,Loved the paneer dishes.,2023-03-17
1143,3315,113,120,1,3,2.4,Great ambience and service.,2022-01-28
1144,3445,1390,239,2,5,2.5,Best biryani in the city!,2023-02-21
1145,2267,460,9,2,3,4.5,Will definitely recommend to friends.,2022-07-06
1146,4244,1007,229,3,3,2.0,Will definitely recommend to friends.,2023-08-24
1147,3142,294,198,2,5,2.6,One of my favourite restaurants.,2022-06-22
1148,1892,806,98,4,4,1.6,"Too oily, not recommended.",2022-08-03
1149,3244,933,254,4,3,1.3,Excellent taste and packaging.,2023-02-25
1150,435,1150,500,2,3,4.4,Hygienic and tasty.,2023-07-14
1151,3927,630,3,1,1,1.5,Restaurant staff was helpful.,2022-11-22
1152,4256,1956,480,5,3,4.3,Value for money.,2022-06-24
1153,3002,545,461,5,3,3.6,Value for money.,2023-01-14
1154,4859,646,279,5,5,4.5,Restaurant staff was helpful.,2023-01-06
1155,4345,1531,405,5,4,4.1,Best biryani in the city!,2023-09-02
1156,4036,1382,9,3,2,4.9,Great ambience and service.,2023-10-19
1157,2178,706,442,3,1,2.9,Great ambience and service.,2022-05-16
1158,4477,37,133,1,4,2.0,Disappointed with the quality.,2022-10-15
1159,4653,375,252,4,1,2.4,Delivery was late but food was good.,2022-04-23
1160,1652,999,249,2,3,3.0,"Decent food, average service.",2022-06-06
1161,982,322,324,4,3,4.1,"Amazing food, will order again!",2022-08-12
1162,3260,1910,198,2,5,3.9,Food was not as per menu description.,2023-05-29
1163,2310,1156,399,4,1,1.9,Excellent taste and packaging.,2022-12-10
1164,4659,1390,431,1,2,4.9,"Decent food, average service.",2023-12-13
1165,3307,1808,381,1,5,2.1,Will definitely recommend to friends.,2022-02-10
1166,2458,1620,352,3,2,1.0,One of my favourite restaurants.,2022-03-13
1167,1850,1150,53,2,5,4.4,"Decent food, average service.",2023-06-07
1168,824,238,81,5,4,4.3,"Average food, nothing special.",2023-03-03
1169,665,310,416,3,2,2.3,Delivery was late but food was good.,2022-02-11
1170,4753,1954,283,3,1,2.1,"Fast delivery, fresh food.",2023-02-19
1171,2700,1590,119,4,1,3.0,Food was not as per menu description.,2022-08-20
1172,1745,1396,165,5,2,2.6,"Decent food, average service.",2023-04-23
1173,192,787,418,1,2,2.6,Hygienic and tasty.,2022-04-06
1174,3775,448,424,2,4,3.9,Portion size could be bigger.,2022-05-31
1175,1112,1000,193,2,2,2.9,Hygienic and tasty.,2023-12-30
1176,919,1038,250,5,3,4.5,"Good quality, reasonable price.",2022-02-25
1177,100,1842,239,4,2,2.6,"Amazing food, will order again!",2022-02-17
1178,1907,1635,494,3,5,3.9,One of my favourite restaurants.,2023-01-02
1179,1657,125,286,2,1,3.9,"Good quality, reasonable price.",2023-09-09
1180,1929,1044,332,4,3,2.2,Food was not as per menu description.,2023-05-08
1181,2305,1312,232,2,3,3.4,Restaurant staff was helpful.,2023-05-06
1182,134,1901,388,4,2,1.2,One of my favourite restaurants.,2022-12-24
1183,3264,1427,55,4,5,2.9,"Good quality, reasonable price.",2023-05-22
1184,4226,1266,420,3,1,2.3,Best biryani in the city!,2023-08-15
1185,2512,1091,461,4,1,1.8,"Amazing food, will order again!",2023-09-06
1186,1216,707,376,3,3,4.6,"Good quality, reasonable price.",2022-08-01
1187,2515,1932,264,1,2,4.1,Delivery was late but food was good.,2022-04-05
1188,2013,1348,479,3,2,3.6,"Very bad experience, food was cold.",2022-04-30
1189,4108,1320,222,2,3,2.6,Loved the paneer dishes.,2023-03-08
1190,1302,1075,481,2,4,3.0,Delivery was late but food was good.,2023-10-26
1191,4009,1908,131,5,3,3.7,Loved the paneer dishes.,2022-07-04
1192,4391,1836,98,5,3,3.1,Excellent taste and packaging.,2022-05-27
1193,2640,1338,140,3,2,4.1,Excellent taste and packaging.,2023-02-23
1194,4924,1879,384,4,3,3.9,Hygienic and tasty.,2022-05-22
1195,4693,1545,199,4,4,3.8,One of my favourite restaurants.,2023-06-04
1196,795,216,204,4,4,4.6,Delivery was late but food was good.,2023-03-10
1197,2855,1864,21,4,4,1.4,"Decent food, average service.",2023-12-13
1198,436,391,138,4,5,3.6,Hygienic and tasty.,2023-05-23
1199,2443,1589,283,5,5,2.0,"Good quality, reasonable price.",2023-10-18
1200,3072,646,329,3,3,4.8,One of my favourite restaurants.,2022-06-30
1201,2989,1739,220,5,5,3.4,Restaurant staff was helpful.,2022-11-28
1202,2931,1014,120,4,5,2.7,Excellent taste and packaging.,2022-10-05
1203,2764,291,83,5,3,3.8,Value for money.,2022-12-29
1204,2969,202,469,1,1,1.0,Value for money.,2023-02-26
1205,3944,1886,146,3,3,2.9,Excellent taste and packaging.,2022-04-23
1206,4686,1186,387,1,5,1.9,Great ambience and service.,2023-05-08
1207,2558,318,217,1,5,1.9,Great ambience and service.,2022-09-20
1208,2582,1434,69,3,5,4.9,Portion size could be bigger.,2023-10-04
1209,1213,126,300,5,5,3.1,Restaurant staff was helpful.,2022-02-18
1210,3393,248,192,2,4,4.1,Restaurant staff was helpful.,2022-01-02
1211,3924,1749,269,5,3,2.9,Great ambience and service.,2023-10-16
1212,3098,1574,385,3,3,1.8,Delivery was late but food was good.,2023-03-30
1213,3947,81,7,4,4,2.6,Loved the paneer dishes.,2023-04-05
1214,2120,1546,119,2,4,2.1,Disappointed with the quality.,2022-11-23
1215,4446,1655,300,2,1,4.1,Excellent taste and packaging.,2022-12-17
1216,4450,113,142,2,1,3.7,Disappointed with the quality.,2022-04-28
1217,2193,237,483,3,3,1.6,"Very bad experience, food was cold.",2022-09-30
1218,4304,1443,223,2,3,1.1,"Too oily, not recommended.",2022-08-04
1219,881,1240,73,5,5,2.9,"Good quality, reasonable price.",2023-04-01
1220,3911,212,271,2,5,2.5,Restaurant staff was helpful.,2022-08-20
1221,201,934,367,1,3,4.6,"Too oily, not recommended.",2022-02-21
1222,2081,988,110,5,4,4.6,Hygienic and tasty.,2022-11-24
1223,819,1336,484,3,1,2.0,"Amazing food, will order again!",2023-06-26
1224,383,1216,286,1,1,2.3,One of my favourite restaurants.,2022-05-27
1225,2964,583,228,5,4,2.8,Will definitely recommend to friends.,2023-12-19
1226,2824,470,92,1,2,3.9,One of my favourite restaurants.,2022-10-16
1227,2251,1094,371,5,2,3.5,Great ambience and service.,2023-09-03
1228,4221,778,81,2,2,1.7,Loved the paneer dishes.,2022-08-21
1229,3342,1312,211,3,3,3.4,"Amazing food, will order again!",2022-09-05
1230,455,921,202,4,3,3.2,"Decent food, average service.",2023-06-07
1231,1960,1815,439,3,2,4.3,"Good quality, reasonable price.",2022-08-29
1232,4698,676,428,1,4,3.5,Value for money.,2023-09-16
1233,215,1781,353,5,5,4.5,"Amazing food, will order again!",2022-07-12
1234,622,1937,3,5,4,3.0,"Too oily, not recommended.",2022-10-28
1235,221,1435,446,2,1,3.6,One of my favourite restaurants.,2022-05-03
1236,3472,1336,26,4,5,4.8,Value for money.,2023-11-28
1237,1339,1477,403,4,5,1.5,Best biryani in the city!,2022-06-30
1238,1595,1276,39,2,1,4.6,Disappointed with the quality.,2023-09-08
1239,4113,1779,281,2,4,3.6,"Decent food, average service.",2023-03-06
1240,3455,392,219,2,3,3.5,"Average food, nothing special.",2023-07-29
1241,65,1068,309,2,1,2.7,Best biryani in the city!,2022-05-17
1242,4781,64,31,3,3,1.7,"Amazing food, will order again!",2023-09-08
1243,425,390,311,5,2,1.5,Excellent taste and packaging.,2022-03-31
1244,1374,1059,120,1,5,4.9,"Amazing food, will order again!",2023-05-23
1245,3509,711,43,3,3,2.1,One of my favourite restaurants.,2023-07-12
1246,4536,87,37,3,1,1.8,Disappointed with the quality.,2023-12-03
1247,841,495,40,5,2,2.8,"Very bad experience, food was cold.",2023-05-03
1248,4003,1078,228,5,1,2.3,"Too oily, not recommended.",2023-03-01
1249,3640,595,327,2,1,1.9,"Fast delivery, fresh food.",2023-11-27
1250,2859,92,271,5,4,4.1,"Amazing food, will order again!",2023-08-15
1251,641,1765,63,5,4,2.5,Portion size could be bigger.,2022-02-13
1252,3574,252,11,2,3,4.9,Value for money.,2022-02-19
1253,1349,1631,57,5,1,1.5,Restaurant staff was helpful.,2023-02-25
1254,416,867,109,2,5,1.2,Restaurant staff was helpful.,2023-04-04
1255,4828,1532,141,5,2,3.9,Great ambience and service.,2022-10-31
1256,4976,221,275,2,5,1.8,Portion size could be bigger.,2022-05-25
1257,2565,1067,37,2,3,4.1,"Fast delivery, fresh food.",2022-10-10
1258,4274,281,451,4,3,1.4,Excellent taste and packaging.,2023-03-07
1259,4938,472,147,4,4,3.3,Portion size could be bigger.,2023-11-06
1260,559,1351,439,2,3,4.8,"Good quality, reasonable price.",2023-05-17
1261,3818,1689,111,2,4,2.3,"Fast delivery, fresh food.",2023-07-15
1262,989,795,71,2,3,4.8,Value for money.,2022-09-18
1263,527,1393,27,3,1,4.4,"Good quality, reasonable price.",2023-01-04
1264,4172,215,153,2,5,4.2,Best biryani in the city!,2022-11-06
1265,1362,681,207,2,1,1.7,Best biryani in the city!,2022-05-06
1266,2447,863,324,1,1,1.5,Great ambience and service.,2023-07-31
1267,56,797,224,4,4,4.7,"Decent food, average service.",2023-07-11
1268,3415,1717,437,5,1,1.3,Disappointed with the quality.,2023-03-08
1269,1781,1960,218,4,5,2.0,"Fast delivery, fresh food.",2023-02-27
1270,2879,1198,292,3,2,3.8,"Too oily, not recommended.",2023-09-08
1271,3343,829,69,3,5,2.6,"Decent food, average service.",2023-01-01
1272,115,1772,491,4,4,4.9,"Fast delivery, fresh food.",2023-03-29
1273,2596,1124,170,3,5,4.0,Great ambience and service.,2022-12-03
1274,1726,1196,150,1,4,1.8,"Amazing food, will order again!",2022-06-16
1275,4553,934,486,5,2,3.2,Delivery was late but food was good.,2023-04-08
1276,1541,551,399,2,2,1.6,Will definitely recommend to friends.,2023-05-12
1277,371,904,418,4,4,4.8,Portion size could be bigger.,2023-03-15
1278,2221,284,240,4,5,3.9,Value for money.,2022-12-11
1279,1713,1135,284,5,4,5.0,"Good quality, reasonable price.",2022-11-10
1280,3421,1798,272,3,5,1.7,"Average food, nothing special.",2022-04-27
1281,1426,129,436,2,5,3.5,Loved the paneer dishes.,2022-08-21
1282,2175,595,8,5,5,2.1,Food was not as per menu description.,2023-08-31
1283,1832,877,181,4,1,1.6,Value for money.,2023-10-21
1284,2715,1047,51,4,3,2.4,Delivery was late but food was good.,2023-03-28
1285,1364,1485,242,1,4,2.2,Excellent taste and packaging.,2023-01-16
1286,2329,725,74,5,4,1.3,Delivery was late but food was good.,2023-06-25
1287,1599,1948,463,3,1,4.6,Great ambience and service.,2023-07-19
1288,3514,1581,284,2,3,2.8,Loved the paneer dishes.,2022-12-22
1289,1524,1371,195,5,5,4.2,"Amazing food, will order again!",2023-09-20
1290,4983,547,256,1,2,4.3,Will definitely recommend to friends.,2022-03-27
1291,3398,1819,250,2,3,1.2,Loved the paneer dishes.,2022-04-20
1292,55,1624,110,4,1,4.7,Great ambience and service.,2023-12-30
1293,4725,3,69,3,4,2.2,"Good quality, reasonable price.",2022-01-15
1294,489,1452,444,1,4,1.6,Hygienic and tasty.,2023-12-17
1295,865,996,377,5,4,4.4,Value for money.,2023-03-15
1296,3352,1425,478,1,4,1.0,"Decent food, average service.",2023-06-21
1297,2893,1663,148,1,4,3.9,"Very bad experience, food was cold.",2022-10-19
1298,2891,1350,110,4,3,4.6,Disappointed with the quality.,2022-12-28
1299,284,1663,167,5,3,4.2,Loved the paneer dishes.,2022-10-13
1300,3734,820,94,1,1,4.8,Best biryani in the city!,2023-04-08
1301,3903,424,301,5,4,1.3,Great ambience and service.,2023-02-25
1302,4326,1458,306,2,2,3.3,Hygienic and tasty.,2023-07-31
1303,3498,418,63,5,2,2.5,"Good quality, reasonable price.",2023-03-27
1304,2052,965,253,2,2,2.8,Best biryani in the city!,2022-03-22
1305,842,1273,204,4,5,3.9,Loved the paneer dishes.,2022-12-03
1306,4246,963,308,5,1,1.6,"Too oily, not recommended.",2023-02-10
1307,1796,1479,298,1,1,1.5,Excellent taste and packaging.,2023-05-31
1308,3432,263,69,4,1,3.2,Disappointed with the quality.,2023-12-16
1309,2434,1391,99,5,1,3.3,"Amazing food, will order again!",2022-03-05
1310,350,638,265,1,1,2.2,"Fast delivery, fresh food.",2023-11-19
1311,759,1087,111,1,4,1.9,Delivery was late but food was good.,2023-12-01
1312,816,131,244,5,1,3.5,Disappointed with the quality.,2023-09-11
1313,3042,867,434,3,5,4.5,"Average food, nothing special.",2022-05-27
1314,220,460,214,3,4,3.5,Loved the paneer dishes.,2022-11-22
1315,2372,1334,203,2,1,2.0,"Fast delivery, fresh food.",2023-06-17
1316,3302,1748,172,5,3,1.3,"Good quality, reasonable price.",2023-12-11
1317,141,387,96,1,3,4.5,Hygienic and tasty.,2023-09-10
1318,4199,1739,487,1,3,1.0,"Decent food, average service.",2023-04-25
1319,4310,695,262,3,2,1.5,Value for money.,2022-02-18
1320,2632,1337,260,4,2,2.7,"Too oily, not recommended.",2023-10-11
1321,3717,637,424,1,3,2.0,One of my favourite restaurants.,2022-11-20
1322,3890,212,95,2,1,1.4,Restaurant staff was helpful.,2022-02-25
1323,4280,136,367,1,5,3.6,Hygienic and tasty.,2023-03-30
1324,3975,298,277,5,1,4.8,"Fast delivery, fresh food.",2023-09-26
1325,656,1437,86,2,1,3.4,Disappointed with the quality.,2023-07-23
1326,1247,1710,292,3,3,1.3,One of my favourite restaurants.,2023-10-06
1327,826,110,278,3,3,1.5,Great ambience and service.,2022-01-10
1328,1143,1117,235,2,4,4.9,Great ambience and service.,2022-03-23
1329,2573,1693,251,3,5,1.4,Disappointed with the quality.,2022-04-20
1330,4103,1218,207,1,3,3.3,One of my favourite restaurants.,2022-11-23
1331,606,797,321,5,5,3.0,"Fast delivery, fresh food.",2022-06-01
1332,2019,1845,332,4,2,2.7,Portion size could be bigger.,2022-09-24
1333,270,233,287,2,5,2.4,Loved the paneer dishes.,2022-07-15
1334,547,935,405,2,1,3.2,"Too oily, not recommended.",2022-12-04
1335,4410,112,405,4,2,4.7,"Amazing food, will order again!",2022-11-28
1336,25,712,31,2,2,2.8,Disappointed with the quality.,2023-03-31
1337,1233,935,32,5,2,1.3,Loved the paneer dishes.,2022-12-07
1338,1191,1147,334,2,2,4.2,"Fast delivery, fresh food.",2022-01-02
1339,667,1573,405,2,2,4.8,Excellent taste and packaging.,2023-06-13
1340,3675,1861,42,5,1,3.2,Loved the paneer dishes.,2022-01-20
1341,4074,1440,338,2,2,1.2,One of my favourite restaurants.,2023-04-23
1342,3724,1942,8,5,4,3.0,Best biryani in the city!,2023-05-02
1343,3762,413,46,1,5,1.1,Best biryani in the city!,2023-05-18
1344,2167,854,176,1,2,1.8,Will definitely recommend to friends.,2023-03-22
1345,1913,1000,1,4,3,1.2,Excellent taste and packaging.,2023-08-26
1346,1391,425,253,3,5,2.0,Value for money.,2022-01-05
1347,3928,747,251,2,5,3.9,Best biryani in the city!,2023-06-07
1348,2163,610,94,5,3,5.0,Best biryani in the city!,2022-11-26
1349,1048,943,337,3,2,3.7,"Amazing food, will order again!",2023-09-01
1350,4720,1965,213,4,2,1.3,"Very bad experience, food was cold.",2022-09-06
1351,688,1733,286,1,4,1.6,Disappointed with the quality.,2023-10-22
1352,1023,108,131,4,5,4.2,"Too oily, not recommended.",2023-03-28
1353,4181,1394,453,1,2,3.5,One of my favourite restaurants.,2022-06-19
1354,4279,549,389,1,4,3.0,Loved the paneer dishes.,2022-09-22
1355,3048,1861,454,3,3,3.6,Restaurant staff was helpful.,2022-11-03
1356,2272,1424,149,3,1,3.7,Portion size could be bigger.,2023-05-27
1357,3516,165,448,4,1,2.5,Value for money.,2022-04-07
1358,592,493,351,1,4,4.5,Best biryani in the city!,2022-10-10
1359,4993,1432,244,4,4,1.1,Portion size could be bigger.,2023-10-07
1360,3625,1251,426,4,2,4.6,Portion size could be bigger.,2023-11-14
1361,4790,1915,58,1,2,1.1,Value for money.,2022-09-05
1362,1783,1710,329,4,4,3.2,Great ambience and service.,2022-02-03
1363,3298,171,373,3,2,1.6,Best biryani in the city!,2023-11-04
1364,4348,589,298,2,3,4.8,"Fast delivery, fresh food.",2023-02-17
1365,4675,1472,488,4,4,4.1,One of my favourite restaurants.,2022-10-08
1366,2727,1199,286,4,5,1.3,"Average food, nothing special.",2022-03-26
1367,4276,1632,36,4,3,1.2,"Average food, nothing special.",2022-09-12
1368,4939,1455,284,4,4,2.8,"Decent food, average service.",2023-05-25
1369,2429,130,25,3,1,4.6,"Good quality, reasonable price.",2022-12-21
1370,1154,1391,44,3,3,4.7,"Decent food, average service.",2022-02-23
1371,1948,1702,30,3,2,4.4,Best biryani in the city!,2022-08-29
1372,327,219,139,2,5,3.9,"Decent food, average service.",2022-07-19
1373,3674,760,300,5,1,4.2,Food was not as per menu description.,2023-10-21
1374,3209,1416,424,2,3,4.9,Will definitely recommend to friends.,2023-03-11
1375,3380,136,431,1,4,3.7,Delivery was late but food was good.,2023-02-17
1376,4318,395,459,4,3,2.9,Hygienic and tasty.,2022-09-02
1377,3487,1530,87,2,2,4.7,Portion size could be bigger.,2023-02-22
1378,2039,86,194,3,1,3.9,Excellent taste and packaging.,2023-08-02
1379,963,387,169,3,5,3.7,"Amazing food, will order again!",2022-04-06
1380,2904,1516,276,1,3,3.5,"Average food, nothing special.",2022-10-04
1381,2672,1122,335,2,1,1.2,"Fast delivery, fresh food.",2022-10-25
1382,3852,1184,58,4,5,4.6,Great ambience and service.,2022-12-08
1383,3923,1300,68,5,1,4.9,Restaurant staff was helpful.,2023-06-18
1384,1872,1728,73,1,5,4.4,"Too oily, not recommended.",2023-08-29
1385,4116,1106,491,3,2,2.9,"Amazing food, will order again!",2023-05-08
1386,4521,1274,281,1,5,1.2,Food was not as per menu description.,2023-06-22
1387,3057,1591,74,4,1,2.8,"Good quality, reasonable price.",2022-02-24
1388,1104,411,114,3,4,3.8,"Very bad experience, food was cold.",2023-06-03
1389,1947,1561,475,3,3,1.6,"Good quality, reasonable price.",2022-03-31
1390,2391,1194,413,4,2,1.6,"Fast delivery, fresh food.",2022-05-06
1391,2246,980,15,1,3,1.8,Portion size could be bigger.,2022-09-29
1392,2345,45,375,1,1,3.6,"Too oily, not recommended.",2023-05-27
1393,2160,1351,361,4,1,1.3,"Amazing food, will order again!",2023-10-25
1394,1056,1807,335,3,2,2.2,Delivery was late but food was good.,2023-06-09
1395,4905,1967,473,4,4,4.1,"Decent food, average service.",2023-04-18
1396,2714,1707,420,1,5,4.3,"Fast delivery, fresh food.",2022-06-14
1397,4148,43,395,5,1,3.5,Will definitely recommend to friends.,2022-02-25
1398,2388,541,454,4,3,4.0,Delivery was late but food was good.,2022-07-24
1399,648,1591,1,5,1,2.0,Food was not as per menu description.,2022-04-18
1400,2205,94,420,4,3,1.5,Value for money.,2023-01-25
1401,738,1911,200,5,4,2.0,Loved the paneer dishes.,2023-08-04
1402,2061,985,240,4,2,3.5,"Decent food, average service.",2022-11-05
1403,4991,1728,357,3,5,1.9,"Fast delivery, fresh food.",2022-06-23
1404,1878,1223,164,4,3,2.5,Portion size could be bigger.,2022-11-30
1405,2140,299,440,2,1,4.3,Disappointed with the quality.,2023-09-19
1406,340,219,271,3,2,1.7,Portion size could be bigger.,2022-01-27
1407,1360,939,21,1,2,2.1,"Very bad experience, food was cold.",2023-01-15
1408,569,1184,151,2,5,2.6,"Fast delivery, fresh food.",2022-07-07
1409,2812,1142,379,2,5,1.3,Hygienic and tasty.,2022-09-02
1410,3128,1200,303,2,5,4.8,One of my favourite restaurants.,2023-08-21
1411,734,268,385,5,4,1.3,Great ambience and service.,2023-09-03
1412,1109,1985,176,3,1,1.7,Food was not as per menu description.,2023-02-06
1413,1505,1590,476,1,2,4.5,Disappointed with the quality.,2022-12-27
1414,3816,632,209,4,2,2.6,"Very bad experience, food was cold.",2022-07-01
1415,3207,547,418,3,5,2.1,Value for money.,2023-08-25
1416,3284,1969,105,4,1,2.0,"Average food, nothing special.",2022-08-23
1417,432,515,449,1,5,4.8,"Fast delivery, fresh food.",2022-04-14
1418,2940,39,50,3,1,2.0,Great ambience and service.,2022-05-16
1419,4290,1221,14,1,5,1.7,Loved the paneer dishes.,2023-03-03
1420,808,608,304,5,3,2.7,"Too oily, not recommended.",2023-01-12
1421,2862,139,396,5,1,3.9,Hygienic and tasty.,2022-03-24
1422,2955,138,452,2,3,1.0,"Too oily, not recommended.",2022-12-12
1423,3483,889,207,4,4,2.6,Restaurant staff was helpful.,2022-11-15
1424,2680,705,123,3,1,3.6,"Too oily, not recommended.",2023-09-17
1425,1551,1019,240,4,4,2.3,Food was not as per menu description.,2022-04-13
1426,4645,1354,451,3,2,3.6,Value for money.,2022-06-23
1427,4413,1091,136,2,1,2.4,"Fast delivery, fresh food.",2023-01-31
1428,240,764,198,5,3,1.9,Loved the paneer dishes.,2022-03-24
1429,4758,1743,288,5,5,4.5,Excellent taste and packaging.,2022-01-24
1430,2452,710,42,4,1,1.7,"Good quality, reasonable price.",2022-11-15
1431,2114,399,193,2,1,3.2,"Good quality, reasonable price.",2022-08-08
1432,1170,1546,2,1,2,1.0,Loved the paneer dishes.,2023-05-07
1433,4691,1011,264,4,2,3.7,Best biryani in the city!,2023-12-23
1434,2265,719,42,5,1,3.4,Portion size could be bigger.,2022-09-29
1435,4658,1869,272,5,1,3.0,Will definitely recommend to friends.,2023-08-22
1436,3110,923,40,2,5,4.2,"Decent food, average service.",2023-04-09
1437,3888,1664,214,4,2,1.7,Restaurant staff was helpful.,2023-10-03
1438,4854,1204,442,2,5,4.5,Food was not as per menu description.,2023-02-01
1439,1202,1923,431,2,4,2.5,"Decent food, average service.",2022-09-22
1440,3266,794,89,5,5,4.5,"Amazing food, will order again!",2023-07-31
1441,4301,1575,328,3,5,5.0,Restaurant staff was helpful.,2022-09-10
1442,3387,309,35,1,3,2.8,Value for money.,2022-02-26
1443,3525,480,302,4,4,4.2,Will definitely recommend to friends.,2023-07-17
1444,2719,1825,59,2,4,1.9,"Very bad experience, food was cold.",2022-06-27
1445,3954,580,252,3,2,1.2,"Decent food, average service.",2023-07-26
1446,2521,1425,359,3,5,1.5,Food was not as per menu description.,2022-12-03
1447,3077,97,372,5,3,3.1,Restaurant staff was helpful.,2022-03-11
1448,2575,1356,437,5,3,2.9,Great ambience and service.,2023-01-10
1449,4252,1716,279,1,5,2.0,Food was not as per menu description.,2022-10-25
1450,4286,1954,167,5,5,2.0,Portion size could be bigger.,2023-12-27
1451,3177,1722,455,5,2,4.2,Hygienic and tasty.,2023-02-19
1452,2362,1024,99,2,4,4.5,Delivery was late but food was good.,2022-12-18
1453,393,863,361,4,3,3.5,One of my favourite restaurants.,2022-05-22
1454,117,1352,495,2,2,4.9,One of my favourite restaurants.,2022-04-08
1455,3627,758,283,2,4,1.0,One of my favourite restaurants.,2023-11-21
1456,1446,1249,443,3,5,4.6,Will definitely recommend to friends.,2022-10-02
1457,3254,874,454,3,3,4.5,"Fast delivery, fresh food.",2023-03-02
1458,346,384,41,1,1,2.6,One of my favourite restaurants.,2023-01-26
1459,3986,388,152,4,5,3.9,Delivery was late but food was good.,2022-06-30
1460,4831,701,450,1,3,3.6,Will definitely recommend to friends.,2024-01-01
1461,533,376,93,3,5,1.8,"Average food, nothing special.",2022-05-19
1462,2415,1237,80,2,5,1.6,"Good quality, reasonable price.",2022-11-18
1463,4945,1092,89,2,5,2.1,Disappointed with the quality.,2022-03-27
1464,3019,405,116,3,5,2.0,"Decent food, average service.",2023-12-29
1465,3589,388,54,2,1,3.9,Will definitely recommend to friends.,2023-08-12
1466,339,726,432,2,1,2.5,"Too oily, not recommended.",2022-04-24
1467,2106,1385,377,5,1,1.1,Food was not as per menu description.,2022-11-24
1468,2917,625,333,1,1,3.7,Disappointed with the quality.,2023-05-30
1469,4145,1399,252,4,3,1.2,"Average food, nothing special.",2023-01-24
1470,3973,697,108,5,4,2.1,Value for money.,2022-05-15
1471,2104,1569,489,2,5,2.1,One of my favourite restaurants.,2024-01-01
1472,3723,225,137,1,4,2.3,"Decent food, average service.",2023-09-02
1473,2336,480,80,2,5,4.8,Delivery was late but food was good.,2022-08-02
1474,2883,582,215,2,5,4.2,"Fast delivery, fresh food.",2023-08-12
1475,2782,1404,97,1,2,3.0,Loved the paneer dishes.,2023-10-01
1476,3704,1878,498,3,2,3.8,Hygienic and tasty.,2023-10-14
1477,4037,349,270,2,4,1.8,Disappointed with the quality.,2022-12-04
1478,2339,90,417,3,2,1.2,"Good quality, reasonable price.",2022-10-10
1479,3112,563,32,3,3,4.7,"Fast delivery, fresh food.",2023-09-01
1480,176,272,102,4,4,4.4,Restaurant staff was helpful.,2022-12-04
1481,4494,385,105,3,3,3.7,Disappointed with the quality.,2022-06-27
1482,4174,610,342,4,5,4.0,Loved the paneer dishes.,2022-05-01
1483,2545,636,103,5,3,3.4,Excellent taste and packaging.,2022-03-29
1484,4050,601,237,3,3,3.5,"Decent food, average service.",2022-01-20
1485,1454,853,163,1,1,2.6,Delivery was late but food was good.,2023-07-11
1486,2920,1865,369,1,2,1.5,Food was not as per menu description.,2022-02-04
1487,169,1491,373,4,4,2.1,Value for money.,2023-02-02
1488,1943,133,159,2,2,3.2,Disappointed with the quality.,2022-06-27
1489,4557,397,117,3,4,3.6,Loved the paneer dishes.,2023-09-07
1490,1965,1907,307,3,2,3.5,Portion size could be bigger.,2023-07-04
1491,1669,1595,477,4,5,4.3,"Very bad experience, food was cold.",2023-12-13
1492,1029,1292,26,5,5,4.8,"Too oily, not recommended.",2022-02-15
1493,3893,1767,95,5,5,1.3,Portion size could be bigger.,2023-09-24
1494,2024,1344,50,2,5,1.2,Hygienic and tasty.,2022-08-05
1495,3860,1910,248,3,3,4.0,"Average food, nothing special.",2023-09-16
1496,1217,1034,261,1,2,2.3,"Very bad experience, food was cold.",2023-06-27
1497,113,966,371,1,5,1.9,Will definitely recommend to friends.,2023-02-18
1498,4565,472,114,2,5,3.4,"Fast delivery, fresh food.",2022-09-19
1499,2886,1326,345,5,4,1.6,One of my favourite restaurants.,2023-01-01
1500,2156,1880,272,4,5,3.8,Loved the paneer dishes.,2022-06-20
1501,1798,534,383,3,2,3.7,Delivery was late but food was good.,2022-08-18
1502,2216,1257,117,3,1,2.7,"Very bad experience, food was cold.",2022-09-26
1503,888,1637,408,1,4,1.9,"Decent food, average service.",2022-10-07
1504,1501,606,422,2,2,3.0,Disappointed with the quality.,2023-06-15
1505,3492,1384,464,3,4,2.6,"Too oily, not recommended.",2022-08-23
1506,3798,1596,277,1,1,3.1,"Very bad experience, food was cold.",2022-08-26
1507,4365,1447,62,5,1,1.6,Value for money.,2023-06-02
1508,4300,773,8,2,3,2.9,"Decent food, average service.",2022-07-21
1509,2677,1902,483,5,4,2.1,"Amazing food, will order again!",2023-08-07
1510,2590,103,79,2,2,2.5,Hygienic and tasty.,2023-01-29
1511,1823,530,132,3,1,4.4,Food was not as per menu description.,2022-08-08
1512,4314,904,27,3,3,4.0,One of my favourite restaurants.,2023-03-02
1513,484,5,72,5,1,1.7,Excellent taste and packaging.,2022-01-04
1514,3568,1829,127,2,3,4.4,Food was not as per menu description.,2023-04-19
1515,880,735,129,5,3,2.9,Restaurant staff was helpful.,2022-12-28
1516,2110,1271,415,2,4,1.3,Will definitely recommend to friends.,2022-05-25
1517,332,1119,223,5,4,3.8,One of my favourite restaurants.,2023-01-09
1518,1378,1726,448,4,1,4.8,"Fast delivery, fresh food.",2022-04-01
1519,3103,1979,378,3,4,3.3,"Fast delivery, fresh food.",2022-09-20
1520,550,1041,462,2,3,1.9,"Average food, nothing special.",2023-08-06
1521,3932,1140,7,2,1,4.9,"Very bad experience, food was cold.",2022-12-18
1522,664,854,391,1,3,4.8,"Average food, nothing special.",2023-12-01
1523,4942,1078,22,3,1,2.0,One of my favourite restaurants.,2022-09-07
1524,1250,310,173,3,4,4.2,Food was not as per menu description.,2023-12-05
1525,2624,34,274,2,1,3.3,"Very bad experience, food was cold.",2022-07-11
1526,246,1625,126,3,5,3.7,Excellent taste and packaging.,2023-10-22
1527,3742,1544,254,4,5,4.8,Best biryani in the city!,2022-06-12
1528,870,588,471,5,3,3.0,One of my favourite restaurants.,2022-05-30
1529,1668,51,18,3,3,2.5,Loved the paneer dishes.,2023-02-26
1530,4331,559,152,1,2,2.0,"Average food, nothing special.",2022-10-03
1531,2454,1905,96,5,1,1.3,Will definitely recommend to friends.,2023-09-25
1532,1780,63,277,4,4,1.9,Portion size could be bigger.,2023-08-29
1533,239,921,484,4,1,1.8,Value for money.,2023-01-19
1534,3456,43,493,5,5,3.4,Portion size could be bigger.,2023-11-19
1535,883,1348,191,2,5,3.5,Portion size could be bigger.,2023-08-04
1536,658,226,162,5,2,1.7,"Decent food, average service.",2022-01-13
1537,3833,281,307,2,5,1.1,"Very bad experience, food was cold.",2023-07-26
1538,1662,522,246,2,5,3.2,"Average food, nothing special.",2022-05-02
1539,18,1382,430,3,5,3.4,Loved the paneer dishes.,2023-10-10
1540,1678,1725,483,1,3,1.9,Restaurant staff was helpful.,2022-03-13
1541,3693,1186,243,4,1,2.0,Great ambience and service.,2022-02-10
1542,1266,219,414,3,4,2.9,"Too oily, not recommended.",2022-02-04
1543,1342,1688,331,3,2,3.2,"Fast delivery, fresh food.",2022-02-07
1544,4296,1615,221,4,3,2.1,Excellent taste and packaging.,2022-02-24
1545,1634,953,450,2,2,3.4,Hygienic and tasty.,2023-05-31
1546,85,1559,322,4,5,1.3,"Average food, nothing special.",2023-09-07
1547,265,1194,467,4,3,2.5,"Fast delivery, fresh food.",2022-10-21
1548,4772,561,458,1,4,1.9,Delivery was late but food was good.,2023-05-07
1549,1894,694,71,1,4,3.1,Loved the paneer dishes.,2023-10-10
1550,478,648,415,2,3,2.7,"Good quality, reasonable price.",2023-10-29
1551,3027,838,287,4,4,4.8,One of my favourite restaurants.,2023-10-23
1552,318,393,31,3,4,4.6,Will definitely recommend to friends.,2022-10-23
1553,3505,1909,346,3,2,4.4,Value for money.,2022-02-16
1554,4149,126,287,2,1,2.7,Excellent taste and packaging.,2023-07-29
1555,187,1304,230,2,5,4.0,"Average food, nothing special.",2022-10-19
1556,4685,1894,422,1,5,3.3,"Too oily, not recommended.",2022-08-08
1557,1566,1681,74,4,5,1.5,Hygienic and tasty.,2022-12-11
1558,4844,1043,75,5,5,3.8,"Very bad experience, food was cold.",2022-09-12
1559,4869,516,320,5,2,4.3,Portion size could be bigger.,2022-03-24
1560,1659,1661,159,2,2,4.3,Food was not as per menu description.,2024-01-02
1561,3159,1275,498,3,2,2.4,Hygienic and tasty.,2023-03-16
1562,3036,1861,260,2,2,3.0,"Average food, nothing special.",2023-12-06
1563,3430,1511,253,2,5,4.1,One of my favourite restaurants.,2022-04-13
1564,1,473,4,2,2,2.8,Portion size could be bigger.,2023-10-22
1565,1619,184,255,5,4,2.8,"Average food, nothing special.",2022-05-06
1566,1615,358,298,4,4,4.1,"Very bad experience, food was cold.",2023-01-23
1567,1558,1129,353,2,2,1.7,Portion size could be bigger.,2022-12-21
1568,4063,594,169,4,5,5.0,Hygienic and tasty.,2023-04-26
1569,155,521,265,5,5,3.7,Delivery was late but food was good.,2023-11-08
1570,3171,1004,414,1,1,2.9,Restaurant staff was helpful.,2023-11-22
1571,3976,1009,416,1,3,2.0,One of my favourite restaurants.,2022-08-12
1572,1570,305,317,1,4,3.8,Loved the paneer dishes.,2023-01-04
1573,2947,500,115,2,4,1.5,"Amazing food, will order again!",2022-08-03
1574,3340,454,80,5,2,3.7,Delivery was late but food was good.,2022-08-18
1575,3173,1874,110,1,4,2.5,Best biryani in the city!,2022-09-24
1576,767,85,447,1,1,2.3,Portion size could be bigger.,2023-10-20
1577,2505,823,96,2,5,2.0,Hygienic and tasty.,2022-06-24
1578,4086,1254,385,2,5,4.1,Hygienic and tasty.,2022-06-08
1579,1767,1063,428,3,5,2.0,Delivery was late but food was good.,2023-03-13
1580,2814,529,465,1,5,1.5,"Very bad experience, food was cold.",2022-03-11
1581,3981,1483,457,2,2,4.8,Best biryani in the city!,2022-02-25
1582,3655,1965,251,2,1,2.3,Food was not as per menu description.,2023-04-16
1583,3158,1741,65,1,1,5.0,"Fast delivery, fresh food.",2023-10-07
1584,1218,1487,445,2,2,4.8,Food was not as per menu description.,2022-01-14
1585,1148,181,103,5,2,4.7,"Average food, nothing special.",2022-09-09
1586,4933,861,11,5,3,1.1,Restaurant staff was helpful.,2022-06-15
1587,3459,1457,146,5,1,4.0,"Fast delivery, fresh food.",2023-07-20
1588,2100,805,334,4,4,4.6,Excellent taste and packaging.,2022-08-02
1589,3656,1123,46,2,3,3.1,One of my favourite restaurants.,2022-06-01
1590,1837,1898,309,4,5,1.0,Disappointed with the quality.,2022-06-07
1591,4670,909,151,3,2,3.2,"Decent food, average service.",2023-01-21
1592,1449,1926,153,1,3,5.0,Portion size could be bigger.,2023-10-07
1593,2593,882,243,5,3,4.0,Loved the paneer dishes.,2023-03-11
1594,2718,1378,476,5,1,1.6,"Amazing food, will order again!",2023-07-28
1595,1390,1012,146,2,1,3.4,Food was not as per menu description.,2023-06-16
1596,2459,1996,293,5,5,2.0,Will definitely recommend to friends.,2022-08-09
1597,3990,212,386,5,5,2.3,"Very bad experience, food was cold.",2023-09-24
1598,1651,318,40,4,2,4.2,"Average food, nothing special.",2023-03-24
1599,1840,1328,214,5,1,1.6,"Fast delivery, fresh food.",2022-07-18
1600,1289,1229,374,2,5,3.4,"Amazing food, will order again!",2022-12-16
1601,4204,1147,401,4,2,1.9,Best biryani in the city!,2023-04-15
1602,1215,52,458,1,2,3.7,Excellent taste and packaging.,2022-06-01
1603,923,62,41,2,5,4.5,Will definitely recommend to friends.,2023-11-09
1604,4681,922,473,2,4,2.4,Best biryani in the city!,2022-01-21
1605,82,62,420,3,1,3.1,"Very bad experience, food was cold.",2022-05-16
1606,4142,445,430,2,5,4.0,Loved the paneer dishes.,2022-03-16
1607,1458,354,475,4,5,4.3,Hygienic and tasty.,2022-11-04
1608,1145,1840,329,1,2,1.3,"Very bad experience, food was cold.",2023-02-16
1609,1568,708,226,2,2,3.8,Will definitely recommend to friends.,2023-01-02
1610,754,1567,103,4,3,4.2,Will definitely recommend to friends.,2023-02-08
1611,4312,1182,146,2,1,4.0,One of my favourite restaurants.,2022-03-23
1612,3423,53,346,5,2,3.2,Restaurant staff was helpful.,2022-09-07
1613,290,630,346,1,5,2.6,Hygienic and tasty.,2022-06-16
1614,3381,1360,339,4,5,2.6,Loved the paneer dishes.,2022-07-14
1615,2044,1477,52,1,2,3.4,"Too oily, not recommended.",2023-08-05
1616,324,1325,443,2,5,1.4,"Good quality, reasonable price.",2023-07-30
1617,485,1902,416,1,2,4.4,"Amazing food, will order again!",2022-03-05
1618,1752,1613,396,3,5,4.7,"Good quality, reasonable price.",2022-01-09
1619,4091,789,290,1,1,2.4,Restaurant staff was helpful.,2023-08-08
1620,3008,1619,469,3,5,3.2,Best biryani in the city!,2023-05-30
1621,710,1345,415,5,5,1.3,One of my favourite restaurants.,2022-12-23
1622,2463,603,73,2,2,1.1,One of my favourite restaurants.,2022-07-01
1623,2284,544,126,4,5,1.8,Disappointed with the quality.,2023-07-08
1624,3599,1370,447,4,3,2.6,Will definitely recommend to friends.,2022-12-19
1625,2618,1049,90,4,4,3.4,"Too oily, not recommended.",2023-07-22
1626,852,1738,379,2,2,1.6,Food was not as per menu description.,2023-11-21
1627,20,1364,208,4,3,1.2,Best biryani in the city!,2023-01-05
1628,713,791,138,2,3,4.4,Value for money.,2022-09-26
1629,2018,1057,417,2,4,3.2,"Good quality, reasonable price.",2023-06-08
1630,4684,1793,225,3,4,3.3,Loved the paneer dishes.,2023-11-07
1631,133,1741,212,4,5,4.2,"Fast delivery, fresh food.",2023-02-23
1632,2361,389,56,3,5,3.0,"Too oily, not recommended.",2022-06-03
1633,4900,1355,196,3,5,2.8,Delivery was late but food was good.,2022-11-08
1634,1764,1113,481,2,3,3.3,Value for money.,2022-03-01
1635,1710,1920,401,3,4,1.9,"Good quality, reasonable price.",2022-11-26
1636,2755,1182,320,2,3,2.2,"Decent food, average service.",2022-07-26
1637,3781,1414,476,2,4,4.7,Will definitely recommend to friends.,2023-12-22
1638,1158,1407,170,2,2,2.7,"Average food, nothing special.",2023-07-25
1639,2667,1882,153,2,4,3.2,Excellent taste and packaging.,2023-06-08
1640,4637,535,100,3,3,3.6,One of my favourite restaurants.,2023-03-07
1641,2564,939,178,2,2,2.1,"Too oily, not recommended.",2023-04-29
1642,2218,534,4,4,5,2.6,Best biryani in the city!,2022-11-29
1643,818,323,411,4,3,1.3,"Fast delivery, fresh food.",2023-04-29
1644,48,1513,437,2,3,4.2,"Amazing food, will order again!",2023-04-25
1645,4315,415,185,5,2,1.5,Portion size could be bigger.,2022-11-15
1646,80,562,398,3,3,5.0,One of my favourite restaurants.,2022-09-17
1647,33,1939,395,4,4,3.6,"Average food, nothing special.",2023-05-27
1648,2981,1917,215,5,3,4.7,"Too oily, not recommended.",2022-10-25
1649,4289,1200,361,2,2,1.4,Restaurant staff was helpful.,2023-07-07
1650,1425,1416,448,1,4,1.5,Value for money.,2022-09-04
1651,3226,1711,307,5,5,1.9,Value for money.,2022-10-08
1652,4735,1498,344,5,3,3.8,"Too oily, not recommended.",2023-05-27
1653,1025,549,56,4,1,1.9,Portion size could be bigger.,2023-08-06
1654,4716,56,264,3,2,4.7,"Amazing food, will order again!",2023-06-03
1655,1002,1382,282,5,4,3.9,Disappointed with the quality.,2022-06-11
1656,1720,31,19,2,4,1.8,Hygienic and tasty.,2022-05-24
1657,1072,39,7,2,2,4.6,"Average food, nothing special.",2023-06-15
1658,3777,489,62,2,1,2.1,Excellent taste and packaging.,2022-06-27
1659,1753,250,304,1,2,1.6,One of my favourite restaurants.,2023-05-06
1660,2233,1475,478,5,3,2.2,Food was not as per menu description.,2022-11-06
1661,4249,428,285,4,3,4.2,Restaurant staff was helpful.,2023-03-06
1662,1761,1096,48,2,4,2.8,Excellent taste and packaging.,2022-12-10
1663,528,853,42,2,1,2.6,"Fast delivery, fresh food.",2023-03-09
1664,2995,1427,345,4,3,2.2,Food was not as per menu description.,2022-08-07
1665,695,835,42,2,4,1.0,Excellent taste and packaging.,2023-10-24
1666,3653,15,223,2,4,4.0,Food was not as per menu description.,2022-09-07
1667,1141,21,266,1,4,1.4,"Too oily, not recommended.",2022-03-14
1668,1210,1460,180,3,3,1.2,Will definitely recommend to friends.,2023-02-17
1669,2741,1892,489,4,1,4.4,"Too oily, not recommended.",2022-05-27
1670,1177,1643,381,2,3,1.9,Best biryani in the city!,2022-06-19
1671,1140,399,24,2,2,2.5,Delivery was late but food was good.,2023-05-03
1672,2449,209,254,2,4,3.4,Best biryani in the city!,2022-07-09
1673,69,689,62,5,3,3.4,Excellent taste and packaging.,2023-08-14
1674,3187,610,211,4,2,3.3,"Decent food, average service.",2022-10-26
1675,1338,398,485,5,5,2.4,Hygienic and tasty.,2022-06-22
1676,3105,294,208,3,4,1.5,"Very bad experience, food was cold.",2023-12-05
1677,3805,1943,440,2,1,1.3,"Too oily, not recommended.",2023-09-09
1678,3144,1849,217,3,3,4.4,Delivery was late but food was good.,2022-08-13
1679,4520,1469,156,2,4,1.9,Food was not as per menu description.,2023-05-20
1680,2228,1165,224,3,2,1.4,"Average food, nothing special.",2022-05-13
1681,1567,230,152,3,5,1.9,"Decent food, average service.",2023-09-10
1682,3974,1507,379,4,1,3.6,Excellent taste and packaging.,2023-11-14
1683,4710,1892,31,5,5,3.6,"Decent food, average service.",2023-06-06
1684,4958,1807,290,5,4,2.2,Great ambience and service.,2022-10-01
1685,2495,1313,2,2,1,1.2,"Good quality, reasonable price.",2022-06-24
1686,2176,1808,243,5,5,1.9,"Very bad experience, food was cold.",2022-12-19
1687,3603,1793,485,4,1,4.4,Disappointed with the quality.,2022-02-26
1688,399,1380,276,2,2,1.9,Loved the paneer dishes.,2022-08-30
1689,1565,1821,228,5,2,3.3,Delivery was late but food was good.,2023-12-08
1690,3945,284,406,5,5,3.7,"Average food, nothing special.",2023-01-04
1691,3638,1430,248,4,4,3.8,Loved the paneer dishes.,2023-09-13
1692,4297,1992,7,1,5,2.9,Will definitely recommend to friends.,2022-10-07
1693,2125,44,371,5,2,3.1,"Average food, nothing special.",2022-02-08
1694,3676,313,363,2,5,4.9,Portion size could be bigger.,2022-08-29
1695,526,592,332,3,1,1.4,"Very bad experience, food was cold.",2023-07-30
1696,491,1231,329,2,3,1.4,Restaurant staff was helpful.,2022-01-19
1697,411,383,91,5,3,3.0,Food was not as per menu description.,2023-09-06
1698,4940,1548,281,2,3,4.3,Best biryani in the city!,2022-03-20
1699,374,1450,251,1,3,4.6,Will definitely recommend to friends.,2023-01-21
1700,2901,1536,357,4,3,1.6,"Decent food, average service.",2023-02-08
1701,2770,1431,312,5,4,1.8,Food was not as per menu description.,2023-11-15
1702,387,1641,445,1,2,1.5,Hygienic and tasty.,2022-09-16
1703,846,1683,61,2,5,4.0,Value for money.,2022-06-15
1704,4607,950,181,5,4,4.0,"Amazing food, will order again!",2022-08-25
1705,2520,1771,45,5,1,4.7,Disappointed with the quality.,2022-04-29
1706,337,1419,398,5,5,2.5,"Good quality, reasonable price.",2022-10-03
1707,1914,1872,52,1,5,1.3,Loved the paneer dishes.,2023-10-27
1708,4508,1020,193,4,2,2.6,Restaurant staff was helpful.,2022-02-20
1709,1795,1752,277,5,3,1.1,Hygienic and tasty.,2023-12-17
1710,1706,1841,154,3,4,2.7,"Too oily, not recommended.",2023-04-05
1711,3119,370,444,5,2,2.7,"Too oily, not recommended.",2023-03-12
1712,4360,1013,190,2,3,4.9,"Good quality, reasonable price.",2023-06-07
1713,4203,1015,133,3,3,3.7,"Good quality, reasonable price.",2022-12-13
1714,4258,1053,485,5,2,4.1,"Fast delivery, fresh food.",2022-12-27
1715,661,72,197,5,2,3.8,Will definitely recommend to friends.,2023-01-11
1716,3562,1296,38,3,4,1.6,Loved the paneer dishes.,2023-03-06
1717,4503,1276,193,2,3,4.0,Delivery was late but food was good.,2023-04-26
1718,1225,371,30,1,4,3.0,Loved the paneer dishes.,2023-09-20
1719,696,1167,265,1,3,3.4,Best biryani in the city!,2023-08-13
1720,3592,1126,369,5,1,1.2,Delivery was late but food was good.,2022-08-19
1721,812,743,301,2,4,3.6,Restaurant staff was helpful.,2022-08-04
1722,109,1503,272,2,3,4.3,"Fast delivery, fresh food.",2023-06-11
1723,2674,1053,466,1,1,2.9,One of my favourite restaurants.,2022-11-27
1724,2960,208,337,5,5,4.8,"Average food, nothing special.",2022-11-21
1725,2282,665,388,1,3,1.8,Best biryani in the city!,2022-07-16
1726,4475,1028,277,3,1,3.3,Value for money.,2022-04-17
1727,1453,1554,350,3,3,2.6,Portion size could be bigger.,2023-09-09
1728,2031,1930,257,4,4,4.3,"Fast delivery, fresh food.",2023-12-07
1729,613,1509,117,3,2,4.6,"Amazing food, will order again!",2022-08-28
1730,4373,1886,134,5,1,1.7,Value for money.,2023-01-11
1731,1093,1539,9,1,1,1.1,Value for money.,2022-11-19
1732,3868,587,74,1,4,2.8,"Good quality, reasonable price.",2022-03-05
1733,4358,648,208,5,5,1.3,"Good quality, reasonable price.",2023-05-17
1734,853,456,267,5,2,4.3,Delivery was late but food was good.,2022-05-12
1735,3475,24,192,1,2,2.7,Food was not as per menu description.,2022-08-15
1736,3212,1651,10,4,4,3.2,Portion size could be bigger.,2023-11-27
1737,144,472,446,2,1,4.5,Best biryani in the city!,2023-04-24
1738,2678,995,294,5,5,2.4,Hygienic and tasty.,2022-12-31
1739,4173,7,420,3,4,3.0,One of my favourite restaurants.,2023-02-17
1740,725,899,270,5,4,1.0,Will definitely recommend to friends.,2023-09-07
1741,4040,25,375,4,2,4.5,Best biryani in the city!,2022-04-30
1742,1269,1873,165,2,3,4.0,"Decent food, average service.",2023-08-30
1743,1716,1253,40,5,5,3.4,Will definitely recommend to friends.,2022-11-16
1744,3370,1919,438,3,5,1.0,"Average food, nothing special.",2023-04-21
1745,3746,846,89,1,3,1.5,Food was not as per menu description.,2023-11-22
1746,174,1054,230,2,2,2.6,"Average food, nothing special.",2023-09-03
1747,2479,507,153,3,1,1.2,Portion size could be bigger.,2022-10-15
1748,1039,1186,54,1,2,3.7,"Very bad experience, food was cold.",2023-03-16
1749,3030,1250,298,4,5,4.3,Hygienic and tasty.,2022-04-07
1750,4343,566,396,2,5,1.9,Restaurant staff was helpful.,2023-04-05
1751,4053,1433,189,2,5,2.9,Value for money.,2022-11-01
1752,180,384,491,2,2,4.0,Loved the paneer dishes.,2022-07-28
1753,2794,526,412,3,5,4.4,Best biryani in the city!,2023-11-11
1754,3473,1192,11,3,2,4.3,Loved the paneer dishes.,2022-03-19
1755,3851,1453,138,3,3,2.4,"Decent food, average service.",2022-06-01
1756,986,1088,256,3,1,4.2,"Very bad experience, food was cold.",2023-04-02
1757,1219,1318,302,1,4,1.9,"Good quality, reasonable price.",2022-12-16
1758,2728,409,140,5,2,2.5,"Decent food, average service.",2022-05-02
1759,3361,1262,140,4,2,3.5,Restaurant staff was helpful.,2023-03-24
1760,44,1146,299,1,2,2.6,One of my favourite restaurants.,2022-08-27
1761,3988,1087,366,4,3,1.3,Disappointed with the quality.,2023-10-19
1762,204,1211,355,3,1,4.9,Restaurant staff was helpful.,2022-08-02
1763,2474,927,141,1,5,1.1,Loved the paneer dishes.,2023-01-16
1764,3719,710,70,2,5,2.3,Disappointed with the quality.,2023-12-24
1765,4206,721,116,3,3,1.7,Hygienic and tasty.,2022-08-16
1766,4626,125,226,5,3,1.5,"Fast delivery, fresh food.",2023-04-11
1767,562,280,496,1,4,1.2,Will definitely recommend to friends.,2022-05-12
1768,3351,1579,124,1,1,1.2,"Good quality, reasonable price.",2023-08-10
1769,306,667,123,1,3,3.5,Best biryani in the city!,2022-11-10
1770,1396,782,10,2,3,2.2,Loved the paneer dishes.,2023-01-02
1771,1868,1614,160,3,3,4.7,Will definitely recommend to friends.,2022-01-23
1772,690,263,185,5,4,2.5,Excellent taste and packaging.,2022-09-16
1773,89,1020,382,4,3,2.7,Hygienic and tasty.,2023-05-25
1774,2910,809,139,4,4,2.6,Delivery was late but food was good.,2023-08-02
1775,2078,249,291,5,3,2.6,"Decent food, average service.",2023-01-23
1776,4798,189,38,2,1,3.1,Portion size could be bigger.,2023-12-18
1777,4525,1324,21,1,3,2.7,Value for money.,2022-08-17
1778,2340,1105,28,3,1,3.5,Excellent taste and packaging.,2023-12-17
1779,3412,820,92,4,2,2.5,Delivery was late but food was good.,2023-05-25
1780,4167,323,267,3,1,3.9,"Too oily, not recommended.",2023-09-27
1781,2747,621,209,3,2,2.1,Hygienic and tasty.,2022-10-27
1782,4201,1679,103,4,5,1.3,"Average food, nothing special.",2023-05-16
1783,3301,1708,40,1,5,3.8,Hygienic and tasty.,2022-04-05
1784,3435,1161,495,4,5,1.7,"Amazing food, will order again!",2022-07-24
1785,1467,1055,420,1,1,3.2,Excellent taste and packaging.,2023-11-30
1786,2528,969,263,5,3,3.7,One of my favourite restaurants.,2023-02-07
1787,1536,179,136,5,2,1.4,"Average food, nothing special.",2023-05-01
1788,3795,957,133,2,4,3.5,Loved the paneer dishes.,2023-10-12
1789,4992,1493,443,2,1,1.0,"Very bad experience, food was cold.",2022-04-23
1790,1323,737,251,2,5,1.5,Value for money.,2023-04-17
1791,2465,59,82,3,5,1.5,Portion size could be bigger.,2022-09-27
1792,1246,1166,172,5,2,1.3,Disappointed with the quality.,2022-12-19
1793,1240,1642,491,2,1,1.8,"Very bad experience, food was cold.",2022-01-30
1794,2511,1014,50,4,1,2.4,Will definitely recommend to friends.,2022-09-18
1795,1735,1133,254,3,2,3.6,"Average food, nothing special.",2023-12-04
1796,3359,290,285,5,4,4.1,Best biryani in the city!,2023-03-30
1797,2617,362,413,3,5,4.0,Loved the paneer dishes.,2022-06-25
1798,2419,1636,487,3,1,4.3,Restaurant staff was helpful.,2023-09-30
1799,343,14,481,3,2,3.2,Great ambience and service.,2022-02-08
1800,4549,1940,387,2,4,3.5,Great ambience and service.,2023-02-02
1801,3214,636,224,1,3,1.9,"Average food, nothing special.",2022-05-25
1802,683,166,348,5,2,3.9,Excellent taste and packaging.,2023-08-01
1803,2595,56,250,3,3,4.4,Loved the paneer dishes.,2022-01-03
1804,2664,1895,234,3,1,1.7,Best biryani in the city!,2022-09-03
1805,1020,1035,299,2,5,1.4,"Amazing food, will order again!",2022-02-25
1806,3452,1319,360,1,4,4.1,Will definitely recommend to friends.,2023-04-16
1807,840,1700,335,2,1,2.7,"Fast delivery, fresh food.",2023-11-12
1808,4736,880,341,5,4,3.8,Loved the paneer dishes.,2022-06-02
1809,2367,1210,99,4,4,3.5,Hygienic and tasty.,2024-01-02
1810,1403,826,377,5,3,4.0,Disappointed with the quality.,2022-02-15
1811,3743,1364,365,2,5,1.3,Excellent taste and packaging.,2022-02-23
1812,3801,1627,344,5,4,3.6,Value for money.,2023-10-13
1813,3249,328,185,4,5,2.1,Food was not as per menu description.,2022-06-02
1814,253,1743,269,2,3,1.1,Best biryani in the city!,2023-09-20
1815,4870,1852,390,3,1,3.2,"Fast delivery, fresh food.",2023-10-09
1816,4517,1024,382,5,3,2.9,Disappointed with the quality.,2022-04-01
1817,4522,1283,49,1,4,2.8,"Amazing food, will order again!",2022-12-23
1818,4179,126,202,3,5,1.4,"Very bad experience, food was cold.",2022-12-06
1819,849,413,162,4,1,4.5,"Average food, nothing special.",2023-11-24
1820,2629,1795,234,1,1,1.3,"Amazing food, will order again!",2023-06-27
1821,312,1101,355,2,5,2.3,Great ambience and service.,2022-01-26
1822,471,399,126,3,4,1.2,"Good quality, reasonable price.",2023-12-10
1823,2699,287,191,1,1,1.7,"Decent food, average service.",2022-04-04
1824,3819,945,175,5,5,4.9,Portion size could be bigger.,2023-06-10
1825,2456,513,320,2,5,4.5,"Decent food, average service.",2023-12-11
1826,3250,2000,267,4,2,2.1,"Too oily, not recommended.",2023-08-20
1827,2864,1315,472,1,5,1.8,Hygienic and tasty.,2022-01-10
1828,859,381,72,2,4,1.8,"Good quality, reasonable price.",2023-04-03
1829,811,1519,256,3,3,2.0,"Too oily, not recommended.",2022-04-29
1830,4537,311,261,4,5,3.9,Portion size could be bigger.,2022-12-24
1831,2112,1472,160,3,2,2.1,Will definitely recommend to friends.,2023-08-13
1832,3123,1437,454,1,5,3.5,"Very bad experience, food was cold.",2023-08-14
1833,3859,402,365,1,2,4.1,"Amazing food, will order again!",2022-02-25
1834,4500,1527,366,2,3,4.1,Great ambience and service.,2022-10-12
1835,111,1195,445,5,4,3.8,"Amazing food, will order again!",2022-05-02
1836,1273,848,23,2,3,2.2,One of my favourite restaurants.,2023-08-17
1837,1313,1054,421,4,4,1.6,Great ambience and service.,2022-08-01
1838,3147,1056,385,4,2,1.2,Disappointed with the quality.,2022-10-24
1839,3841,382,413,2,4,2.3,"Fast delivery, fresh food.",2022-03-15
1840,4262,1780,55,5,3,3.4,Best biryani in the city!,2023-05-19
1841,4912,733,221,4,4,3.1,"Very bad experience, food was cold.",2023-03-26
1842,691,1349,412,5,1,1.7,Food was not as per menu description.,2023-06-25
1843,730,1581,374,3,4,1.6,Excellent taste and packaging.,2023-02-04
1844,3770,1605,49,4,2,4.6,One of my favourite restaurants.,2023-05-30
1845,3229,1857,460,5,3,3.4,"Fast delivery, fresh food.",2023-01-07
1846,3281,470,41,3,2,2.7,"Too oily, not recommended.",2023-02-07
1847,3662,1491,21,4,4,4.9,Will definitely recommend to friends.,2023-09-25
1848,1381,1078,331,2,2,2.1,Hygienic and tasty.,2022-02-19
1849,2504,280,128,3,1,1.8,Food was not as per menu description.,2023-09-09
1850,2070,177,461,1,1,2.1,"Good quality, reasonable price.",2022-10-19
1851,4732,1913,486,5,3,1.5,"Average food, nothing special.",2023-04-05
1852,4610,868,129,5,5,3.4,Delivery was late but food was good.,2022-09-22
1853,2908,1483,56,5,1,3.4,Hygienic and tasty.,2023-03-28
1854,974,1168,198,4,4,2.0,Value for money.,2022-01-30
1855,106,1450,237,4,2,2.3,Excellent taste and packaging.,2023-09-02
1856,4908,1446,137,4,4,1.1,"Amazing food, will order again!",2022-09-26
1857,1869,1483,64,3,2,3.7,Best biryani in the city!,2022-08-26
1858,1473,1878,360,2,2,1.5,Portion size could be bigger.,2022-03-08
1859,1204,1333,481,4,5,4.6,"Fast delivery, fresh food.",2022-08-06
1860,3639,1863,328,1,4,2.5,Will definitely recommend to friends.,2023-03-06
1861,1417,124,391,5,1,1.1,Delivery was late but food was good.,2023-05-20
1862,3558,553,269,5,2,2.2,"Good quality, reasonable price.",2023-05-23
1863,22,1551,384,4,4,2.9,Disappointed with the quality.,2022-09-10
1864,3022,647,316,5,4,1.8,One of my favourite restaurants.,2022-05-26
1865,659,1276,485,3,4,1.2,Loved the paneer dishes.,2022-10-02
1866,1520,1914,298,5,2,3.2,Disappointed with the quality.,2022-06-19
1867,3232,1161,476,4,2,4.2,Food was not as per menu description.,2023-11-24
1868,4216,602,200,1,1,2.1,Loved the paneer dishes.,2023-08-18
1869,4334,1709,89,3,2,1.6,Food was not as per menu description.,2022-03-29
1870,3546,716,77,4,2,4.6,Best biryani in the city!,2023-08-14
1871,813,1190,216,1,5,3.9,"Amazing food, will order again!",2022-11-18
1872,2380,200,174,4,1,4.6,Delivery was late but food was good.,2022-10-30
1873,1959,338,483,3,4,3.8,"Fast delivery, fresh food.",2023-12-25
1874,1107,1522,148,2,2,3.1,"Very bad experience, food was cold.",2023-10-24
1875,744,386,313,2,1,2.7,Best biryani in the city!,2022-12-11
1876,4428,212,406,1,1,2.2,"Amazing food, will order again!",2023-04-18
1877,321,283,162,2,1,1.9,Will definitely recommend to friends.,2022-07-30
1878,2723,1425,41,5,1,3.1,Hygienic and tasty.,2022-01-24
1879,1666,1750,469,2,1,2.4,Food was not as per menu description.,2022-02-25
1880,345,543,112,2,5,4.9,"Too oily, not recommended.",2022-05-19
1881,1178,1325,353,4,5,3.3,Value for money.,2022-03-28
1882,4484,1455,361,4,4,1.8,"Good quality, reasonable price.",2022-06-16
1883,4929,1940,220,2,4,2.3,"Very bad experience, food was cold.",2022-01-20
1884,957,849,1,5,5,1.4,Great ambience and service.,2023-04-27
1885,1299,544,326,1,5,1.0,Hygienic and tasty.,2022-05-02
1886,997,823,191,1,1,4.5,Best biryani in the city!,2022-07-26
1887,3910,1661,248,5,3,1.7,Food was not as per menu description.,2022-11-20
1888,2614,1968,434,5,4,1.6,Restaurant staff was helpful.,2023-08-19
1889,4981,736,172,2,3,2.9,"Amazing food, will order again!",2022-04-01
1890,4928,564,337,2,4,2.5,Food was not as per menu description.,2022-12-10
1891,1241,1667,327,2,1,4.0,Loved the paneer dishes.,2023-12-14
1892,2439,1283,152,2,5,3.6,"Decent food, average service.",2022-10-06
1893,1488,627,40,4,4,1.8,Restaurant staff was helpful.,2022-01-16
1894,1084,380,249,3,5,4.4,One of my favourite restaurants.,2022-09-10
1895,4881,684,278,4,5,2.7,Disappointed with the quality.,2022-05-23
1896,1474,932,297,1,3,2.3,Disappointed with the quality.,2022-09-10
1897,3501,1848,187,1,2,4.2,Value for money.,2023-09-25
1898,1006,656,499,5,4,2.8,Delivery was late but food was good.,2023-11-20
1899,1442,1092,337,5,5,4.1,One of my favourite restaurants.,2022-07-11
1900,3930,1610,317,1,5,2.4,"Too oily, not recommended.",2022-10-20
1901,4230,1736,272,4,3,4.7,One of my favourite restaurants.,2023-05-19
1902,467,1827,351,4,1,4.4,"Average food, nothing special.",2022-01-31
1903,2726,1057,188,1,1,3.9,Great ambience and service.,2022-10-24
1904,2,771,410,3,4,2.0,"Very bad experience, food was cold.",2023-02-04
1905,2830,213,93,3,1,4.4,Food was not as per menu description.,2023-10-28
1906,2210,1430,253,2,5,2.1,Disappointed with the quality.,2022-11-26
1907,1184,49,473,2,1,3.4,Loved the paneer dishes.,2022-11-02
1908,4749,701,244,3,3,3.8,"Amazing food, will order again!",2023-01-26
1909,2337,1516,71,3,4,1.1,"Too oily, not recommended.",2022-09-26
1910,4845,147,263,3,4,1.5,Excellent taste and packaging.,2022-05-09
1911,502,1148,135,2,5,4.6,Will definitely recommend to friends.,2022-05-12
1912,3894,1201,206,5,2,4.1,Great ambience and service.,2022-02-19
1913,794,1394,274,1,4,4.4,Will definitely recommend to friends.,2023-11-03
1914,3853,10,16,1,4,2.1,"Fast delivery, fresh food.",2023-09-26
1915,1258,1894,96,3,4,2.1,"Fast delivery, fresh food.",2023-02-07
1916,1839,1576,446,1,3,2.7,"Too oily, not recommended.",2022-06-24
1917,41,936,315,3,3,1.7,Hygienic and tasty.,2022-03-26
1918,2844,1204,235,2,2,1.7,"Too oily, not recommended.",2022-04-10
1919,4582,960,162,1,2,2.8,"Fast delivery, fresh food.",2023-05-02
1920,1860,13,35,5,3,1.5,Value for money.,2022-09-17
1921,3504,858,38,3,4,3.5,Portion size could be bigger.,2023-06-29
1922,152,1434,378,3,2,2.6,"Very bad experience, food was cold.",2023-05-30
1923,3955,1896,273,5,3,1.9,"Very bad experience, food was cold.",2022-11-05
1924,4398,1290,438,2,2,3.8,"Very bad experience, food was cold.",2023-07-07
1925,3259,963,141,2,3,2.0,Great ambience and service.,2022-05-04
1926,1631,867,103,4,3,1.7,Great ambience and service.,2023-08-30
1927,4858,1349,311,3,5,4.1,Hygienic and tasty.,2023-05-12
1928,3121,744,213,2,5,3.3,Disappointed with the quality.,2023-09-15
1929,2616,1694,198,3,3,4.6,"Amazing food, will order again!",2023-07-29
1930,1017,42,213,3,1,2.2,Great ambience and service.,2023-08-29
1931,2619,1882,57,5,5,2.7,Hygienic and tasty.,2023-03-31
1932,4678,966,159,5,5,1.3,Disappointed with the quality.,2022-06-07
1933,3877,920,93,2,4,2.1,"Amazing food, will order again!",2022-01-17
1934,1261,1409,337,3,1,4.1,Value for money.,2022-12-02
1935,222,68,328,2,1,4.5,Portion size could be bigger.,2022-10-06
1936,764,306,24,1,4,2.5,Excellent taste and packaging.,2022-04-27
1937,926,1446,478,2,2,4.1,Disappointed with the quality.,2023-10-12
1938,3835,1900,435,3,2,1.5,"Too oily, not recommended.",2023-05-21
1939,2798,245,278,3,2,3.9,Hygienic and tasty.,2023-04-04
1940,1882,618,148,4,2,3.1,Restaurant staff was helpful.,2023-04-10
1941,800,1931,406,4,5,2.9,Great ambience and service.,2022-05-10
1942,3760,24,311,5,2,2.7,"Amazing food, will order again!",2022-04-24
1943,1970,442,432,1,3,3.4,Great ambience and service.,2023-05-08
1944,4922,1396,123,5,1,2.3,Value for money.,2023-10-10
1945,3666,1397,96,4,5,2.7,Excellent taste and packaging.,2022-04-13
1946,2383,847,85,4,2,3.7,Restaurant staff was helpful.,2023-03-09
1947,1989,1408,373,3,4,2.7,"Too oily, not recommended.",2022-08-09
1948,1954,787,24,3,3,4.5,Portion size could be bigger.,2022-12-13
1949,702,815,228,3,1,3.6,Excellent taste and packaging.,2022-01-04
1950,1276,1843,391,2,1,3.1,"Good quality, reasonable price.",2023-01-24
1951,916,325,184,3,1,3.7,Loved the paneer dishes.,2022-07-23
1952,2117,1594,249,1,1,5.0,"Amazing food, will order again!",2022-09-22
1953,2487,1032,487,1,1,3.0,"Average food, nothing special.",2023-10-23
1954,2450,641,294,1,3,3.5,Delivery was late but food was good.,2023-07-09
1955,1870,774,123,1,2,2.0,Disappointed with the quality.,2022-08-01
1956,1054,1922,312,3,3,4.7,"Good quality, reasonable price.",2023-04-08
1957,977,1086,30,4,3,4.3,Value for money.,2023-08-03
1958,3839,1677,133,1,5,4.3,Excellent taste and packaging.,2022-03-17
1959,4131,142,436,2,5,3.1,"Amazing food, will order again!",2022-06-28
1960,70,158,248,2,1,3.4,Disappointed with the quality.,2023-10-20
1961,3875,974,210,5,5,3.1,Best biryani in the city!,2023-07-21
1962,2651,222,453,2,1,2.0,Delivery was late but food was good.,2022-03-04
1963,1379,1521,291,1,5,4.7,"Very bad experience, food was cold.",2023-05-13
1964,3898,1432,304,2,5,2.5,Loved the paneer dishes.,2022-05-14
1965,3295,564,47,3,1,3.0,Hygienic and tasty.,2023-03-16
1966,2492,24,10,5,2,3.4,Best biryani in the city!,2023-10-30
1967,554,386,197,3,5,1.9,"Fast delivery, fresh food.",2022-03-31
1968,4620,1830,428,4,1,4.6,Loved the paneer dishes.,2022-02-25
1969,3721,38,94,2,3,2.8,Food was not as per menu description.,2022-11-30
1970,1572,1460,332,3,1,1.7,Best biryani in the city!,2022-07-20
1971,727,21,473,1,4,3.9,"Amazing food, will order again!",2023-12-04
1972,3161,390,164,1,4,4.6,One of my favourite restaurants.,2022-06-01
1973,3463,1165,68,4,3,1.9,"Fast delivery, fresh food.",2022-07-11
1974,379,1695,342,4,3,2.6,"Decent food, average service.",2022-01-09
1975,3305,1515,197,2,1,3.0,"Too oily, not recommended.",2023-07-28
1976,2559,626,238,1,3,2.7,"Too oily, not recommended.",2022-03-16
1977,4384,426,357,5,2,3.7,"Too oily, not recommended.",2022-04-25
1978,614,1520,387,2,5,3.7,Portion size could be bigger.,2022-06-07
1979,1175,1246,361,1,3,1.2,Great ambience and service.,2023-06-13
1980,1564,1750,27,5,4,4.5,Great ambience and service.,2023-09-20
1981,621,1823,259,2,1,1.2,Food was not as per menu description.,2022-08-04
1982,4051,699,338,4,3,3.3,Will definitely recommend to friends.,2023-04-21
1983,147,1222,168,4,4,1.9,Loved the paneer dishes.,2023-06-15
1984,1779,1719,289,4,4,3.7,"Amazing food, will order again!",2022-02-26
1985,1983,1225,211,2,4,2.5,"Fast delivery, fresh food.",2023-01-02
1986,4943,461,500,3,4,2.4,"Very bad experience, food was cold.",2022-08-04
1987,4319,48,278,1,1,3.7,"Good quality, reasonable price.",2022-08-16
1988,2721,22,15,2,4,3.4,Restaurant staff was helpful.,2022-06-13
1989,245,755,63,3,2,3.4,"Average food, nothing special.",2022-03-28
1990,1014,260,217,5,5,4.0,Food was not as per menu description.,2022-07-05
1991,261,138,197,3,1,4.9,Value for money.,2023-03-24
1992,4005,1914,500,2,3,2.4,Delivery was late but food was good.,2023-06-29
1993,709,1626,433,1,4,1.4,"Too oily, not recommended.",2022-06-24
1994,942,1510,54,4,1,1.7,Best biryani in the city!,2022-05-06
1995,723,1229,81,2,3,1.1,Portion size could be bigger.,2022-05-13
1996,2099,1842,412,4,3,3.6,"Good quality, reasonable price.",2023-03-01
1997,2836,1609,170,5,3,4.7,"Decent food, average service.",2023-08-05
1998,2660,1664,452,3,2,2.9,Food was not as per menu description.,2023-01-11
1999,3636,172,473,1,1,3.9,"Very bad experience, food was cold.",2022-01-08
2000,3598,1339,130,1,3,3.5,Will definitely recommend to friends.,2023-10-14
2001,1670,1764,25,5,4,2.4,"Good quality, reasonable price.",2023-07-03
2002,1099,75,324,2,1,4.3,Loved the paneer dishes.,2022-07-30
2003,3424,1349,118,4,2,1.9,Delivery was late but food was good.,2023-09-22
2004,4615,1619,187,3,2,1.6,Disappointed with the quality.,2022-11-04
2005,2936,107,41,3,5,2.2,Disappointed with the quality.,2022-01-30
2006,1365,1756,216,4,5,1.6,Great ambience and service.,2022-11-23
2007,1282,1000,188,5,4,1.5,"Good quality, reasonable price.",2023-08-27
2008,4789,1972,222,3,3,4.6,Hygienic and tasty.,2022-12-08
2009,1019,1627,37,5,3,1.4,Disappointed with the quality.,2022-04-08
2010,1998,465,329,5,3,2.7,"Average food, nothing special.",2022-01-07
2011,3940,1794,405,5,1,3.8,"Amazing food, will order again!",2023-02-24
2012,1322,316,285,4,3,3.0,Best biryani in the city!,2023-06-28
2013,929,1752,44,1,5,4.4,"Too oily, not recommended.",2022-10-13
2014,1987,128,225,3,1,1.1,"Good quality, reasonable price.",2022-04-15
2015,4794,909,179,2,4,4.8,"Very bad experience, food was cold.",2023-06-11
2016,381,887,198,2,3,1.1,"Fast delivery, fresh food.",2022-05-09
2017,4592,897,360,2,1,2.1,Restaurant staff was helpful.,2022-09-14
2018,314,236,413,2,4,3.0,Excellent taste and packaging.,2023-04-24
2019,4272,884,107,4,4,1.2,"Average food, nothing special.",2022-02-19
2020,2301,1904,446,1,4,1.2,"Decent food, average service.",2022-12-02
2021,1065,1227,294,5,5,3.5,Great ambience and service.,2022-05-20
2022,4724,1524,495,3,2,3.4,Food was not as per menu description.,2023-08-06
2023,4273,1336,237,1,5,4.5,"Fast delivery, fresh food.",2023-07-07
2024,3861,825,299,4,5,4.9,Portion size could be bigger.,2023-08-03
2025,538,38,112,4,1,4.6,Portion size could be bigger.,2023-12-29
2026,646,822,2,2,3,1.7,Excellent taste and packaging.,2022-08-18
2027,3465,1301,181,5,3,2.3,Loved the paneer dishes.,2022-02-02
2028,2430,981,212,5,3,4.0,Excellent taste and packaging.,2022-06-05
2029,2368,134,376,2,5,1.5,Value for money.,2022-01-17
2030,138,74,368,2,2,2.1,Loved the paneer dishes.,2022-09-06
2031,1700,1777,401,5,3,4.5,"Decent food, average service.",2023-09-02
2032,1557,993,411,5,4,2.6,Value for money.,2023-02-13
2033,277,1997,71,1,5,2.1,Hygienic and tasty.,2022-10-26
2034,2921,1084,352,2,5,2.0,Portion size could be bigger.,2022-06-30
2035,3397,441,357,1,1,4.4,Value for money.,2023-03-31
2036,998,841,75,3,2,2.6,Delivery was late but food was good.,2022-02-23
2037,410,1162,357,5,5,4.9,Will definitely recommend to friends.,2022-10-23
2038,2569,1215,170,2,3,2.7,Loved the paneer dishes.,2023-01-10
2039,500,1300,465,2,4,4.3,Will definitely recommend to friends.,2022-12-03
2040,3206,774,103,5,1,2.9,"Average food, nothing special.",2022-10-05
2041,2255,802,233,2,2,4.8,Value for money.,2022-02-14
2042,2985,154,393,1,5,1.7,"Average food, nothing special.",2022-11-01
2043,4578,1758,124,1,1,1.5,"Amazing food, will order again!",2022-05-03
2044,1828,142,142,4,3,1.4,Hygienic and tasty.,2022-05-21
2045,4598,1103,32,5,4,1.8,Food was not as per menu description.,2023-02-15
2046,2630,661,437,2,1,3.4,Great ambience and service.,2023-10-05
2047,863,1932,260,1,1,3.6,One of my favourite restaurants.,2023-11-15
2048,2197,1059,479,5,4,2.8,"Amazing food, will order again!",2022-11-25
2049,103,1401,432,1,2,2.3,Portion size could be bigger.,2023-09-11
2050,3231,1391,48,4,5,3.9,Delivery was late but food was good.,2022-10-13
2051,719,374,356,2,5,2.5,Hygienic and tasty.,2023-05-06
2052,571,794,426,1,1,2.8,One of my favourite restaurants.,2022-07-27
2053,163,263,103,2,1,3.9,"Fast delivery, fresh food.",2023-12-20
2054,4554,387,417,2,1,2.8,Disappointed with the quality.,2023-08-16
2055,3276,648,35,3,4,2.0,Hygienic and tasty.,2022-03-11
2056,2055,1965,164,5,2,3.5,Portion size could be bigger.,2023-10-29
2057,3275,1408,184,4,2,2.5,Loved the paneer dishes.,2023-11-14
2058,3588,268,38,4,5,3.7,"Amazing food, will order again!",2023-10-20
2059,2306,1131,370,2,2,3.4,Excellent taste and packaging.,2023-03-03
2060,2979,789,110,5,1,1.1,"Too oily, not recommended.",2022-11-02
2061,2725,1179,270,5,4,4.9,Restaurant staff was helpful.,2023-03-13
2062,1344,1932,299,1,1,3.5,Value for money.,2022-12-16
2063,4018,1873,452,1,1,4.1,One of my favourite restaurants.,2022-11-05
2064,1406,1810,464,5,4,2.5,"Fast delivery, fresh food.",2023-02-05
2065,4599,1187,462,3,2,4.4,Value for money.,2022-06-28
2066,3657,1937,159,2,2,3.5,"Average food, nothing special.",2022-03-14
2067,850,900,305,4,4,4.2,One of my favourite restaurants.,2023-01-16
2068,3499,909,235,3,3,3.6,One of my favourite restaurants.,2023-08-17
2069,4346,1918,13,4,4,1.7,Will definitely recommend to friends.,2022-04-08
2070,578,27,194,5,2,1.2,Excellent taste and packaging.,2022-09-30
2071,4141,1990,231,2,4,4.1,Disappointed with the quality.,2022-11-10
2072,2974,1102,368,1,4,1.7,Disappointed with the quality.,2023-06-22
2073,3287,38,242,3,4,4.5,"Very bad experience, food was cold.",2023-01-23
2074,2918,588,93,3,5,3.5,"Very bad experience, food was cold.",2023-07-01
2075,3172,1949,235,5,2,1.0,"Good quality, reasonable price.",2022-02-22
2076,4634,985,459,2,3,1.9,Great ambience and service.,2022-05-26
2077,1001,551,438,5,3,3.5,"Fast delivery, fresh food.",2022-01-05
2078,712,192,383,2,3,4.6,Loved the paneer dishes.,2022-07-02
2079,4975,479,280,3,1,1.7,Hygienic and tasty.,2023-09-15
2080,999,800,326,3,5,3.5,"Average food, nothing special.",2022-03-21
2081,4775,460,253,5,1,2.7,Excellent taste and packaging.,2022-03-28
2082,2899,1390,25,4,4,2.0,Delivery was late but food was good.,2022-06-05
2083,2999,774,254,4,1,4.9,"Too oily, not recommended.",2023-11-29
2084,1807,63,342,3,3,3.1,Loved the paneer dishes.,2023-09-01
2085,31,1297,295,3,3,2.2,Excellent taste and packaging.,2022-08-03
2086,2346,594,302,5,3,4.0,"Fast delivery, fresh food.",2023-01-22
2087,14,1061,287,1,4,2.6,"Decent food, average service.",2022-02-09
2088,1999,396,426,3,5,2.4,Delivery was late but food was good.,2023-01-12
2089,4791,339,169,4,1,3.0,Disappointed with the quality.,2022-06-22
2090,4527,1827,98,2,4,4.2,"Good quality, reasonable price.",2022-04-04
2091,1252,1356,425,5,3,2.2,"Amazing food, will order again!",2022-12-26
2092,3073,851,272,4,4,4.8,"Amazing food, will order again!",2022-01-20
2093,4368,1697,339,3,1,3.3,Portion size could be bigger.,2022-01-06
2094,4660,1725,14,2,4,2.6,"Good quality, reasonable price.",2023-12-05
2095,1428,869,264,2,3,2.7,Great ambience and service.,2023-07-09
2096,3782,460,318,2,5,1.9,Will definitely recommend to friends.,2022-02-14
2097,241,1184,64,3,2,1.8,Portion size could be bigger.,2022-04-26
2098,532,175,293,3,4,2.4,One of my favourite restaurants.,2023-10-06
2099,4919,1770,212,4,5,2.1,Great ambience and service.,2022-04-28
2100,980,1860,269,2,4,3.4,"Good quality, reasonable price.",2023-08-27
2101,1447,1234,340,2,4,4.8,Disappointed with the quality.,2022-05-20
2102,4576,817,436,4,5,3.4,Restaurant staff was helpful.,2023-10-16
2103,3086,72,323,2,5,1.5,Hygienic and tasty.,2022-04-14
2104,3164,191,384,2,3,1.4,"Decent food, average service.",2022-07-17
2105,1022,1909,131,4,3,2.1,"Very bad experience, food was cold.",2023-04-10
2106,1667,799,31,4,2,3.5,Loved the paneer dishes.,2022-04-11
2107,30,301,332,4,3,3.3,Disappointed with the quality.,2023-05-06
2108,1480,754,86,3,4,2.5,Food was not as per menu description.,2022-05-22
2109,486,1264,281,4,5,1.0,One of my favourite restaurants.,2023-09-26
2110,1611,1227,374,5,4,3.1,Will definitely recommend to friends.,2023-08-25
2111,457,740,56,4,2,3.9,Food was not as per menu description.,2022-07-18
2112,525,999,301,1,3,1.4,"Fast delivery, fresh food.",2022-10-04
2113,260,1562,378,1,1,4.7,"Average food, nothing special.",2022-06-26
2114,1101,994,126,3,5,2.2,Loved the paneer dishes.,2022-12-15
2115,462,1424,206,5,5,2.0,Food was not as per menu description.,2022-05-14
2116,3847,1833,377,4,5,2.0,"Very bad experience, food was cold.",2023-12-25
2117,4985,156,130,5,1,4.7,"Fast delivery, fresh food.",2022-03-28
2118,3278,322,216,3,4,4.6,Portion size could be bigger.,2023-03-31
2119,1906,11,388,4,3,2.8,Hygienic and tasty.,2023-12-02
2120,451,347,222,4,1,2.8,Restaurant staff was helpful.,2023-09-24
2121,4875,590,417,1,5,3.1,"Very bad experience, food was cold.",2022-11-29
2122,3125,846,266,2,3,3.3,"Good quality, reasonable price.",2023-07-28
2123,1118,1522,48,4,5,2.9,Will definitely recommend to friends.,2022-11-04
2124,3998,1768,173,3,4,2.9,"Average food, nothing special.",2023-06-24
2125,1232,330,413,5,2,2.8,"Very bad experience, food was cold.",2023-04-28
2126,642,842,269,5,1,4.8,Best biryani in the city!,2022-11-10
2127,2009,1828,37,3,1,4.3,"Good quality, reasonable price.",2023-10-03
2128,3312,582,255,3,2,2.1,Hygienic and tasty.,2022-10-18
2129,1808,316,210,4,3,4.6,"Too oily, not recommended.",2023-03-29
2130,208,1930,445,1,5,3.6,"Average food, nothing special.",2023-05-08
2131,1575,1643,32,1,2,2.3,Restaurant staff was helpful.,2023-04-03
2132,3521,596,224,4,3,3.5,Restaurant staff was helpful.,2023-03-17
2133,4306,304,217,2,2,3.6,Food was not as per menu description.,2022-03-02
2134,4581,1245,279,5,2,1.1,"Good quality, reasonable price.",2023-11-04
2135,2621,1491,96,4,2,4.4,"Fast delivery, fresh food.",2023-12-20
2136,4485,191,264,1,3,4.8,"Good quality, reasonable price.",2023-09-01
2137,1893,1795,450,2,4,3.8,"Decent food, average service.",2022-07-01
2138,3686,1274,202,5,5,2.6,Delivery was late but food was good.,2022-04-07
2139,4208,1910,147,2,3,2.1,Disappointed with the quality.,2022-09-03
2140,639,658,189,1,4,2.0,"Amazing food, will order again!",2023-10-01
2141,1420,610,481,1,5,1.8,Disappointed with the quality.,2023-04-10
2142,1829,1132,147,3,2,1.6,"Good quality, reasonable price.",2022-03-20
2143,3536,1021,296,5,3,4.5,"Very bad experience, food was cold.",2023-11-29
2144,1456,598,108,1,5,4.2,Food was not as per menu description.,2022-08-01
2145,830,1364,397,5,2,4.1,Hygienic and tasty.,2023-12-28
2146,1383,1176,384,1,2,2.1,One of my favourite restaurants.,2023-03-06
2147,4293,1355,354,2,1,1.8,"Amazing food, will order again!",2023-11-11
2148,4156,201,489,2,1,4.3,Best biryani in the city!,2023-10-20
2149,448,452,58,3,3,1.5,Will definitely recommend to friends.,2023-08-01
2150,1790,1897,354,2,5,2.1,Hygienic and tasty.,2023-06-10
2151,2622,897,74,1,1,4.8,Value for money.,2023-05-09
2152,2553,284,157,2,2,3.5,Delivery was late but food was good.,2023-06-16
2153,4250,153,482,4,5,3.3,Restaurant staff was helpful.,2022-09-14
2154,584,1194,115,5,5,4.9,"Decent food, average service.",2022-07-01
2155,1308,133,69,1,5,1.1,"Fast delivery, fresh food.",2022-11-05
2156,2838,23,436,3,4,1.6,Excellent taste and packaging.,2023-10-22
2157,3689,866,285,2,3,4.3,"Average food, nothing special.",2022-11-28
2158,3449,1261,122,1,3,2.1,"Amazing food, will order again!",2023-12-07
2159,1070,497,61,5,5,3.9,Loved the paneer dishes.,2022-06-02
2160,2164,1605,286,1,3,4.1,Excellent taste and packaging.,2022-10-13
2161,4463,1507,365,1,3,2.5,"Decent food, average service.",2023-03-19
2162,1013,598,89,2,1,3.1,Restaurant staff was helpful.,2022-03-09
2163,1231,806,32,3,1,1.3,Delivery was late but food was good.,2022-03-18
2164,4496,670,236,3,5,3.5,Will definitely recommend to friends.,2022-06-08
2165,3029,198,308,5,1,3.8,Excellent taste and packaging.,2022-05-30
2166,3194,1142,64,5,2,1.3,Portion size could be bigger.,2022-03-16
2167,2170,633,9,5,4,3.4,One of my favourite restaurants.,2022-04-26
2168,703,321,338,5,4,4.1,"Amazing food, will order again!",2023-03-12
2169,4459,1520,6,2,3,2.4,Portion size could be bigger.,2023-11-18
2170,3669,879,483,5,5,3.4,Excellent taste and packaging.,2022-05-31
2171,2173,425,68,5,3,3.5,"Too oily, not recommended.",2023-04-24
2172,3014,567,217,4,2,1.7,"Decent food, average service.",2023-12-02
2173,771,377,134,3,1,4.4,Will definitely recommend to friends.,2023-11-20
2174,1698,1718,57,3,2,1.2,"Good quality, reasonable price.",2022-08-24
2175,479,364,470,2,4,1.9,Will definitely recommend to friends.,2023-07-27
2176,4558,1831,27,5,4,4.8,Excellent taste and packaging.,2022-08-02
2177,1317,1787,49,1,3,2.3,"Too oily, not recommended.",2022-09-29
2178,884,1926,12,4,3,2.6,Hygienic and tasty.,2023-12-04
2179,3149,1121,19,1,5,4.3,Disappointed with the quality.,2023-02-24
2180,2867,877,198,3,4,1.8,Value for money.,2022-01-19
2181,628,751,70,2,3,3.5,"Very bad experience, food was cold.",2022-09-01
2182,4426,545,402,5,5,2.2,One of my favourite restaurants.,2022-03-24
2183,3741,1401,380,1,5,3.6,"Decent food, average service.",2023-02-26
2184,3925,435,141,2,2,2.5,Excellent taste and packaging.,2022-08-14
2185,3122,154,165,1,1,1.3,Hygienic and tasty.,2022-03-09
2186,2215,1445,72,5,2,2.0,"Amazing food, will order again!",2022-02-25
2187,1672,51,186,3,5,4.8,Delivery was late but food was good.,2023-11-21
2188,2977,1372,21,3,1,1.1,One of my favourite restaurants.,2023-07-12
2189,4188,382,351,5,2,4.7,Portion size could be bigger.,2023-02-11
2190,2252,346,238,2,5,1.1,Great ambience and service.,2023-04-18
2191,4020,609,157,5,3,4.9,Will definitely recommend to friends.,2023-10-11
2192,1129,425,283,1,5,3.0,"Average food, nothing special.",2023-01-19
2193,3490,1762,73,4,2,3.4,Restaurant staff was helpful.,2022-05-29
2194,720,1425,423,4,4,2.5,"Very bad experience, food was cold.",2023-02-05
2195,4741,1883,110,3,4,4.0,Best biryani in the city!,2023-09-26
2196,544,1007,313,5,3,2.4,"Good quality, reasonable price.",2022-02-02
2197,108,1622,325,5,3,4.7,Disappointed with the quality.,2023-01-09
2198,3420,568,322,5,2,4.2,Portion size could be bigger.,2022-02-26
2199,2219,235,479,1,5,2.0,"Fast delivery, fresh food.",2023-02-14
2200,1209,1031,446,1,5,2.6,"Decent food, average service.",2023-11-19
2201,3141,254,376,2,2,4.8,Food was not as per menu description.,2022-10-14
2202,2863,1436,300,3,4,4.2,"Average food, nothing special.",2022-01-20
2203,1416,1118,176,2,1,4.2,"Too oily, not recommended.",2023-12-15
2204,4766,1064,332,3,1,3.2,Portion size could be bigger.,2022-03-18
2205,768,1791,457,2,5,2.0,Food was not as per menu description.,2022-11-16
2206,2402,1010,494,5,5,3.8,"Good quality, reasonable price.",2023-08-06
2207,520,1572,165,1,3,3.7,Restaurant staff was helpful.,2022-02-01
2208,3817,744,104,1,1,1.8,"Good quality, reasonable price.",2023-12-07
2209,2898,1433,148,1,2,4.1,Disappointed with the quality.,2022-08-29
2210,3995,1489,171,5,3,3.4,Food was not as per menu description.,2023-11-08
2211,358,365,257,3,4,1.3,Portion size could be bigger.,2022-02-11
2212,216,759,140,3,2,1.2,"Average food, nothing special.",2023-03-07
2213,469,1555,202,3,1,2.0,"Too oily, not recommended.",2023-07-23
2214,4809,1870,218,2,1,2.2,"Decent food, average service.",2022-07-10
2215,2749,1640,327,3,4,1.5,Will definitely recommend to friends.,2023-12-11
2216,1494,82,250,5,4,1.8,"Fast delivery, fresh food.",2022-03-13
2217,4253,1581,237,2,4,1.6,"Average food, nothing special.",2023-04-14
2218,4573,1504,22,4,2,1.4,Excellent taste and packaging.,2023-11-01
2219,637,529,296,3,3,3.1,Disappointed with the quality.,2022-01-28
2220,2185,1446,399,2,4,4.4,Loved the paneer dishes.,2022-06-21
2221,2690,402,481,4,4,4.2,Hygienic and tasty.,2022-02-05
2222,519,1486,171,4,3,2.5,"Very bad experience, food was cold.",2022-11-19
2223,4886,516,187,4,5,4.8,Food was not as per menu description.,2023-07-09
2224,3458,56,158,1,1,4.3,"Good quality, reasonable price.",2023-06-19
2225,428,1245,159,4,3,4.8,Hygienic and tasty.,2022-08-04
2226,1468,1486,299,4,5,1.4,Delivery was late but food was good.,2022-12-01
2227,4058,1783,27,5,1,1.8,One of my favourite restaurants.,2023-08-21
2228,1737,1595,104,4,4,3.2,Loved the paneer dishes.,2022-06-09
2229,3326,972,243,4,3,4.1,Portion size could be bigger.,2023-12-23
2230,979,943,271,1,2,2.8,Disappointed with the quality.,2023-07-14
2231,4788,467,446,4,3,4.4,Value for money.,2022-05-07
2232,4853,1598,484,3,1,2.1,Portion size could be bigger.,2023-07-19
2233,2827,1912,54,4,1,4.5,Loved the paneer dishes.,2023-01-31
2234,1074,1777,376,3,1,2.1,Great ambience and service.,2022-08-12
2235,837,1522,454,3,3,3.4,Value for money.,2023-05-24
2236,3155,457,466,1,2,4.0,Value for money.,2023-02-09
2237,3889,550,207,4,4,3.8,Food was not as per menu description.,2022-07-27
2238,848,1412,236,4,5,3.3,Will definitely recommend to friends.,2022-07-14
2239,4044,914,18,3,2,1.7,"Decent food, average service.",2023-03-17
2240,2047,1859,141,5,4,1.3,Disappointed with the quality.,2023-09-16
2241,2147,853,301,2,3,2.0,Value for money.,2023-09-10
2242,590,910,386,5,3,4.4,Portion size could be bigger.,2022-05-06
2243,4705,957,52,5,2,4.8,"Average food, nothing special.",2022-07-28
2244,2364,1414,57,2,4,1.2,Disappointed with the quality.,2022-08-29
2245,2571,648,404,3,5,2.3,Food was not as per menu description.,2023-10-23
2246,595,206,219,3,5,4.7,Excellent taste and packaging.,2022-03-03
2247,2352,823,408,3,3,1.7,Delivery was late but food was good.,2022-03-07
2248,360,219,218,5,5,4.3,Excellent taste and packaging.,2023-08-02
2249,2493,105,51,4,4,3.6,Restaurant staff was helpful.,2022-06-02
2250,2091,1362,253,3,1,2.3,"Very bad experience, food was cold.",2022-05-28
2251,3417,1339,463,5,5,3.6,Will definitely recommend to friends.,2023-09-29
2252,1314,1523,39,3,3,2.1,Excellent taste and packaging.,2023-10-10
2253,1993,859,35,5,1,4.8,Restaurant staff was helpful.,2022-04-05
2254,456,1849,84,2,3,2.1,Great ambience and service.,2023-07-16
2255,4453,1446,56,5,3,1.6,"Fast delivery, fresh food.",2022-02-16
2256,2343,431,75,2,3,1.6,Hygienic and tasty.,2023-09-18
2257,566,1173,119,1,1,2.9,Excellent taste and packaging.,2022-04-18
2258,969,421,313,3,5,2.1,Value for money.,2023-07-03
2259,3865,1390,292,5,4,1.3,"Amazing food, will order again!",2022-01-07
2260,3480,274,131,4,3,3.3,Will definitely recommend to friends.,2023-08-30
2261,552,1479,452,1,3,2.0,"Good quality, reasonable price.",2023-10-05
2262,1676,1010,156,3,5,2.2,Excellent taste and packaging.,2022-06-22
2263,973,1556,24,2,3,2.5,Value for money.,2022-06-09
2264,4416,775,67,3,3,1.7,Best biryani in the city!,2022-01-21
2265,3602,491,234,2,4,3.9,Excellent taste and packaging.,2022-11-22
2266,376,1487,376,3,5,4.6,Disappointed with the quality.,2022-03-27
2267,4030,1213,349,3,5,2.7,"Good quality, reasonable price.",2022-05-11
2268,4701,1273,424,5,1,2.5,Value for money.,2023-12-22
2269,1298,360,176,2,4,1.1,Best biryani in the city!,2022-12-16
2270,615,1554,468,1,4,2.9,Food was not as per menu description.,2022-09-22
2271,3606,1899,109,2,5,1.3,Restaurant staff was helpful.,2023-09-03
2272,4872,1934,440,1,2,4.6,"Too oily, not recommended.",2022-11-24
2273,3763,272,208,3,2,4.5,Value for money.,2022-03-22
2274,3997,952,14,1,1,3.2,Great ambience and service.,2023-09-28
2275,3812,1172,29,5,3,3.2,"Good quality, reasonable price.",2023-08-27
2276,2220,979,434,4,3,1.0,Loved the paneer dishes.,2023-04-28
2277,1187,1419,123,4,2,3.6,"Average food, nothing special.",2023-12-05
2278,439,1667,423,4,2,1.5,"Fast delivery, fresh food.",2022-01-07
2279,990,921,116,1,3,3.2,"Decent food, average service.",2023-02-24
2280,4055,889,311,4,4,4.7,One of my favourite restaurants.,2023-09-17
2281,3953,955,495,1,1,1.7,Disappointed with the quality.,2022-04-13
2282,4439,591,276,5,3,2.9,"Amazing food, will order again!",2023-03-09
2283,1729,659,410,5,1,4.1,Best biryani in the city!,2023-03-27
2284,422,1500,136,5,1,1.7,Portion size could be bigger.,2022-07-24
2285,4892,1960,498,5,5,4.5,Great ambience and service.,2022-04-01
2286,3065,1759,149,3,5,3.0,"Good quality, reasonable price.",2022-08-10
2287,3102,1718,251,5,2,1.9,Disappointed with the quality.,2023-01-24
2288,598,160,204,1,1,4.0,"Average food, nothing special.",2023-02-03
2289,1879,1222,139,1,4,1.5,Excellent taste and packaging.,2022-04-17
2290,4104,1817,426,1,3,3.5,Disappointed with the quality.,2022-03-30
2291,4729,113,3,2,1,4.9,Restaurant staff was helpful.,2023-06-14
2292,2990,399,123,5,1,4.5,Excellent taste and packaging.,2022-11-29
2293,267,1456,16,4,2,2.6,"Average food, nothing special.",2022-02-14
2294,589,1650,93,5,1,4.5,Portion size could be bigger.,2022-08-03
2295,1100,1956,206,4,1,4.2,Loved the paneer dishes.,2022-03-13
2296,752,872,256,2,4,2.2,Portion size could be bigger.,2023-03-29
2297,4480,859,362,3,4,4.6,"Amazing food, will order again!",2022-03-29
2298,3365,728,487,4,4,4.4,Great ambience and service.,2023-10-04
2299,1547,179,276,1,2,1.3,"Fast delivery, fresh food.",2023-02-25
2300,4406,1961,206,3,5,4.0,Portion size could be bigger.,2023-08-21
2301,3252,1208,29,4,3,4.7,Hygienic and tasty.,2022-02-13
2302,1689,1977,56,1,3,4.5,"Very bad experience, food was cold.",2023-03-14
2303,3482,691,336,3,5,1.8,Great ambience and service.,2023-05-18
2304,4906,1590,194,1,3,1.8,Best biryani in the city!,2023-08-04
2305,2951,1794,152,4,5,1.8,"Amazing food, will order again!",2023-08-31
2306,551,625,288,3,5,2.9,Portion size could be bigger.,2022-11-25
2307,3079,331,372,2,1,2.0,Great ambience and service.,2023-06-02
2308,3682,385,145,2,4,1.8,"Decent food, average service.",2022-05-19
2309,4866,1849,461,3,4,1.9,"Very bad experience, food was cold.",2023-09-15
2310,3542,1332,167,3,1,1.5,Value for money.,2023-09-22
2311,3216,788,301,3,3,3.0,"Fast delivery, fresh food.",2023-06-25
2312,748,789,211,5,4,4.0,"Decent food, average service.",2023-11-07
2313,1766,1617,137,1,3,1.1,"Very bad experience, food was cold.",2022-11-13
2314,3593,965,75,1,5,4.4,Hygienic and tasty.,2023-12-18
2315,2659,422,495,5,2,3.5,"Too oily, not recommended.",2022-08-19
2316,2184,1661,206,3,3,3.1,"Too oily, not recommended.",2022-08-06
2317,3766,1657,472,3,1,4.1,Food was not as per menu description.,2023-12-17
2318,3242,1270,214,4,4,2.9,Hygienic and tasty.,2023-04-01
2319,2048,782,275,3,1,4.2,"Very bad experience, food was cold.",2023-09-22
2320,2532,520,231,5,5,4.4,Food was not as per menu description.,2023-05-31
2321,4761,1541,347,1,3,2.9,Hygienic and tasty.,2022-12-23
2322,2708,1236,473,2,3,3.7,"Good quality, reasonable price.",2022-06-24
2323,4896,1122,401,3,3,1.6,Excellent taste and packaging.,2022-09-19
2324,1598,1181,200,3,2,2.3,Disappointed with the quality.,2022-12-08
2325,1066,1883,385,5,1,2.0,"Decent food, average service.",2023-11-29
2326,3494,789,253,4,5,1.6,"Amazing food, will order again!",2023-11-24
2327,3670,1652,322,3,5,2.2,"Fast delivery, fresh food.",2022-10-20
2328,3914,19,500,1,3,3.8,"Good quality, reasonable price.",2023-08-14
2329,1091,1530,242,3,3,1.9,Will definitely recommend to friends.,2022-04-20
2330,224,223,233,3,5,3.4,Portion size could be bigger.,2023-09-11
2331,2547,423,391,1,3,2.3,Excellent taste and packaging.,2023-06-20
2332,2483,1662,35,2,4,3.4,Value for money.,2022-01-25
2333,511,427,129,5,3,2.7,"Average food, nothing special.",2023-12-14
2334,4394,805,121,3,5,1.2,"Very bad experience, food was cold.",2023-01-20
2335,287,824,388,3,3,2.7,"Very bad experience, food was cold.",2022-09-16
2336,1642,360,42,2,4,2.0,"Amazing food, will order again!",2022-01-11
2337,2471,1291,282,3,5,2.3,"Very bad experience, food was cold.",2023-10-26
2338,4591,880,277,3,3,3.9,"Fast delivery, fresh food.",2023-08-19
2339,418,1680,194,4,1,2.6,Loved the paneer dishes.,2022-03-10
2340,3170,1530,419,2,5,3.3,"Average food, nothing special.",2023-01-07
2341,251,819,294,2,5,1.0,One of my favourite restaurants.,2022-10-02
2342,2612,1200,32,3,5,1.7,Excellent taste and packaging.,2022-03-22
2343,1230,1006,72,2,1,4.5,"Fast delivery, fresh food.",2022-09-17
2344,3733,1661,41,4,3,4.0,Delivery was late but food was good.,2022-01-22
2345,619,122,315,3,1,4.4,One of my favourite restaurants.,2022-10-23
2346,3916,1504,204,4,5,1.7,Will definitely recommend to friends.,2023-08-18
2347,2066,853,415,5,4,2.7,Will definitely recommend to friends.,2022-02-25
2348,964,741,63,1,4,1.9,Restaurant staff was helpful.,2022-04-02
2349,1159,1430,212,4,4,4.2,"Amazing food, will order again!",2023-11-24
2350,2457,1379,253,2,5,1.9,"Amazing food, will order again!",2022-05-29
2351,281,166,372,3,4,3.9,Value for money.,2023-10-30
2352,1884,394,481,3,2,2.0,Excellent taste and packaging.,2022-12-29
2353,3677,98,248,5,1,1.6,Best biryani in the city!,2024-01-02
2354,944,1869,243,3,2,3.6,Delivery was late but food was good.,2023-01-09
2355,1702,1941,177,1,2,1.4,Excellent taste and packaging.,2022-09-17
2356,1395,1806,228,2,5,2.5,"Average food, nothing special.",2022-12-16
2357,2502,235,372,5,5,3.5,One of my favourite restaurants.,2023-04-06
2358,3461,577,243,3,3,1.3,Excellent taste and packaging.,2022-11-30
2359,4191,114,111,1,3,1.4,Hygienic and tasty.,2023-01-17
2360,4029,1507,327,1,5,3.8,Restaurant staff was helpful.,2022-12-15
2361,1271,92,442,3,1,2.9,"Decent food, average service.",2022-02-04
2362,4950,423,328,1,3,3.4,"Good quality, reasonable price.",2023-02-16
2363,4703,237,65,4,5,4.6,Best biryani in the city!,2023-09-21
2364,1757,220,465,1,1,4.4,"Amazing food, will order again!",2023-05-16
2365,3966,990,483,5,4,2.0,Value for money.,2022-05-20
2366,2051,876,400,1,1,2.1,"Too oily, not recommended.",2022-08-31
2367,4470,1915,127,3,1,2.5,Value for money.,2022-08-28
2368,4210,1776,131,3,3,4.3,Value for money.,2022-08-26
2369,3678,837,93,2,2,1.9,Disappointed with the quality.,2022-12-18
2370,3018,1698,470,5,3,2.7,Best biryani in the city!,2022-08-13
2371,3591,1438,380,4,1,2.4,"Decent food, average service.",2022-03-14
2372,4708,997,419,2,3,4.2,Portion size could be bigger.,2022-05-01
2373,1601,926,234,2,2,1.8,Will definitely recommend to friends.,2022-12-21
2374,3786,230,298,5,5,3.4,Loved the paneer dishes.,2023-12-04
2375,2562,1508,259,5,1,3.2,Will definitely recommend to friends.,2022-10-14
2376,3667,1447,257,1,4,3.4,Hygienic and tasty.,2023-12-14
2377,4455,1559,47,3,5,3.8,"Too oily, not recommended.",2022-12-13
2378,4101,1482,210,5,1,4.9,Portion size could be bigger.,2023-02-26
2379,3867,1685,185,1,5,4.8,Restaurant staff was helpful.,2022-09-08
2380,1722,1509,116,4,5,1.2,Excellent taste and packaging.,2022-09-11
2381,2876,1505,98,4,2,3.2,Will definitely recommend to friends.,2022-04-12
2382,686,875,495,1,2,3.0,"Fast delivery, fresh food.",2022-09-21
2383,4417,1586,390,4,2,5.0,Disappointed with the quality.,2022-03-28
2384,2781,577,132,2,1,4.4,Disappointed with the quality.,2022-03-07
2385,612,1731,226,1,5,2.7,Food was not as per menu description.,2023-09-16
2386,2958,812,421,2,2,3.7,Hygienic and tasty.,2022-12-06
2387,4282,527,11,5,4,2.5,Hygienic and tasty.,2022-08-25
2388,1990,1028,339,2,2,4.9,"Average food, nothing special.",2022-11-24
2389,50,926,138,3,4,4.4,Loved the paneer dishes.,2022-01-08
2390,1376,1181,92,4,3,3.1,Value for money.,2023-11-20
2391,372,570,404,1,4,4.5,"Amazing food, will order again!",2022-02-22
2392,1325,1718,201,2,1,4.0,"Too oily, not recommended.",2023-10-25
2393,1561,883,52,1,3,4.2,Excellent taste and packaging.,2023-04-10
2394,3783,69,154,1,1,3.7,Excellent taste and packaging.,2023-07-14
2395,1307,388,42,4,3,3.1,"Decent food, average service.",2023-08-03
2396,4773,717,499,4,5,4.5,"Decent food, average service.",2023-08-29
2397,199,1534,246,1,3,1.4,"Good quality, reasonable price.",2023-03-02
2398,75,652,252,2,2,2.3,Best biryani in the city!,2022-05-01
2399,341,975,199,1,1,4.1,Loved the paneer dishes.,2022-10-06
2400,4158,1032,362,3,3,1.0,"Good quality, reasonable price.",2022-07-01
2401,1489,779,232,5,3,3.6,Best biryani in the city!,2022-07-16
2402,2063,1030,221,3,5,2.3,Loved the paneer dishes.,2022-01-24
2403,2393,62,287,1,1,2.2,"Average food, nothing special.",2022-12-20
2404,939,1348,213,3,5,3.0,Restaurant staff was helpful.,2023-09-27
2405,1799,530,39,1,5,4.4,Excellent taste and packaging.,2022-11-11
2406,3130,339,26,2,1,3.5,Great ambience and service.,2022-04-01
2407,1533,447,201,1,5,3.9,"Very bad experience, food was cold.",2023-02-03
2408,4782,1267,492,4,2,1.6,"Too oily, not recommended.",2022-09-29
2409,348,1986,14,1,2,3.9,Hygienic and tasty.,2022-03-11
2410,2556,695,287,2,3,4.8,One of my favourite restaurants.,2023-02-06
2411,2187,437,293,4,5,2.3,Will definitely recommend to friends.,2022-09-22
2412,66,1669,115,2,1,2.2,Delivery was late but food was good.,2022-06-23
2413,2541,38,348,1,3,1.5,Loved the paneer dishes.,2022-01-06
2414,2298,1715,168,4,1,1.4,One of my favourite restaurants.,2023-01-02
2415,1419,1899,308,1,4,4.1,"Decent food, average service.",2023-05-05
2416,3339,124,163,3,1,3.2,Best biryani in the city!,2022-05-11
2417,4742,304,337,5,4,2.5,Delivery was late but food was good.,2023-10-17
2418,4435,525,346,2,5,1.5,Food was not as per menu description.,2023-01-11
2419,356,1052,321,3,4,3.0,Best biryani in the city!,2022-12-17
2420,3725,1832,334,4,1,4.7,Delivery was late but food was good.,2023-04-26
2421,1930,10,457,2,1,3.5,Portion size could be bigger.,2022-08-14
2422,3330,605,52,2,5,1.9,Hygienic and tasty.,2023-01-01
2423,2304,89,320,3,2,2.4,Value for money.,2022-10-20
2424,1312,654,429,5,3,1.6,Food was not as per menu description.,2022-10-04
2425,763,1108,467,3,4,2.8,Will definitely recommend to friends.,2022-12-18
2426,2912,1182,249,4,4,3.6,Food was not as per menu description.,2023-11-28
2427,575,458,423,3,4,5.0,Excellent taste and packaging.,2023-06-06
2428,181,1566,213,1,3,3.2,Restaurant staff was helpful.,2022-11-06
2429,2968,770,449,2,3,4.3,"Average food, nothing special.",2022-05-15
2430,4402,1224,363,3,5,2.9,"Average food, nothing special.",2023-12-15
2431,4618,1508,363,4,2,2.9,Best biryani in the city!,2022-11-07
2432,2241,1836,77,1,3,1.6,Will definitely recommend to friends.,2022-08-21
2433,2023,940,157,3,3,1.6,Loved the paneer dishes.,2023-12-05
2434,729,1853,329,4,4,3.0,"Very bad experience, food was cold.",2023-05-29
2435,1174,1609,9,2,2,4.2,Portion size could be bigger.,2022-01-23
2436,4238,431,433,5,5,2.9,Excellent taste and packaging.,2022-08-01
2437,238,1801,415,2,3,4.3,Excellent taste and packaging.,2023-07-21
2438,487,336,17,4,2,2.9,"Good quality, reasonable price.",2022-10-22
2439,4081,884,45,1,3,4.0,Food was not as per menu description.,2022-11-03
2440,4038,177,339,2,3,4.7,Excellent taste and packaging.,2022-12-22
2441,3160,1970,42,3,3,4.0,One of my favourite restaurants.,2023-09-28
2442,4672,1153,458,5,3,2.2,Will definitely recommend to friends.,2023-02-25
2443,556,1370,72,1,4,3.8,Food was not as per menu description.,2023-10-14
2444,3311,1421,367,2,4,4.2,"Good quality, reasonable price.",2023-01-08
2445,557,24,389,5,3,3.6,"Average food, nothing special.",2022-06-17
2446,3946,1112,93,4,5,3.1,"Fast delivery, fresh food.",2022-01-11
2447,991,1067,141,1,3,2.3,Loved the paneer dishes.,2023-04-05
2448,3526,1842,299,3,3,3.8,Will definitely recommend to friends.,2023-06-29
2449,1016,1333,76,1,4,1.3,Will definitely recommend to friends.,2022-10-09
2450,2597,1640,172,5,2,3.1,Food was not as per menu description.,2022-02-24
2451,1181,108,146,3,5,2.9,Best biryani in the city!,2023-05-15
2452,4487,971,326,2,4,2.7,Portion size could be bigger.,2022-10-17
2453,1433,1995,323,1,2,3.7,"Decent food, average service.",2023-02-20
2454,2057,1101,144,2,3,2.8,Disappointed with the quality.,2022-01-18
2455,4502,1547,209,4,3,1.7,Will definitely recommend to friends.,2023-02-20
2456,52,1287,354,4,4,4.0,Food was not as per menu description.,2023-09-21
2457,1881,1285,37,1,4,4.8,Portion size could be bigger.,2023-01-02
2458,2115,1427,492,5,5,1.4,One of my favourite restaurants.,2022-05-24
2459,3964,486,168,1,5,3.2,Restaurant staff was helpful.,2023-07-04
2460,2720,1938,51,3,3,1.9,"Fast delivery, fresh food.",2022-10-25
2461,1857,311,295,1,4,2.6,Will definitely recommend to friends.,2023-03-26
2462,3648,1934,269,2,3,1.5,Value for money.,2022-08-06
2463,3863,647,65,2,3,3.7,One of my favourite restaurants.,2023-07-17
2464,857,1650,243,1,2,1.2,Food was not as per menu description.,2022-08-03
2465,4650,751,134,4,5,3.7,Excellent taste and packaging.,2022-01-31
2466,2420,1071,298,2,3,3.6,"Average food, nothing special.",2022-02-11
2467,409,1772,310,1,3,4.7,Great ambience and service.,2022-04-26
2468,59,1643,312,5,1,2.2,Loved the paneer dishes.,2022-08-26
2469,3590,242,273,5,3,4.7,Great ambience and service.,2022-07-05
2470,4240,1258,280,5,5,2.7,Portion size could be bigger.,2023-07-03
2471,2566,398,323,2,1,1.9,Best biryani in the city!,2022-09-27
2472,1149,827,7,1,5,1.5,"Too oily, not recommended.",2023-09-05
2473,3182,1307,78,2,2,4.9,Disappointed with the quality.,2022-11-06
2474,3900,1545,209,3,2,4.4,Hygienic and tasty.,2022-06-27
2475,2121,1889,415,3,5,4.3,Excellent taste and packaging.,2022-11-27
2476,4364,1667,279,2,1,3.3,"Very bad experience, food was cold.",2022-09-16
2477,494,630,347,4,2,3.3,Restaurant staff was helpful.,2022-06-27
2478,3780,982,222,5,3,2.1,Excellent taste and packaging.,2023-07-19
2479,1523,508,101,1,1,1.4,"Average food, nothing special.",2022-03-21
2480,731,910,227,5,4,3.9,"Fast delivery, fresh food.",2022-07-24
2481,623,1113,1,4,2,3.3,Great ambience and service.,2023-05-29
2482,829,61,481,5,3,4.3,Value for money.,2023-01-03
2483,4192,1484,325,5,5,4.9,Great ambience and service.,2022-11-26
2484,3720,376,376,3,4,3.6,"Decent food, average service.",2022-03-30
2485,3862,1781,480,3,2,3.4,"Average food, nothing special.",2023-05-02
2486,4447,371,208,4,1,2.0,"Good quality, reasonable price.",2023-12-30
2487,1200,1856,162,3,3,3.7,Food was not as per menu description.,2022-05-06
2488,3447,104,156,4,5,2.0,Great ambience and service.,2022-06-01
2489,4512,1060,498,3,3,3.6,Will definitely recommend to friends.,2023-04-28
2490,463,80,291,1,3,1.2,"Average food, nothing special.",2022-11-12
2491,3917,559,183,1,2,1.7,Disappointed with the quality.,2023-05-23
2492,2895,1611,25,5,2,3.1,Will definitely recommend to friends.,2023-04-24
2493,4649,104,323,2,3,1.3,Best biryani in the city!,2022-10-12
2494,3026,1892,316,2,2,2.4,Food was not as per menu description.,2023-04-26
2495,2574,89,83,2,3,3.1,"Average food, nothing special.",2023-09-23
2496,4200,368,76,1,4,3.9,"Average food, nothing special.",2022-06-24
2497,179,580,492,1,3,4.2,"Too oily, not recommended.",2022-12-29
2498,1639,1009,347,4,1,2.3,"Good quality, reasonable price.",2022-03-04
2499,1347,1270,51,1,3,2.6,Portion size could be bigger.,2023-01-09
2500,2046,315,353,4,3,2.3,Restaurant staff was helpful.,2022-05-10
2501,3211,1828,359,2,2,3.4,"Average food, nothing special.",2023-05-17
2502,4826,1839,17,4,3,3.5,Delivery was late but food was good.,2023-04-28
2503,631,193,400,5,3,2.3,Great ambience and service.,2022-01-23
2504,1861,1412,492,4,5,3.3,Will definitely recommend to friends.,2023-01-28
2505,1386,572,289,2,2,3.8,Portion size could be bigger.,2023-03-23
2506,4820,722,147,5,1,3.5,Disappointed with the quality.,2023-07-02
2507,1938,286,304,4,2,2.2,Great ambience and service.,2022-06-02
2508,1334,1000,410,5,3,4.0,Loved the paneer dishes.,2023-08-19
2509,4963,184,178,3,4,1.7,One of my favourite restaurants.,2023-09-29
2510,3690,718,117,5,2,4.6,Best biryani in the city!,2023-07-27
2511,548,148,257,1,2,2.8,Best biryani in the city!,2022-01-05
2512,1848,290,467,5,4,2.8,Restaurant staff was helpful.,2022-10-27
2513,2369,1488,251,1,1,4.2,Value for money.,2022-06-22
2514,1817,1723,151,4,2,1.1,Great ambience and service.,2023-04-14
2515,921,586,11,2,5,3.5,Disappointed with the quality.,2023-08-04
2516,1849,1908,411,5,1,3.9,"Good quality, reasonable price.",2022-06-24
2517,2360,792,391,1,4,2.8,One of my favourite restaurants.,2022-12-27
2518,1772,1887,70,5,5,2.2,"Too oily, not recommended.",2023-11-12
2519,1288,1405,76,3,4,1.2,Great ambience and service.,2023-10-16
2520,4690,1032,348,4,3,1.8,Best biryani in the city!,2023-12-25
2521,395,1555,30,1,5,3.9,Hygienic and tasty.,2023-07-07
2522,12,1311,110,3,4,1.4,Delivery was late but food was good.,2023-11-06
2523,2011,1639,393,4,5,1.4,Disappointed with the quality.,2023-04-22
2524,1614,292,391,3,4,4.1,Portion size could be bigger.,2022-07-04
2525,1527,550,396,2,5,3.9,One of my favourite restaurants.,2022-03-30
2526,3321,121,220,3,5,3.5,Food was not as per menu description.,2022-08-04
2527,4120,1077,337,3,1,2.3,Portion size could be bigger.,2022-08-13
2528,3271,518,494,3,2,2.2,Disappointed with the quality.,2023-03-20
2529,3280,1487,249,4,4,1.6,Food was not as per menu description.,2023-06-21
2530,1253,1671,291,1,3,1.5,Portion size could be bigger.,2023-03-23
2531,131,1271,241,4,4,1.3,Value for money.,2023-01-06
2532,4019,222,491,4,3,4.4,"Good quality, reasonable price.",2022-10-10
2533,2467,1397,403,1,3,2.1,"Very bad experience, food was cold.",2023-11-07
2534,1012,606,53,2,2,2.5,Hygienic and tasty.,2023-10-05
2535,3883,1414,485,2,4,3.4,"Average food, nothing special.",2023-09-05
2536,4588,1173,341,2,4,3.9,Best biryani in the city!,2022-01-18
2537,1045,685,113,5,1,4.6,Disappointed with the quality.,2022-06-20
2538,931,1975,78,2,1,4.3,Will definitely recommend to friends.,2023-05-23
2539,3645,1712,121,2,1,2.7,Food was not as per menu description.,2023-04-07
2540,3660,105,26,5,3,4.6,"Very bad experience, food was cold.",2023-07-24
2541,2249,1948,233,4,5,4.2,Portion size could be bigger.,2023-01-09
2542,3738,1225,275,3,3,4.2,Portion size could be bigger.,2023-12-02
2543,3687,1722,20,1,3,4.9,"Good quality, reasonable price.",2023-10-22
2544,693,1367,147,2,4,4.7,Best biryani in the city!,2023-01-13
2545,2776,1011,121,3,4,2.1,"Fast delivery, fresh food.",2023-07-14
2546,146,1956,389,2,1,1.5,Portion size could be bigger.,2022-07-05
2547,3434,1574,130,3,3,3.7,Great ambience and service.,2023-06-04
2548,1553,65,339,3,1,3.8,"Decent food, average service.",2023-07-27
2549,330,371,144,2,4,4.9,Will definitely recommend to friends.,2022-10-08
2550,421,1727,203,2,1,3.0,Disappointed with the quality.,2022-04-02
2551,4325,1666,89,1,1,3.7,Value for money.,2022-12-19
2552,956,1458,387,2,3,3.6,"Too oily, not recommended.",2023-03-19
2553,3148,464,183,2,5,3.0,Disappointed with the quality.,2022-06-04
2554,3471,1505,103,4,5,1.8,"Average food, nothing special.",2022-10-23
2555,4604,356,276,4,2,3.6,One of my favourite restaurants.,2023-08-01
2556,1979,87,449,2,2,4.9,"Average food, nothing special.",2022-12-29
2557,218,1083,402,4,4,4.3,"Decent food, average service.",2022-05-28
2558,2773,95,61,5,4,4.7,Value for money.,2022-01-02
2559,4087,1478,274,3,1,4.5,"Decent food, average service.",2022-04-19
2560,3985,1626,251,5,2,2.3,Excellent taste and packaging.,2022-04-10
2561,2804,1959,71,5,2,3.4,Restaurant staff was helpful.,2023-06-11
2562,2650,337,341,1,2,1.4,Portion size could be bigger.,2023-02-23
2563,1995,1875,441,5,1,4.9,Value for money.,2022-09-22
2564,286,726,57,2,4,1.4,Hygienic and tasty.,2023-05-26
2565,2159,717,280,3,3,3.7,"Decent food, average service.",2022-03-08
2566,542,1235,16,4,4,1.1,"Too oily, not recommended.",2023-01-31
2567,2530,1658,201,2,1,3.9,Delivery was late but food was good.,2022-08-07
2568,4839,361,18,4,1,4.3,"Very bad experience, food was cold.",2023-11-23
2569,263,1427,389,2,3,2.4,"Decent food, average service.",2023-11-15
2570,3607,1009,425,3,4,3.7,Disappointed with the quality.,2023-11-24
2571,2587,1591,318,2,4,1.0,Best biryani in the city!,2023-02-09
2572,3611,343,311,4,1,1.1,Portion size could be bigger.,2023-05-14
2573,3637,34,112,2,1,4.1,Delivery was late but food was good.,2023-05-21
2574,4449,1198,151,4,4,1.8,"Decent food, average service.",2023-04-22
2575,4016,1048,370,1,4,4.2,Will definitely recommend to friends.,2023-11-18
2576,2075,919,364,3,3,1.4,"Average food, nothing special.",2023-03-13
2577,2599,1927,2,5,3,1.4,"Too oily, not recommended.",2023-01-24
2578,4062,443,309,4,5,4.4,Delivery was late but food was good.,2023-08-24
2579,4768,180,136,3,1,4.6,Delivery was late but food was good.,2023-09-25
2580,2662,1000,340,4,4,3.6,"Fast delivery, fresh food.",2023-11-05
2581,949,443,213,2,2,1.1,Hygienic and tasty.,2023-07-29
2582,23,1565,223,2,2,2.8,Great ambience and service.,2023-12-26
2583,1843,805,212,1,1,3.3,Great ambience and service.,2022-02-02
2584,1279,344,361,4,3,3.0,Great ambience and service.,2023-09-25
2585,497,1641,142,2,1,1.5,Will definitely recommend to friends.,2022-02-09
2586,1040,1406,193,4,2,2.8,One of my favourite restaurants.,2022-02-27
2587,1645,206,54,1,5,1.1,One of my favourite restaurants.,2023-07-11
2588,2203,419,41,1,5,1.2,One of my favourite restaurants.,2022-02-28
2589,4421,1226,240,4,1,3.8,Value for money.,2022-09-13
2590,4687,1180,389,2,5,2.9,"Too oily, not recommended.",2022-05-12
2591,4824,392,209,3,4,2.2,Food was not as per menu description.,2022-11-04
2592,2828,967,123,1,4,4.8,Value for money.,2023-05-30
2593,1410,306,309,3,3,1.9,Great ambience and service.,2022-07-25
2594,1125,1485,278,3,4,3.5,Food was not as per menu description.,2022-12-24
2595,1254,1289,471,5,1,3.5,Restaurant staff was helpful.,2022-10-29
2596,4961,1965,20,4,3,1.0,Best biryani in the city!,2023-06-09
2597,4970,1718,395,4,2,2.8,One of my favourite restaurants.,2023-06-29
2598,3991,1864,467,1,1,3.9,Best biryani in the city!,2022-03-29
2599,2347,720,105,4,4,1.4,Restaurant staff was helpful.,2023-05-12
2600,361,915,139,4,2,2.1,Delivery was late but food was good.,2022-02-26
2601,4843,36,53,5,3,1.7,Restaurant staff was helpful.,2022-06-05
2602,760,868,227,5,4,2.4,Portion size could be bigger.,2023-03-13
2603,2691,1005,72,4,5,3.9,"Too oily, not recommended.",2022-10-03
2604,370,1305,208,5,4,4.5,Disappointed with the quality.,2023-03-21
2605,3496,154,425,3,4,2.7,Best biryani in the city!,2022-04-06
2606,2890,1243,411,3,4,4.7,Delivery was late but food was good.,2022-02-14
2607,302,264,405,3,1,3.5,Value for money.,2023-09-23
2608,2318,343,148,3,4,2.7,Value for money.,2023-06-30
2609,1336,1986,172,5,4,2.4,"Average food, nothing special.",2022-03-14
2610,558,513,258,4,2,3.0,Great ambience and service.,2023-05-12
2611,1910,593,65,2,1,1.5,Great ambience and service.,2022-10-18
2612,821,1188,23,1,2,3.0,"Fast delivery, fresh food.",2022-07-17
2613,99,1551,253,2,4,2.7,"Very bad experience, food was cold.",2022-07-11
2614,4765,850,70,5,5,3.4,Hygienic and tasty.,2023-08-08
2615,657,460,96,2,2,3.5,Restaurant staff was helpful.,2023-04-02
2616,2705,1483,289,3,5,4.9,Restaurant staff was helpful.,2023-05-07
2617,1027,1317,170,4,5,3.9,Portion size could be bigger.,2023-10-28
2618,2116,1140,372,3,1,1.7,"Good quality, reasonable price.",2022-06-12
2619,1224,979,121,1,3,2.4,Loved the paneer dishes.,2022-03-25
2620,602,1989,74,3,3,3.0,Loved the paneer dishes.,2022-10-26
2621,1522,840,18,1,5,4.8,"Too oily, not recommended.",2023-02-12
2622,2332,68,239,5,3,3.6,Hygienic and tasty.,2022-09-16
2623,1620,868,436,2,5,3.2,Excellent taste and packaging.,2022-02-25
2624,3681,142,31,3,5,2.0,"Amazing food, will order again!",2023-08-31
2625,1691,1537,128,3,1,4.9,Hygienic and tasty.,2023-02-26
2626,1208,1961,260,2,3,1.3,Delivery was late but food was good.,2022-09-09
2627,3328,1232,454,5,2,2.7,Great ambience and service.,2022-02-12
2628,2322,215,153,5,1,2.4,"Decent food, average service.",2023-07-29
2629,3097,787,342,2,1,3.7,"Very bad experience, food was cold.",2022-07-08
2630,3101,41,133,5,2,1.4,Food was not as per menu description.,2022-03-27
2631,4608,1665,327,1,1,5.0,Delivery was late but food was good.,2022-06-21
2632,4538,1956,240,3,2,3.7,"Good quality, reasonable price.",2023-07-23
2633,4264,1354,472,5,4,4.8,"Good quality, reasonable price.",2023-12-15
2634,1186,1195,201,5,5,4.4,Great ambience and service.,2023-06-15
2635,225,1153,123,3,4,1.3,Will definitely recommend to friends.,2022-03-02
2636,128,1913,197,5,1,3.3,"Good quality, reasonable price.",2022-12-18
2637,1041,804,335,4,2,3.2,Great ambience and service.,2023-04-19
2638,3005,1464,482,1,3,5.0,Restaurant staff was helpful.,2023-01-20
2639,3564,638,182,3,2,4.7,"Very bad experience, food was cold.",2022-11-17
2640,1699,1163,196,3,2,4.4,Loved the paneer dishes.,2022-05-06
2641,2637,584,216,2,3,2.6,"Very bad experience, food was cold.",2023-12-15
2642,1179,901,311,5,5,3.0,Excellent taste and packaging.,2022-07-10
2643,2131,781,7,5,3,1.1,Great ambience and service.,2023-07-09
2644,1235,1195,390,1,5,3.5,"Too oily, not recommended.",2023-07-07
2645,3629,1755,110,1,3,4.7,Restaurant staff was helpful.,2022-09-11
2646,3411,453,324,2,1,1.8,Portion size could be bigger.,2022-06-05
2647,871,612,66,2,4,2.9,Food was not as per menu description.,2022-09-08
2648,1305,1175,395,2,5,2.9,Great ambience and service.,2023-10-14
2649,3993,1776,30,2,3,2.6,Portion size could be bigger.,2023-11-25
2650,2143,508,285,3,1,4.2,Excellent taste and packaging.,2022-08-29
2651,88,1070,66,5,2,2.4,Excellent taste and packaging.,2023-05-11
2652,2016,370,118,4,5,3.7,Excellent taste and packaging.,2023-11-10
2653,1144,390,232,3,1,2.1,Disappointed with the quality.,2023-06-17
2654,4767,1577,92,3,1,3.1,Delivery was late but food was good.,2023-01-05
2655,257,512,292,1,1,3.7,"Good quality, reasonable price.",2022-09-12
2656,2805,678,43,2,3,3.9,"Average food, nothing special.",2022-09-30
2657,4882,900,162,1,5,4.7,One of my favourite restaurants.,2022-12-29
2658,2783,61,345,5,2,3.7,Hygienic and tasty.,2023-02-01
2659,948,801,303,3,5,3.7,Loved the paneer dishes.,2023-11-20
2660,4316,1683,183,1,3,4.0,"Average food, nothing special.",2022-06-25
2661,2045,826,264,5,3,1.3,Best biryani in the city!,2023-04-23
2662,2037,1718,96,4,2,4.5,Will definitely recommend to friends.,2022-07-08
2663,678,657,279,1,5,4.5,Excellent taste and packaging.,2023-06-02
2664,893,1735,276,5,5,1.3,"Decent food, average service.",2023-03-19
2665,1950,1494,172,2,1,1.0,One of my favourite restaurants.,2023-01-05
2666,2307,956,362,3,4,2.2,"Fast delivery, fresh food.",2023-03-13
2667,2042,342,22,2,1,4.6,"Decent food, average service.",2022-02-20
2668,3836,112,107,4,4,3.8,Portion size could be bigger.,2023-07-11
2669,2256,1239,405,5,4,1.4,Restaurant staff was helpful.,2023-12-21
2670,1445,919,390,3,1,3.0,"Fast delivery, fresh food.",2023-01-22
2671,872,870,484,2,4,2.4,"Fast delivery, fresh food.",2022-12-10
2672,1124,706,322,3,2,4.7,Best biryani in the city!,2022-11-29
2673,2957,457,457,1,3,3.8,Best biryani in the city!,2022-07-27
2674,3830,240,299,2,1,4.9,"Good quality, reasonable price.",2022-02-22
2675,1866,808,219,2,5,2.1,"Fast delivery, fresh food.",2023-07-03
2676,2455,1332,239,3,2,1.1,Disappointed with the quality.,2022-12-30
2677,3970,1855,356,5,2,1.2,"Amazing food, will order again!",2022-05-10
2678,2647,760,356,1,3,2.9,Excellent taste and packaging.,2023-06-15
2679,4299,1104,114,2,5,2.7,Food was not as per menu description.,2023-06-04
2680,1885,1937,436,3,2,2.6,"Average food, nothing special.",2022-09-19
2681,1071,419,292,1,2,1.1,Will definitely recommend to friends.,2023-03-25
2682,359,1871,24,1,1,2.8,"Very bad experience, food was cold.",2023-02-01
2683,47,1524,147,5,1,2.1,Food was not as per menu description.,2023-04-27
2684,1088,1036,147,1,1,4.2,Disappointed with the quality.,2022-04-28
2685,2881,545,121,5,3,1.5,Value for money.,2022-07-04
2686,34,478,415,1,1,2.7,Loved the paneer dishes.,2023-07-13
2687,1496,824,155,4,4,2.5,Restaurant staff was helpful.,2022-11-06
2688,2907,254,449,3,5,4.8,"Too oily, not recommended.",2022-05-13
2689,1180,118,196,2,5,1.7,"Very bad experience, food was cold.",2023-06-24
2690,2254,1840,499,1,4,2.5,"Average food, nothing special.",2022-03-09
2691,380,1827,51,3,2,2.1,Delivery was late but food was good.,2023-05-20
2692,3404,480,315,1,1,3.6,"Very bad experience, food was cold.",2023-02-03
2693,3575,1086,370,4,1,4.1,One of my favourite restaurants.,2022-01-12
2694,3448,1069,481,3,3,3.4,Delivery was late but food was good.,2022-07-27
2695,2488,240,476,3,4,3.4,Best biryani in the city!,2022-08-07
2696,1786,1050,294,2,3,1.1,Loved the paneer dishes.,2023-09-15
2697,635,541,276,4,1,2.3,Loved the paneer dishes.,2022-04-25
2698,1746,961,472,5,4,4.5,Will definitely recommend to friends.,2022-04-13
2699,820,669,381,1,5,4.6,Restaurant staff was helpful.,2023-01-13
2700,3799,1224,222,4,5,1.7,Great ambience and service.,2023-02-06
2701,4322,1249,491,4,2,1.4,Best biryani in the city!,2022-03-31
2702,308,1514,240,3,5,4.3,"Amazing food, will order again!",2023-04-17
2703,4804,706,290,1,2,3.5,One of my favourite restaurants.,2022-05-03
2704,5,32,354,1,1,2.2,Great ambience and service.,2023-12-30
2705,968,752,212,4,3,1.6,"Good quality, reasonable price.",2023-03-27
2706,4125,812,62,4,3,2.3,Excellent taste and packaging.,2023-11-24
2707,1508,631,80,4,2,4.3,Delivery was late but food was good.,2022-05-13
2708,1951,645,253,1,1,3.8,Delivery was late but food was good.,2022-10-17
2709,2506,217,41,4,4,1.4,Great ambience and service.,2022-12-23
2710,2803,929,391,5,1,3.5,"Decent food, average service.",2023-01-08
2711,1463,1868,404,4,4,2.1,Value for money.,2022-07-17
2712,4807,1587,9,5,1,4.0,Food was not as per menu description.,2022-02-18
2713,4352,946,158,1,1,2.2,Great ambience and service.,2022-06-27
2714,4028,1098,286,1,3,4.7,"Decent food, average service.",2023-08-22
2715,505,1813,209,4,1,4.9,Disappointed with the quality.,2023-06-23
2716,279,393,497,2,4,4.7,Value for money.,2023-06-15
2717,2514,1558,129,1,5,1.9,One of my favourite restaurants.,2022-08-26
2718,594,1035,78,4,5,2.0,Disappointed with the quality.,2023-09-20
2719,1871,1703,107,4,2,3.1,Will definitely recommend to friends.,2022-12-07
2720,1021,1274,190,5,4,3.4,Hygienic and tasty.,2022-05-15
2721,3959,502,170,1,4,2.0,Excellent taste and packaging.,2022-04-13
2722,2598,1278,463,2,1,4.3,Disappointed with the quality.,2022-11-03
2723,746,246,305,4,1,4.5,Value for money.,2023-10-09
2724,2748,892,407,2,3,3.1,"Too oily, not recommended.",2022-12-21
2725,364,730,347,5,2,1.2,Hygienic and tasty.,2023-07-16
2726,2707,632,45,3,2,2.4,"Very bad experience, food was cold.",2023-08-30
2727,1621,798,326,3,4,2.4,"Amazing food, will order again!",2023-10-28
2728,352,321,484,2,4,3.5,"Very bad experience, food was cold.",2022-07-06
2729,2273,1549,424,5,3,1.0,Food was not as per menu description.,2022-03-30
2730,172,682,261,2,3,3.6,Excellent taste and packaging.,2023-11-11
2731,689,709,330,2,2,4.6,"Too oily, not recommended.",2022-05-18
2732,2325,392,454,1,1,1.2,"Average food, nothing special.",2022-03-27
2733,2236,1860,142,4,1,1.1,"Good quality, reasonable price.",2023-09-07
2734,3822,241,90,1,1,4.3,Delivery was late but food was good.,2022-08-02
2735,650,834,237,5,1,4.7,Portion size could be bigger.,2022-05-28
2736,4323,433,29,2,3,1.1,Great ambience and service.,2022-09-06
2737,4046,1193,417,1,3,4.4,"Average food, nothing special.",2022-07-30
2738,320,556,124,1,5,4.5,"Average food, nothing special.",2023-12-01
2739,785,1141,102,1,4,2.8,Delivery was late but food was good.,2022-08-03
2740,1918,1564,129,5,3,1.1,Will definitely recommend to friends.,2022-03-13
2741,1734,402,211,3,5,1.2,Excellent taste and packaging.,2022-05-10
2742,987,494,225,5,4,1.5,"Too oily, not recommended.",2023-06-25
2743,732,1773,477,5,3,2.7,Disappointed with the quality.,2022-01-01
2744,2818,1977,355,4,5,2.9,Loved the paneer dishes.,2022-10-23
2745,3530,739,21,4,1,5.0,"Fast delivery, fresh food.",2023-06-27
2746,4454,635,31,3,4,1.5,"Good quality, reasonable price.",2023-05-13
2747,3827,231,7,3,5,2.4,Excellent taste and packaging.,2022-06-18
2748,3299,1474,148,1,5,4.3,"Good quality, reasonable price.",2023-03-01
2749,4311,290,455,3,5,3.5,"Too oily, not recommended.",2022-07-17
2750,2240,1951,88,2,5,3.7,"Decent food, average service.",2023-02-15
2751,4367,358,117,1,4,4.2,Excellent taste and packaging.,2022-11-10
2752,2001,736,244,4,5,4.1,"Decent food, average service.",2023-11-24
2753,2789,247,394,1,1,3.8,"Too oily, not recommended.",2022-10-30
2754,593,1839,272,2,2,3.7,"Good quality, reasonable price.",2022-02-23
2755,87,266,312,3,5,2.7,Food was not as per menu description.,2022-05-23
2756,3241,471,262,1,2,2.8,Value for money.,2022-11-28
2757,3776,522,399,1,2,1.1,Great ambience and service.,2022-03-31
2758,1775,602,214,3,2,4.6,One of my favourite restaurants.,2023-01-21
2759,331,875,145,5,2,2.9,"Amazing food, will order again!",2022-01-09
2760,976,951,162,4,2,2.5,"Fast delivery, fresh food.",2022-07-28
2761,4969,1007,242,5,1,2.2,Excellent taste and packaging.,2023-07-02
2762,3188,927,343,1,1,4.6,One of my favourite restaurants.,2022-07-16
2763,4356,28,443,1,3,4.1,Great ambience and service.,2022-06-16
2764,1172,397,41,2,5,3.3,"Amazing food, will order again!",2022-10-26
2765,1649,1059,35,2,5,3.9,Loved the paneer dishes.,2023-12-23
2766,26,184,396,4,2,3.8,Great ambience and service.,2023-08-25
2767,2279,879,312,1,5,3.7,Hygienic and tasty.,2022-03-31
2768,248,1313,164,2,3,4.8,Loved the paneer dishes.,2022-03-13
2769,3031,566,365,3,3,3.2,"Too oily, not recommended.",2022-06-21
2770,2641,1871,498,3,4,3.9,Excellent taste and packaging.,2023-06-27
2771,3789,1011,457,4,5,3.3,Portion size could be bigger.,2023-01-13
2772,3972,1783,43,3,2,3.2,Restaurant staff was helpful.,2022-11-03
2773,1222,820,407,1,5,3.9,"Very bad experience, food was cold.",2022-08-04
2774,4884,291,362,1,5,4.9,"Average food, nothing special.",2022-03-07
2775,63,251,337,1,1,1.8,Loved the paneer dishes.,2022-07-11
2776,4860,863,170,3,4,2.1,"Decent food, average service.",2022-03-02
2777,2490,843,443,2,5,3.6,"Too oily, not recommended.",2023-08-13
2778,1212,1096,140,1,3,4.9,Hygienic and tasty.,2022-05-12
2779,3950,352,129,5,3,3.2,"Amazing food, will order again!",2023-09-21
2780,786,1726,5,2,1,2.7,"Average food, nothing special.",2023-05-08
2781,835,527,167,5,4,4.3,One of my favourite restaurants.,2022-10-05
2782,4479,1313,392,2,2,1.1,"Fast delivery, fresh food.",2022-01-07
2783,638,1595,172,2,5,3.9,"Amazing food, will order again!",2022-03-05
2784,2231,1391,237,5,5,4.0,Best biryani in the city!,2023-10-04
2785,4168,1554,408,3,5,4.7,"Average food, nothing special.",2023-12-11
2786,2976,1295,123,3,5,3.9,Value for money.,2023-03-04
2787,2139,1676,476,4,3,4.8,Portion size could be bigger.,2023-07-09
2788,434,504,349,4,2,1.4,Great ambience and service.,2023-03-05
2789,3491,962,471,1,5,1.3,"Very bad experience, food was cold.",2022-02-27
2790,1664,334,144,2,2,1.0,"Fast delivery, fresh food.",2022-02-09
2791,3624,416,406,2,3,2.4,"Very bad experience, food was cold.",2022-10-18
2792,3400,1256,216,3,3,1.5,"Decent food, average service.",2023-12-23
2793,3941,1961,156,5,4,2.3,Will definitely recommend to friends.,2023-12-05
2794,2807,989,403,3,2,2.0,One of my favourite restaurants.,2023-10-09
2795,4233,1027,30,1,4,3.4,"Average food, nothing special.",2023-09-11
2796,96,1906,272,1,3,2.0,Great ambience and service.,2023-05-20
2797,634,1643,35,4,1,1.3,Great ambience and service.,2022-07-05
2798,151,490,453,4,1,1.1,Delivery was late but food was good.,2022-07-13
2799,4196,1974,306,3,2,4.7,"Amazing food, will order again!",2023-07-01
2800,4827,398,161,4,3,4.1,"Too oily, not recommended.",2022-03-03
2801,4187,1435,79,4,3,4.7,"Too oily, not recommended.",2022-04-23
2802,3730,1915,17,4,1,2.9,Excellent taste and packaging.,2023-09-28
2803,3810,957,14,2,4,1.4,Great ambience and service.,2023-04-25
2804,620,1417,37,3,2,2.9,Portion size could be bigger.,2022-02-01
2805,1612,935,2,3,1,3.9,Food was not as per menu description.,2023-01-23
2806,3572,1472,3,3,3,2.9,Excellent taste and packaging.,2022-12-21
2807,4865,341,288,2,5,3.3,"Very bad experience, food was cold.",2023-08-17
2808,1193,1563,246,3,5,4.4,"Too oily, not recommended.",2023-03-28
2809,1994,1986,84,4,4,1.3,Loved the paneer dishes.,2022-02-28
2810,4395,354,358,3,5,3.7,"Very bad experience, food was cold.",2022-02-25
2811,1513,813,129,4,3,4.1,Excellent taste and packaging.,2023-11-26
2812,4743,217,356,1,2,1.8,"Too oily, not recommended.",2022-06-06
2813,2953,377,430,4,2,1.1,Excellent taste and packaging.,2022-11-01
2814,975,636,126,5,1,4.5,Great ambience and service.,2022-02-12
2815,1810,741,111,5,1,3.4,"Good quality, reasonable price.",2022-09-20
2816,4771,317,171,2,3,4.3,Portion size could be bigger.,2022-07-24
2817,2777,1285,300,5,4,2.7,Hygienic and tasty.,2022-06-07
2818,4115,1661,189,5,2,1.3,Great ambience and service.,2023-11-05
2819,385,779,410,1,3,1.9,"Average food, nothing special.",2023-08-22
2820,244,567,398,5,4,1.6,Value for money.,2022-07-11
2821,4589,1243,182,1,2,2.5,"Average food, nothing special.",2022-11-27
2822,3510,961,370,2,4,4.8,Hygienic and tasty.,2023-01-28
2823,697,1443,498,1,4,3.5,"Good quality, reasonable price.",2023-03-25
2824,3705,1065,373,2,3,4.1,"Decent food, average service.",2022-07-09
2825,4372,924,57,1,2,3.5,Will definitely recommend to friends.,2022-01-13
2826,3757,1635,212,4,4,3.2,One of my favourite restaurants.,2022-11-07
2827,4917,1598,137,1,3,4.3,Loved the paneer dishes.,2023-06-30
2828,920,1774,318,2,1,2.7,"Average food, nothing special.",2022-11-22
2829,901,1841,175,2,2,1.5,Value for money.,2023-04-27
2830,1756,259,211,4,5,4.4,Portion size could be bigger.,2022-12-10
2831,4613,1371,497,2,2,4.9,Value for money.,2022-04-02
2832,4715,1114,78,3,1,1.8,Excellent taste and packaging.,2023-03-01
2833,633,570,456,3,2,1.7,Value for money.,2022-04-18
2834,1574,552,474,1,4,1.4,"Amazing food, will order again!",2023-06-01
2835,3784,242,372,2,1,2.0,"Amazing food, will order again!",2022-09-06
2836,1460,593,52,5,4,1.9,Restaurant staff was helpful.,2022-07-24
2837,3091,125,383,2,5,3.4,"Too oily, not recommended.",2022-11-12
2838,1592,1384,72,2,3,1.4,Food was not as per menu description.,2023-01-02
2839,2475,1704,354,3,1,4.5,"Good quality, reasonable price.",2023-01-19
2840,541,1152,172,4,1,2.2,"Average food, nothing special.",2022-04-08
2841,3845,1371,41,2,1,4.5,"Amazing food, will order again!",2023-05-23
2842,743,1162,35,2,1,2.1,"Average food, nothing special.",2022-10-26
2843,2417,1536,234,3,4,3.4,"Very bad experience, food was cold.",2022-03-07
2844,229,535,201,5,5,1.5,Loved the paneer dishes.,2023-03-14
2845,1009,474,11,1,1,2.6,Disappointed with the quality.,2023-12-25
2846,4800,201,284,1,2,1.5,"Fast delivery, fresh food.",2022-11-12
2847,3586,1609,259,5,4,2.1,"Decent food, average service.",2023-10-16
2848,1297,1959,219,5,3,1.5,Excellent taste and packaging.,2022-11-14
2849,718,1115,201,3,2,1.6,Loved the paneer dishes.,2022-11-03
2850,4526,969,179,4,2,2.1,Restaurant staff was helpful.,2022-05-31
2851,838,1097,220,2,5,2.8,Loved the paneer dishes.,2023-07-26
2852,529,1808,190,1,4,4.1,Delivery was late but food was good.,2022-08-13
2853,4836,460,74,3,4,4.6,One of my favourite restaurants.,2023-05-27
2854,4370,255,54,4,4,1.5,Loved the paneer dishes.,2023-05-18
2855,810,718,185,5,1,2.6,"Good quality, reasonable price.",2023-07-14
2856,3331,1943,370,2,4,3.3,"Fast delivery, fresh food.",2022-05-22
2857,2950,1504,316,4,3,4.1,"Very bad experience, food was cold.",2023-12-18
2858,83,452,351,2,2,4.8,One of my favourite restaurants.,2022-09-22
2859,2166,246,392,4,1,4.1,Food was not as per menu description.,2022-07-06
2860,4646,937,231,5,4,1.0,"Good quality, reasonable price.",2022-08-23
2861,3905,502,411,3,5,3.7,"Good quality, reasonable price.",2023-02-06
2862,2501,1652,73,1,1,4.1,Portion size could be bigger.,2023-12-21
2863,4514,752,127,3,5,2.2,"Good quality, reasonable price.",2022-12-17
2864,2734,873,87,2,4,3.9,Delivery was late but food was good.,2022-07-26
2865,3570,157,240,2,2,2.6,"Average food, nothing special.",2023-10-23
2866,1113,447,33,3,4,3.4,One of my favourite restaurants.,2023-07-30
2867,4779,1174,421,3,5,2.4,"Decent food, average service.",2022-10-21
2868,90,561,92,1,5,2.1,"Average food, nothing special.",2023-02-05
2869,1319,1826,164,1,1,4.4,"Amazing food, will order again!",2022-05-01
2870,2192,450,104,1,1,1.8,Best biryani in the city!,2023-07-04
2871,2821,1719,415,1,4,1.8,Loved the paneer dishes.,2022-06-01
2872,1901,1738,387,2,1,3.8,"Very bad experience, food was cold.",2023-04-19
2873,1589,1474,419,1,3,4.2,Portion size could be bigger.,2022-04-05
2874,3143,1742,110,4,5,1.9,Restaurant staff was helpful.,2022-10-10
2875,1728,44,5,1,5,4.0,Will definitely recommend to friends.,2022-05-04
2876,791,398,404,1,4,1.1,"Good quality, reasonable price.",2023-05-18
2877,2319,92,60,1,4,2.8,Disappointed with the quality.,2023-07-08
2878,4097,549,16,3,5,1.7,Best biryani in the city!,2023-10-10
2879,342,1891,200,3,4,3.8,Disappointed with the quality.,2023-07-20
2880,4283,633,20,3,3,2.0,Loved the paneer dishes.,2023-10-07
2881,4755,513,95,1,5,2.0,Will definitely recommend to friends.,2022-05-11
2882,1606,1002,147,4,5,1.7,Portion size could be bigger.,2023-01-10
2883,2885,1697,476,3,2,1.4,Portion size could be bigger.,2022-04-03
2884,3855,411,12,3,1,4.5,Hygienic and tasty.,2023-08-08
2885,4295,177,467,3,4,4.2,Portion size could be bigger.,2022-05-29
2886,981,1115,345,3,5,3.0,Food was not as per menu description.,2023-03-11
2887,1511,1720,319,5,3,4.3,Hygienic and tasty.,2022-01-04
2888,1559,205,388,5,4,3.0,"Fast delivery, fresh food.",2023-01-14
2889,2743,1767,264,3,5,1.7,Best biryani in the city!,2022-09-01
2890,3933,1893,370,2,3,1.6,Disappointed with the quality.,2023-01-11
2891,2097,850,407,1,1,1.9,"Decent food, average service.",2023-02-21
2892,2289,1918,207,1,1,1.3,Portion size could be bigger.,2022-02-27
2893,4676,861,10,2,2,4.7,"Good quality, reasonable price.",2023-07-26
2894,4548,423,465,2,1,1.9,Will definitely recommend to friends.,2022-09-08
2895,4830,939,103,3,4,3.3,Loved the paneer dishes.,2022-01-26
2896,3485,158,134,3,2,4.9,Loved the paneer dishes.,2023-04-04
2897,4570,1172,407,2,3,3.2,Hygienic and tasty.,2022-02-17
2898,2005,912,482,2,4,4.4,"Fast delivery, fresh food.",2022-03-10
2899,488,29,329,5,4,1.2,Loved the paneer dishes.,2022-03-11
2900,373,404,199,2,3,1.5,Food was not as per menu description.,2023-06-02
2901,3179,428,478,5,1,4.4,"Very bad experience, food was cold.",2022-05-22
2902,2412,1663,478,5,3,3.2,"Average food, nothing special.",2023-12-27
2903,1331,1586,360,2,1,2.7,Delivery was late but food was good.,2022-04-09
2904,1961,952,273,2,4,2.4,Value for money.,2022-11-06
2905,3711,1742,105,5,1,4.4,Will definitely recommend to friends.,2022-01-13
2906,1687,1492,408,5,1,2.6,"Too oily, not recommended.",2023-07-27
2907,4931,1624,432,4,4,3.0,"Amazing food, will order again!",2022-09-30
2908,1743,473,351,3,4,1.1,"Very bad experience, food was cold.",2022-06-27
2909,3354,264,187,4,1,3.0,Excellent taste and packaging.,2023-09-11
2910,3175,1808,472,5,4,2.0,"Decent food, average service.",2023-11-14
2911,1635,1045,249,1,5,2.3,Loved the paneer dishes.,2022-07-16
2912,2970,475,311,1,4,4.2,"Amazing food, will order again!",2023-05-18
2913,2579,158,458,3,1,4.2,Best biryani in the city!,2023-01-14
2914,4084,699,360,2,3,3.9,Excellent taste and packaging.,2023-05-07
2915,4218,1295,339,1,1,2.8,Disappointed with the quality.,2022-12-05
2916,3561,1674,94,2,4,1.7,"Decent food, average service.",2023-04-29
2917,1315,426,144,5,4,4.5,"Too oily, not recommended.",2023-01-13
2918,1294,1578,346,1,5,3.5,Disappointed with the quality.,2022-09-29
2919,298,810,1,4,2,3.0,"Average food, nothing special.",2022-04-25
2920,4344,1953,422,5,2,5.0,Best biryani in the city!,2023-11-27
2921,2992,517,190,2,2,1.8,"Decent food, average service.",2023-04-28
2922,2359,1588,484,2,5,4.1,Loved the paneer dishes.,2023-02-09
2923,3337,552,357,2,1,4.2,Food was not as per menu description.,2023-03-11
2924,4184,1110,131,5,4,1.3,Best biryani in the city!,2022-04-26
2925,423,93,140,1,1,3.2,"Average food, nothing special.",2023-03-18
2926,120,629,287,4,3,2.8,Portion size could be bigger.,2022-03-29
2927,210,579,229,3,3,2.4,Restaurant staff was helpful.,2022-09-09
2928,4069,1363,5,1,2,2.0,Best biryani in the city!,2022-11-10
2929,1190,1908,130,2,5,2.3,Excellent taste and packaging.,2023-07-28
2930,2087,1232,402,3,5,2.9,Loved the paneer dishes.,2022-07-13
2931,1032,958,325,3,2,3.1,"Too oily, not recommended.",2023-11-24
2932,149,553,362,5,1,3.2,Great ambience and service.,2023-11-16
2933,4320,93,152,4,2,1.5,"Average food, nothing special.",2023-09-05
2934,2071,1021,160,3,5,1.2,"Very bad experience, food was cold.",2023-10-04
2935,1608,1538,153,5,4,2.1,"Amazing food, will order again!",2022-07-21
2936,2129,365,431,4,1,3.1,Hygienic and tasty.,2023-10-28
2937,1825,649,223,3,3,3.4,"Decent food, average service.",2022-12-24
2938,4644,1425,152,2,5,1.9,Restaurant staff was helpful.,2023-09-11
2939,3341,1339,144,5,1,4.6,Food was not as per menu description.,2022-11-25
2940,2288,315,2,1,1,4.5,Restaurant staff was helpful.,2022-09-14
2941,2408,81,129,4,3,2.3,"Amazing food, will order again!",2023-03-21
2942,4528,612,139,2,3,3.3,"Amazing food, will order again!",2023-04-20
2943,3013,927,391,4,5,4.1,Great ambience and service.,2023-02-17
2944,2998,598,458,1,2,1.3,Delivery was late but food was good.,2023-08-23
2945,2529,1720,458,1,5,4.5,"Too oily, not recommended.",2022-02-08
2946,668,30,267,2,2,4.7,Loved the paneer dishes.,2022-12-06
2947,1924,646,282,2,3,1.0,Delivery was late but food was good.,2022-07-01
2948,941,22,23,1,4,1.1,Loved the paneer dishes.,2023-08-16
2949,2554,733,203,4,2,4.4,"Very bad experience, food was cold.",2022-01-28
2950,1648,787,167,2,5,1.0,"Fast delivery, fresh food.",2022-09-23
2951,2871,328,419,5,5,1.6,Disappointed with the quality.,2023-04-20
2952,1476,1235,330,3,2,2.9,Hygienic and tasty.,2023-06-09
2953,3000,1088,66,2,4,1.2,Disappointed with the quality.,2022-08-03
2954,310,1431,496,4,4,3.5,Best biryani in the city!,2022-02-03
2955,503,454,429,5,3,4.6,Disappointed with the quality.,2023-12-25
2956,170,603,263,3,5,2.8,"Too oily, not recommended.",2023-06-07
2957,3438,346,199,5,5,4.5,"Fast delivery, fresh food.",2022-08-20
2958,2214,212,486,2,3,4.8,Loved the paneer dishes.,2023-10-31
2959,2149,1155,420,2,1,1.9,Will definitely recommend to friends.,2022-10-12
2960,3379,1191,350,5,5,3.0,"Decent food, average service.",2022-01-03
2961,3356,1919,465,5,1,2.1,Hygienic and tasty.,2022-05-13
2962,1085,1226,171,2,2,2.8,Value for money.,2023-09-23
2963,4796,1927,485,3,4,2.7,Best biryani in the city!,2022-09-14
2964,2703,1372,299,2,3,1.5,Hygienic and tasty.,2022-11-03
2965,4451,770,293,5,3,4.5,Delivery was late but food was good.,2023-04-06
2966,4224,566,66,5,3,1.7,Value for money.,2022-03-21
2967,545,406,342,1,2,4.2,"Fast delivery, fresh food.",2022-06-11
2968,2119,374,387,5,4,4.8,Excellent taste and packaging.,2023-10-11
2969,4745,1978,54,3,4,2.4,Best biryani in the city!,2022-08-31
2970,3174,1933,194,2,1,4.5,Great ambience and service.,2023-04-15
2971,4799,1478,100,4,5,2.3,Hygienic and tasty.,2023-10-13
2972,3507,577,200,2,3,3.9,Disappointed with the quality.,2023-08-17
2973,1548,939,452,4,5,4.0,Portion size could be bigger.,2023-03-01
2974,2706,1556,302,2,4,4.4,Will definitely recommend to friends.,2023-01-29
2975,1138,640,62,2,4,4.4,"Too oily, not recommended.",2023-04-10
2976,3643,1632,58,4,3,2.8,Excellent taste and packaging.,2023-11-28
2977,3067,1819,364,2,1,2.7,"Too oily, not recommended.",2022-07-13
2978,496,1193,151,1,5,2.0,Delivery was late but food was good.,2023-09-15
2979,203,180,321,4,4,2.5,"Very bad experience, food was cold.",2023-03-12
2980,2778,379,159,4,3,2.5,Value for money.,2023-12-17
2981,1824,172,98,1,1,2.4,Best biryani in the city!,2023-08-01
2982,4949,588,9,3,4,2.4,Loved the paneer dishes.,2022-04-19
2983,2802,470,201,5,5,3.0,"Amazing food, will order again!",2022-01-27
2984,4734,846,253,2,3,4.9,Food was not as per menu description.,2022-05-21
2985,8,420,139,3,1,4.2,Delivery was late but food was good.,2023-08-25
2986,4121,1426,25,3,2,3.2,Value for money.,2023-04-05
2987,3869,386,335,2,1,3.0,Value for money.,2022-03-22
2988,3127,936,352,1,2,1.3,"Good quality, reasonable price.",2023-07-13
2989,1471,884,57,2,3,2.4,Disappointed with the quality.,2023-06-12
2990,116,405,436,1,4,1.2,Loved the paneer dishes.,2023-10-22
2991,105,1678,63,5,1,3.4,Value for money.,2022-10-12
2992,4491,22,454,5,3,3.0,"Amazing food, will order again!",2023-10-13
2993,1055,1373,328,4,3,2.3,Portion size could be bigger.,2023-08-08
2994,2850,1291,367,5,4,3.2,"Amazing food, will order again!",2022-03-14
2995,237,822,123,1,5,3.8,Value for money.,2022-02-20
2996,173,1573,429,3,2,3.2,Great ambience and service.,2023-08-13
2997,4848,1810,161,1,2,2.6,Food was not as per menu description.,2022-08-30
2998,211,179,92,4,3,2.0,Portion size could be bigger.,2022-07-01
2999,3446,1938,444,2,5,3.5,Hygienic and tasty.,2023-07-05
3000,894,168,302,4,5,4.3,"Decent food, average service.",2023-01-10
